ObsID,PI,Observer,Region,Year,Month,Day,DOY,StartHr,StartMin,SurvMin,PredDur,ObsMin,PreObsMin,Status,Site,Description,Access,Loc,Lat,Lon,Unit,Model,Tilt,Radius,Max,Dir,MamuIn,MamuOut,MamuInPD,MaxByYear,DetMax,DetIn,DetOut,DetInPD,DetMaxByYear,Comments,Sun,Start,MamuIn 90 min predawn,MamuIn prior to 90 min predawn,Survey time over 90min Predawn,Sunrise
CC98010018,"Chatwin, Trudy",Kate A. Paul,CC,1998,6,1,152,3,22,182,120,0,0,Complete,Kakweikan,Kakweikan 1,Shore,Coastal,50.80105772,-126.0129322,Trudys (MOE),FR-7111,25,0.5,325,Incoming,325,148,325,325,81,81,53,81,81,,322,202,296,29,30,5:22:00
CC98010019,"Chatwin, Trudy",Paul G. Levesque,CC,1998,6,1,152,20,31,122,0,0,0,Complete,Kakweikan,Kakweikan 1,Shore,Coastal,50.80105772,-126.0129322,Trudys (MOE),FR-7111,25,0.75,11,Incoming,11,6,0,,5,9,5,0,,,316,1231,,,,5:16:00
CC98010020,"Chatwin, Trudy",Paul G. Levesque,CC,1998,6,2,153,3,22,180,120,0,0,Complete,Kakweikan,Kakweikan 1,Shore,Coastal,50.80105772,-126.0129322,Trudys (MOE),FR-7111,25,0.75,141,Incoming,141,118,141,,42,41,42,41,,,322,202,137,4,30,5:22:00
CC98010021,"Chatwin, Trudy",Bernard K. Schroeder,CC,1998,6,2,153,20,35,120,0,0,0,Complete,Ahta,Ahta,Shore,Coastal,50.86569935,-126.1656798,Trudys (MOE),FR-7111,25,0.5,11,Incoming,11,5,0,,3,8,3,0,,,315,1235,,,,5:15:33
CC98010022,"Chatwin, Trudy",Bernard K. Schroeder,CC,1998,6,3,154,3,21,180,120,0,0,Complete,Ahta,Ahta,Shore,Coastal,50.86569935,-126.1656798,Trudys (MOE),FR-7111,25,0.75,62,Incoming,63,44,62,62,37,32,37,31,37,,321,201,62,,,5:21:00
CC98010023,"Chatwin, Trudy",Kate A. Paul,CC,1998,6,3,154,20,35,120,0,0,0,Complete,Ahta,Ahta,Shore,Coastal,50.86569935,-126.1656798,Trudys (MOE),FR-7111,25,0.75,5,Incoming,5,3,0,,3,5,3,0,,,314,1235,,,,5:14:52
CC98010024,"Chatwin, Trudy",Kate A. Paul,CC,1998,6,4,155,3,20,180,120,0,0,Complete,Ahta,Ahta,Shore,Coastal,50.86569935,-126.1656798,Trudys (MOE),FR-7111,25,0.75,41,Incoming,41,25,41,,29,29,16,29,,,320,200,29,12,30,5:20:00
CC98010025,"Chatwin, Trudy",Bernard K. Schroeder,CC,1998,6,5,156,4,25,51,55,65,,Excluded,Wakeman,Wakeman,Shore,Coastal,51.02748916,-126.5086804,Trudys (MOE),FR-7111,25,0.75,81,Incoming,89,72,81,,38,40,38,34,,technical difficulties - late start,320,265,81,,,5:20:00
CC98010026,"Chatwin, Trudy",Bernard K. Schroeder,CC,1998,6,5,156,21,28,70,0,0,0,Complete,Wakeman,Wakeman,Shore,Coastal,51.02748916,-126.5086804,Trudys (MOE),FR-7111,25,0.75,41,Incoming,41,7,0,,5,24,5,0,,,314,1288,,,,5:14:10
CC98010027,"Chatwin, Trudy",Bernard K. Schroeder,CC,1998,6,6,157,3,19,181,121,0,0,Complete,Wakeman,Wakeman,Shore,Coastal,51.02748916,-126.5086804,Trudys (MOE),FR-7111,25,0.75,250,Incoming,252,89,250,250,67,69,53,67,67,,320,199,250,,,5:20:00
AS05010001,"Cullen, Sean",Unknown,AS,2005,6,21,172,2,51,180,120,0,0,Complete,POR 01,POR 01,Shore,Inland,57.02167967,-131.6309719,Trudys (MOE),FR-7111,25,0.75,0,,0,0,0,0,0,0,0,0,0,,291,171,,,,4:51:29
AS05010002,"Cullen, Sean",Unknown,AS,2005,6,22,173,2,51,180,120,0,0,Complete,POR 02,POR 02,Shore,Inland,57.00644006,-131.5730693,Trudys (MOE),FR-7111,25,0.75,0,,0,0,0,0,0,0,0,0,0,,291,171,,,,4:51:39
AS05010003,"Cullen, Sean",Unknown,AS,2005,6,23,174,2,52,180,120,0,0,Complete,POR 03,POR 03,Shore,Inland,57.03580776,-131.6682369,Trudys (MOE),FR-7111,25,0.5,0,,0,0,0,0,0,0,0,0,0,,292,172,,,,4:52:08
AS05010004,"Cullen, Sean",Unknown,AS,2005,6,24,175,2,55,180,120,0,0,Complete,STI 01,STI 01,Shore,Inland,56.71227315,-131.7900753,Trudys (MOE),FR-7111,25,0.75,10,Incoming,10,0,0,0,0,10,0,0,0,,295,175,,,,4:55:42
CC98010001,"Chatwin, Trudy",Kate A. Paul,CC,1998,5,22,142,3,8,98,139,101,,Excluded,Apple,Apple,Shore,Coastal,50.71565409,-125.4364894,Trudys (MOE),FR-7111,25,0.5,6,Outgoing,6,6,5,,6,4,6,3,,,327,188,5,,,5:27:00
CC98010002,"Chatwin, Trudy",Kate A. Paul,CC,1998,5,22,142,20,40,99,0,0,0,Complete,Apple,Apple,Shore,Coastal,50.71565409,-125.4364894,Trudys (MOE),FR-7111,25,0.5,18,Outgoing,13,18,0,,14,12,14,0,,,323,1240,,,,5:23:50
CC98010003,"Chatwin, Trudy",Bernard K. Schroeder,CC,1998,5,23,143,3,25,100,120,80,,Excluded,Apple,Apple,Shore,Coastal,50.71565409,-125.4364894,Trudys (MOE),FR-7111,25,0.75,52,Incoming,55,28,52,52,32,35,22,32,32,,325,205,52,,,5:25:00
CC98010004,"Chatwin, Trudy",Kate A. Paul,CC,1998,5,23,143,20,30,26,0,75,,Excluded,Stafford,Stafford,Shore,Coastal,50.71789666,-125.4623916,Trudys (MOE),FR-7111,25,0.75,5,Incoming,5,2,0,,2,4,2,0,,,322,1230,,,,5:22:46
CC98010005,"Chatwin, Trudy",Kate A. Paul,CC,1998,5,24,144,3,24,61,120,120,,Excluded,Stafford,Stafford,Shore,Coastal,50.71789666,-125.4623916,Trudys (MOE),FR-7111,25,0.75,8,Incoming,8,5,8,8,6,6,5,6,6,,324,204,8,,,5:24:00
CC98010006,"Chatwin, Trudy",Paul G. Levesque,CC,1998,5,24,144,20,47,0,0,100,,Excluded,Stafford,Stafford,Shore,Coastal,50.71789666,-125.4623916,Trudys (MOE),FR-7111,25,0.75,0,,0,0,0,,0,0,0,0,,,321,1247,,,,5:21:39
CC98010007,"Chatwin, Trudy",Kate A. Paul,CC,1998,5,25,145,3,25,0,118,155,,Excluded,Stafford,Stafford,Shore,Coastal,50.71789666,-125.4623916,Trudys (MOE),FR-7111,25,0.75,0,,0,0,0,,0,0,0,0,,,323,205,,,,5:23:00
CC98010008,"Chatwin, Trudy",Bernard K. Schroeder,CC,1998,5,26,146,3,22,179,126,7,,Complete,Kwalate,Kwalate,Shore,Coastal,50.77941578,-125.6832791,Trudys (MOE),FR-7111,25,0.5,156,Incoming,175,44,156,,45,58,28,45,,,328,202,153,3,36,5:28:00
CC98010009,"Chatwin, Trudy",Kate A. Paul,CC,1998,5,26,146,21,41,34,0,0,0,Complete,Kwalate,Kwalate,Shore,Coastal,50.77941578,-125.6832791,Trudys (MOE),FR-7111,25,0.5,11,Incoming,11,4,0,,4,9,4,0,,,320,1301,,,,5:20:08
CC98010010,"Chatwin, Trudy",Bernard K. Schroeder,CC,1998,5,27,147,3,37,173,110,0,0,Complete,Kwalate,Kwalate,Shore,Coastal,50.77941578,-125.6832791,Trudys (MOE),FR-7111,25,0.5,194,Incoming,212,58,194,194,55,67,33,55,55,,327,217,193,1,20,5:27:00
CC98010011,"Chatwin, Trudy",Kate A. Paul,CC,1998,5,27,147,20,31,42,0,75,,Excluded,Sim,Sim,Shore,Coastal,51.01913179,-125.6024704,Trudys (MOE),FR-7111,25,0.5,8,Incoming,8,1,0,,1,5,1,0,,,317,1231,,,,5:17:41
CC98010012,"Chatwin, Trudy",Bernard K. Schroeder,CC,1998,5,28,148,3,26,184,120,0,0,Complete,Sim,Sim,Shore,Coastal,51.01913179,-125.6024704,Trudys (MOE),FR-7111,25,0.5,30,Incoming,33,15,30,,19,22,10,19,,,326,206,30,,,5:26:00
CC98010013,"Chatwin, Trudy",Kate A. Paul,CC,1998,5,29,149,3,25,180,120,0,0,Complete,Sim,Sim,Shore,Coastal,51.01913179,-125.6024704,Trudys (MOE),FR-7111,25,0.5,44,Incoming,47,14,44,44,31,32,13,31,31,,325,205,26,18,30,5:25:00
CC98010014,"Chatwin, Trudy",Kate A. Paul,CC,1998,5,29,149,20,45,106,0,0,0,Complete,Ahnuhati,Ahnuhati,Shore,Coastal,50.88970728,-125.6361596,Trudys (MOE),FR-7111,25,0.5,11,Incoming,11,11,0,,9,7,9,0,,,316,1245,,,,5:16:33
CC98010015,"Chatwin, Trudy",Kate A. Paul,CC,1998,5,30,150,3,25,186,119,0,0,Complete,Ahnuhati,Ahnuhati,Shore,Coastal,50.88970728,-125.6361596,Trudys (MOE),FR-7111,25,0.5,22,Incoming,22,3,22,,15,15,3,15,,,324,205,17,5,29,5:24:00
CC98010016,"Chatwin, Trudy",Kate A. Paul,CC,1998,5,30,150,20,50,101,0,0,0,Complete,Ahnuhati,Ahnuhati,Shore,Coastal,50.88970728,-125.6361596,Trudys (MOE),FR-7111,25,0.5,8,Incoming,8,3,0,,2,5,2,0,,,315,1250,,,,5:15:41
CC98010017,"Chatwin, Trudy",Kate A. Paul,CC,1998,5,31,151,3,21,188,122,0,0,Complete,Ahnuhati,Ahnuhati,Shore,Coastal,50.88970728,-125.6361596,Trudys (MOE),FR-7111,25,0.5,99,Incoming,103,41,99,99,48,51,29,48,48,,323,201,95,4,32,5:23:00
CC98010028,"Chatwin, Trudy",Kate A. Paul,CC,1998,6,13,164,3,10,180,120,0,0,Complete,Walkum,Walkum,Shore,Coastal,51.3497128,-127.0617586,Trudys (MOE),FR-7111,25,0.75,26,Incoming,27,13,26,26,22,23,10,22,22,,310,190,25,1,30,5:10:00
CC98010029,"Chatwin, Trudy",Bernard K. Schroeder,CC,1998,6,13,164,22,22,-67,0,95,,Excluded,Nekite,Nekite 1,Shore,Coastal,51.37429198,-127.1213571,Trudys (MOE),FR-7111,25,0.5,14,Outgoing,10,14,0,,7,9,7,0,,,311,1342,,,,5:11:40
CC98010030,"Chatwin, Trudy",Bernard K. Schroeder,CC,1998,6,14,165,3,10,30,120,150,,Excluded,Nekite,Nekite 1,Shore,Coastal,51.37429198,-127.1213571,Trudys (MOE),FR-7111,25,0.5,17,Incoming,17,1,17,,9,9,1,9,,,310,190,17,,,5:10:00
CC98010031,"Chatwin, Trudy",Kate A. Paul,CC,1998,6,14,165,21,12,15,0,80,,Excluded,Nekite,Nekite 1,Shore,Coastal,51.37429198,-127.1213571,Trudys (MOE),FR-7111,25,0.5,3,Incoming,3,1,0,,1,3,1,0,,,311,1272,,,,5:11:30
CC98010032,"Chatwin, Trudy",Kate A. Paul,CC,1998,6,15,166,3,12,38,117,140,,Excluded,Nekite,Nekite 1,Shore,Coastal,51.37429198,-127.1213571,Trudys (MOE),FR-7111,25,0.5,57,Incoming,57,8,57,57,27,27,6,27,27,,309,192,55,2,27,5:09:00
CC98010033,"Chatwin, Trudy",Bernard K. Schroeder,CC,1998,6,15,166,22,0,6,0,50,,Excluded,Draney,Draney,Shore,Coastal,51.40390308,-127.2747786,Trudys (MOE),FR-7111,25,0.5,5,Incoming,5,5,0,,5,5,5,0,,,311,1320,,,,5:11:50
CC98010034,"Chatwin, Trudy",Bernard K. Schroeder,CC,1998,6,16,167,3,10,180,120,0,0,Complete,Draney,Draney,Shore,Coastal,51.40390308,-127.2747786,Trudys (MOE),FR-7111,25,0.5,32,Incoming,33,27,32,32,23,24,21,23,23,,310,190,31,1,30,5:10:00
CC98010035,"Chatwin, Trudy",Paul G. Levesque,CC,1998,6,16,167,21,56,57,0,0,0,Complete,Draney,Draney,Shore,Coastal,51.40390308,-127.2747786,Trudys (MOE),FR-7111,25,0.5,10,Outgoing,0,10,0,,9,0,9,0,,,311,1316,,,,5:11:46
CC98010036,"Chatwin, Trudy",Paul G. Levesque,CC,1998,6,17,168,3,3,2,121,180,,Excluded,Draney,Draney,Shore,Coastal,51.40390308,-127.2747786,Trudys (MOE),FR-7111,25,0.5,10,Incoming,10,6,10,,9,9,6,9,,,304,183,10,,,5:04:00
CC98010037,"Chatwin, Trudy",Bernard K. Schroeder,CC,1998,6,17,168,21,5,105,0,0,0,Complete,Wannock,Wannock,Shore,Coastal,51.68239093,-127.2647908,Trudys (MOE),FR-7111,25,0.75,283,Incoming,283,8,0,,6,69,6,0,,,310,1265,,,,5:10:09
CC98010038,"Chatwin, Trudy",Bernard K. Schroeder,CC,1998,6,18,169,3,10,182,116,0,0,Complete,Wannock,Wannock,Shore,Coastal,51.68239093,-127.2647908,Trudys (MOE),FR-7111,25,0.75,162,Incoming,244,52,162,,68,103,40,68,,,306,190,159,3,26,5:06:00
CC98010039,"Chatwin, Trudy",Bernard K. Schroeder,CC,1998,6,18,169,21,15,95,0,0,0,Complete,Wannock,Wannock,Shore,Coastal,51.68239093,-127.2647908,Trudys (MOE),FR-7111,25,0.75,292,Incoming,292,5,0,,4,64,4,0,,,310,1275,,,,5:10:12
CC98010040,"Chatwin, Trudy",Bernard K. Schroeder,CC,1998,6,19,170,3,7,183,117,0,0,Complete,Wannock,Wannock,Shore,Coastal,51.68239093,-127.2647908,Trudys (MOE),FR-7111,25,0.5,194,Incoming,211,106,194,194,86,97,66,86,86,,304,187,156,38,27,5:04:00
CC98010041,"Chatwin, Trudy",Bernard K. Schroeder,CC,1998,6,19,170,20,55,120,0,0,0,Complete,Kilbella,Kilbella,Shore,Coastal,51.69234119,-127.3562885,Trudys (MOE),FR-7111,25,0.5,78,Incoming,78,23,0,,19,30,19,0,,,310,1255,,,,5:10:35
CC98010042,"Chatwin, Trudy",Bernard K. Schroeder,CC,1998,6,20,171,3,10,175,115,0,0,Complete,Kilbella,Kilbella,Shore,Coastal,51.69234119,-127.3562885,Trudys (MOE),FR-7111,25,0.5,367,Incoming,388,83,367,,73,86,41,73,,,305,190,365,2,25,5:05:00
CC98010043,"Chatwin, Trudy",Kate A. Paul,CC,1998,6,20,171,21,2,111,0,0,0,Complete,Kilbella,Kilbella,Shore,Coastal,51.69234119,-127.3562885,Trudys (MOE),FR-7111,25,0.75,159,Incoming,159,8,0,,6,45,6,0,,,310,1262,,,,5:10:43
CC98010044,"Chatwin, Trudy",Kate A. Paul,CC,1998,6,21,172,3,5,185,120,0,0,Complete,Kilbella,Kilbella,Shore,Coastal,51.69234119,-127.3562885,Trudys (MOE),FR-7111,25,0.75,464,Incoming,522,186,464,464,76,100,65,76,76,,305,185,462,2,30,5:05:00
CC98010045,"Chatwin, Trudy",Bernard K. Schroeder,CC,1998,6,22,173,3,5,180,120,0,0,Complete,Johnston,Johnston,Shore,Coastal,51.49319226,-127.5422362,Trudys (MOE),FR-7111,25,0.5,58,Incoming,61,24,58,58,33,36,15,33,33,,305,185,58,,,5:05:00
CC98010046,"Chatwin, Trudy",Paul G. Levesque,CC,1998,6,22,173,21,6,114,0,0,0,Complete,Johnston,Johnston-B,Shore,Coastal,51.48219539,-127.5329376,Trudys (MOE),FR-7111,25,0.5,12,Incoming,12,11,0,,9,9,9,0,,,313,1266,,,,5:13:02
CC98010047,"Chatwin, Trudy",Bernard K. Schroeder,CC,1998,6,23,174,3,7,183,118,0,0,Complete,Johnston,Johnston-B,Shore,Coastal,51.48219539,-127.5329376,Trudys (MOE),FR-7111,25,0.5,21,Incoming,21,8,21,21,17,17,7,17,17,,305,187,19,2,28,5:05:00
CC98010048,"Chatwin, Trudy",Kate A. Paul,CC,1998,6,23,174,20,58,51,0,45,,Excluded,Johnston,Johnston,Shore,Coastal,51.49319226,-127.5422362,Trudys (MOE),FR-7111,25,0.75,15,Incoming,15,3,0,,3,10,3,0,,,313,1258,,,,5:13:18
CC98010049,"Chatwin, Trudy",Bernard K. Schroeder,CC,1998,6,24,175,3,6,132,120,50,,Complete,Johnston,Johnston,Shore,Coastal,51.49319226,-127.5422362,Trudys (MOE),FR-7111,25,0.75,57,Incoming,65,34,57,,33,39,21,33,,,306,186,57,,,5:06:00
CC98010050,"Chatwin, Trudy",Bernard K. Schroeder,CC,1998,6,25,176,3,6,180,120,0,0,Complete,Namu,Namu,Shore,Coastal,51.86056138,-127.8675126,Trudys (MOE),FR-7111,25,0.75,96,Incoming,106,44,96,96,53,59,24,53,53,,306,186,89,7,30,5:06:00
CC98010051,"Chatwin, Trudy",Kate A. Paul,CC,1998,6,25,176,20,52,121,0,0,0,Complete,Koeye,Koeye,Shore,Coastal,51.77244692,-127.878213,Trudys (MOE),FR-7111,25,0.5,134,Incoming,134,14,0,,10,51,10,0,,,313,1252,,,,5:13:48
CC98010052,"Chatwin, Trudy",Bernard K. Schroeder,CC,1998,6,26,177,3,7,187,119,0,0,Complete,Koeye,Koeye,Shore,Coastal,51.77244692,-127.878213,Trudys (MOE),FR-7111,25,0.5,265,Incoming,307,39,265,265,88,115,23,88,88,,306,187,249,16,29,5:06:00
CC98010053,"Chatwin, Trudy",Paul G. Levesque,CC,1998,6,26,177,21,45,69,0,0,0,Complete,Koeye,Koeye,Shore,Coastal,51.77244692,-127.878213,Trudys (MOE),FR-7111,25,0.5,20,Incoming,20,7,0,,4,14,4,0,,,314,1305,,,,5:14:14
CC98010054,"Chatwin, Trudy",Paul G. Levesque,CC,1998,6,27,178,3,6,183,121,0,0,Complete,Koeye,Koeye,Shore,Coastal,51.77244692,-127.878213,Trudys (MOE),FR-7111,25,0.5,66,Incoming,77,23,66,,38,46,13,38,,,307,186,58,8,31,5:07:00
CC98010055,"Chatwin, Trudy",Kate A. Paul,CC,1998,6,29,180,3,8,180,120,0,0,Complete,Kwatna,Kwatna 1,Shore,Coastal,52.11067294,-127.3997599,Trudys (MOE),FR-7111,25,0.75,383,Incoming,385,105,383,,80,82,55,80,,,308,188,366,17,30,5:08:00
CC98010056,"Chatwin, Trudy",Kate A. Paul,CC,1998,6,29,180,21,17,96,0,0,0,Complete,Kwatna,Kwatna 1,Shore,Coastal,52.11067294,-127.3997599,Trudys (MOE),FR-7111,25,0.75,31,Outgoing,10,31,0,,23,9,23,0,,,312,1277,,,,5:12:00
CC98010057,"Chatwin, Trudy",Bernard K. Schroeder,CC,1998,6,30,181,3,9,185,120,0,0,Complete,Kwatna,Kwatna 1,Shore,Coastal,52.11067294,-127.3997599,Trudys (MOE),FR-7111,25,0.5,410,Incoming,411,70,410,410,86,87,40,86,86,,309,189,387,23,30,5:09:00
CC98010058,"Chatwin, Trudy",Kate A. Paul,CC,1998,6,30,181,21,10,66,0,38,,Excluded,Bella Coola,Bella Coola,Shore,Coastal,52.37281121,-126.787717,Trudys (MOE),FR-7111,25,0.75,9,Incoming,9,1,0,,1,8,1,0,,,308,1270,,,,5:08:40
CC98010059,"Chatwin, Trudy",Bernard K. Schroeder,CC,1998,7,1,182,3,10,184,119,0,0,Complete,Bella Coola,Bella Coola,Shore,Coastal,52.37281121,-126.787717,Trudys (MOE),FR-7111,25,0.75,18,Incoming,18,14,18,18,12,12,9,12,14,,309,190,13,5,29,5:09:00
CC98010060,"Chatwin, Trudy",Kate A. Paul,CC,1998,7,2,183,3,13,177,117,0,0,Complete,Bella Coola,Bella Coola,Shore,Coastal,52.37281121,-126.787717,Trudys (MOE),FR-7111,25,0.75,16,Outgoing,15,16,13,,14,13,14,11,,,310,193,11,2,27,5:10:00
CC98010062,"Chatwin, Trudy",Kate A. Paul,CC,1998,7,3,184,20,54,117,0,0,0,Complete,Kimsquit,Kimsquit,Shore,Coastal,52.87305295,-127.0797912,Trudys (MOE),FR-7111,25,0.5,31,Incoming,31,8,0,,7,21,7,0,,,309,1254,,,,5:09:07
CC98010063,"Chatwin, Trudy",Bernard K. Schroeder,CC,1998,7,4,185,3,12,180,120,0,0,Complete,Kimsquit,Kimsquit,Shore,Coastal,52.87305295,-127.0797912,Trudys (MOE),FR-7111,25,0.5,17,Outgoing,20,17,16,,12,14,9,12,,,312,192,9,7,30,5:12:00
CC98010064,"Chatwin, Trudy",Kate A. Paul,CC,1998,7,5,186,3,11,182,122,0,0,Complete,Kimsquit,Kimsquit,Shore,Coastal,52.87305295,-127.0797912,Trudys (MOE),FR-7111,25,0.5,23,Incoming,29,10,23,23,17,21,10,17,17,,313,191,17,6,32,5:13:00
CC98010065,"Chatwin, Trudy",Kate A. Paul,CC,1998,7,5,186,20,55,71,0,45,,Excluded,Skowquiltz,Skowquiltz,Shore,Coastal,52.59473485,-127.1667118,Trudys (MOE),FR-7111,25,0.5,31,Incoming,31,10,0,,9,17,9,0,,,312,1255,,,,5:12:47
CC98010066,"Chatwin, Trudy",Kate A. Paul,CC,1998,7,6,187,3,9,5,124,175,,Excluded,Skowquiltz,Skowquiltz,Shore,Coastal,52.59473485,-127.1667118,Trudys (MOE),FR-7111,25,0.5,1,Incoming,1,0,1,,1,1,0,1,,,313,189,,1,34,5:13:00
CC98010067,"Chatwin, Trudy",Kate A. Paul,CC,1998,7,6,187,20,50,120,0,0,0,Complete,Skowquiltz,Skowquiltz,Shore,Coastal,52.59473485,-127.1667118,Trudys (MOE),FR-7111,25,0.5,37,Incoming,37,14,0,,13,23,13,0,,,313,1250,,,,5:13:42
CC98010068,"Chatwin, Trudy",Kate A. Paul,CC,1998,7,7,188,3,10,180,124,0,0,Complete,Skowquiltz,Skowquiltz,Shore,Coastal,52.59473485,-127.1667118,Trudys (MOE),FR-7111,25,0.5,93,Incoming,102,42,93,93,48,56,31,48,48,,314,190,91,2,34,5:14:00
CC98010069,"Chatwin, Trudy",Kate A. Paul,CC,1998,7,9,190,21,2,99,0,30,,Excluded,Ellerslie,Ellerslie,Shore,Coastal,52.51331609,-127.9928038,Trudys (MOE),FR-7111,25,0.75,97,Incoming,97,57,0,,31,51,31,0,,,320,1262,,,,5:20:25
CC98010070,"Chatwin, Trudy",Kate A. Paul,CC,1998,7,10,191,3,17,120,120,60,0,Complete,Ellerslie,Ellerslie,Shore,Coastal,52.51331609,-127.9928038,Trudys (MOE),FR-7111,25,0.75,334,Incoming,334,85,334,334,89,89,31,89,92,last 60 min of survey rained out,317,197,310,24,30,5:17:00
CC98010071,"Chatwin, Trudy",Monica Lamm,CC,1998,7,10,191,21,35,22,0,45,,Excluded,Ellerslie,Ellerslie,Shore,Coastal,52.51331609,-127.9928038,Trudys (MOE),FR-7111,25,0.75,43,Incoming,43,0,0,,0,32,0,0,,,321,1295,,,,5:21:29
CC98010072,"Chatwin, Trudy",Monica Lamm,CC,1998,7,11,192,3,18,180,120,0,0,Complete,Ellerslie,Ellerslie,Shore,Coastal,52.51331609,-127.9928038,Trudys (MOE),FR-7111,25,0.75,257,Incoming,269,104,257,,92,103,70,92,,,318,198,244,13,30,5:18:00
CC98010073,"Chatwin, Trudy",Kate A. Paul,CC,1998,7,11,192,20,45,69,0,55,,Excluded,Ingram,Ingram,Shore,Coastal,52.60982998,-128.0417048,Trudys (MOE),FR-7111,25,0.75,5,Incoming,5,2,0,,2,5,2,0,,,322,1245,,,,5:22:15
CC98010074,"Chatwin, Trudy",Kate A. Paul,CC,1998,7,12,193,3,20,100,120,80,,Excluded,Ingram,Ingram,Shore,Coastal,52.60982998,-128.0417048,Trudys (MOE),FR-7111,25,0.75,43,Incoming,49,26,43,43,23,27,19,23,23,,320,200,43,,,5:20:00
CC98010075,"Chatwin, Trudy",Bernard K. Schroeder,CC,1998,7,12,193,21,0,3,0,85,,Excluded,Ingram,Ingram,Shore,Coastal,52.60982998,-128.0417048,Trudys (MOE),FR-7111,25,0.75,7,Incoming,7,0,0,,0,7,0,0,,,323,1260,,,,5:23:23
CC98010076,"Chatwin, Trudy",Bernard K. Schroeder,CC,1998,7,13,194,3,18,38,123,145,,Excluded,Ingram,Ingram,Shore,Coastal,52.60982998,-128.0417048,Trudys (MOE),FR-7111,25,0.75,39,Incoming,39,2,39,,22,22,2,22,,,321,198,39,,,5:21:00
CC98010077,"Chatwin, Trudy",Kate A. Paul,CC,1998,7,13,194,21,17,43,0,0,0,Complete,James  Bay,James  Bay,Shore,Coastal,52.70838829,-128.2096042,Trudys (MOE),FR-7111,25,0.5,25,Incoming,25,19,0,,10,16,10,0,,,324,1277,,,,5:24:42
CC98010078,"Chatwin, Trudy",Bernard K. Schroeder,CC,1998,7,14,195,3,22,193,120,0,0,Complete,James  Bay,James  Bay,Shore,Coastal,52.70838829,-128.2096042,Trudys (MOE),FR-7111,25,0.5,99,Incoming,99,25,99,99,59,59,22,59,59,,322,202,98,1,30,5:22:00
CC98010079,"Chatwin, Trudy",Kate A. Paul,CC,1998,7,14,195,20,42,31,0,90,,Excluded,James  Bay,James  Bay,Shore,Coastal,52.70838829,-128.2096042,Trudys (MOE),FR-7111,25,0.5,12,Outgoing,2,12,0,,9,2,9,0,,,325,1242,,,,5:25:55
CC98010080,"Chatwin, Trudy",Monica Lamm,CC,1998,7,15,196,3,23,101,120,80,,Complete,James  Bay,James  Bay,Shore,Coastal,52.70838829,-128.2096042,Trudys (MOE),FR-7111,25,0.5,59,Incoming,68,23,59,,37,45,21,37,,,323,203,59,,,5:23:00
CC06010001,"Bertram, Doug",Bernard K. Schroeder,CC,2006,6,11,162,3,12,180,120,0,0,Complete,Wakeman,Wakeman,Shore,Coastal,51.0277768,-126.5099344,CWS 6 (Dunbar),FR-7112,25,0.75,110,Incoming,118,3,110,,100,107,3,100,,,312,192,103,7,30,5:12:00
CC06010002,"Bertram, Doug",Bernard K. Schroeder,CC,2006,6,12,163,3,11,181,121,0,0,Complete,Wakeman,Wakeman,Shore,Coastal,51.0277768,-126.5099344,CWS 6 (Dunbar),FR-7112,25,0.75,95,Incoming,95,11,95,,84,84,8,84,,,312,191,88,7,31,5:12:00
CC06010003,"Bertram, Doug",Bernard K. Schroeder,CC,2006,6,12,163,22,15,25,0,0,0,Complete,Kakweikan,Kakweikan 2,Shore,Coastal,50.79553239,-126.013895,CWS 6 (Dunbar),FR-7112,25,0.75,5,Outgoing,4,5,0,,4,2,4,0,,Small unlogged valley of high quality habitat. Low topography and small bay leaves potential for alternate access areas that are wider than the radar viewscape.,1296,1335,,,,21:36:00
CC06010004,"Bertram, Doug",Bernard K. Schroeder,CC,2006,6,13,164,3,10,180,120,0,0,Complete,Kakweikan,Kakweikan 2,Shore,Coastal,50.79553239,-126.013895,CWS 6 (Dunbar),FR-7112,25,0.75,102,Incoming,102,41,102,,94,94,37,94,,Good station location and radar viewscape. Valley bottom heavily impacted by logging.,310,190,100,2,30,5:10:00
CC06010005,"Bertram, Doug",Bernard K. Schroeder,CC,2006,6,14,165,3,10,189,120,0,0,Excluded,Kakweikan,Kakweikan 2,Shore,Coastal,50.79553239,-126.013895,CWS 6 (Dunbar),FR-7112,25,0.75,43,Incoming,57,32,43,,39,47,21,39,,"Very wide area to cover; too wide for radar viewscape, especially from the side of bay. Anchorage in the estuary is problematic due to potential for choppy conditions.",310,190,43,,,5:10:00
CC06010006,"Bertram, Doug",Bernard K. Schroeder,CC,2006,6,14,165,21,36,90,0,0,0,Complete,Kwalate,Kwalate,Shore,Coastal,50.77933362,-125.6833312,CWS 6 (Dunbar),FR-7112,25,0.75,6,Incoming,6,0,0,,0,6,0,0,,"Rocky anchorage, but good station location.  Possible access also to upper Khutze and Kowesas watersheds.",1296,1296,,,,21:36:00
CC06010007,"Bertram, Doug",Bernard K. Schroeder,CC,2006,6,15,166,3,8,182,120,0,0,Excluded,Kwalate,Kwalate,Shore,Coastal,50.77933362,-125.6833312,CWS 6 (Dunbar),FR-7112,25,0.75,15,Incoming,15,11,15,,15,15,9,15,,"Anchored at edge of estuary, good station location. Many MAMU on water in inlet. Possible access to the upper Kowesas watershed via the East Khutze tributary.",308,188,15,,,5:08:00
CC06010008,"Bertram, Doug",Bernard K. Schroeder,CC,2006,6,16,167,3,8,180,120,0,0,Complete,Kwalate,Kwalate,Shore,Coastal,50.77933362,-125.6833312,CWS 6 (Dunbar),FR-7112,25,0.75,52,Incoming,53,18,52,,50,51,17,50,,Complex arrangement of inlets and valley systems leave possible alternate access to area.,308,188,50,2,30,5:08:00
CC06010009,"Bertram, Doug",Bernard K. Schroeder,CC,2006,6,17,168,22,10,60,0,0,0,Complete,Wakeman,Wakeman,Shore,Coastal,51.0277768,-126.5099344,CWS 6 (Dunbar),FR-7112,25,0.75,0,,0,0,0,,0,0,0,0,,,1298,1330,,,,21:38:00
CC06010010,"Bertram, Doug",Bernard K. Schroeder,CC,2006,6,18,169,3,10,120,120,0,0,Excluded,Wakeman,Wakeman,Shore,Coastal,51.0277768,-126.5099344,CWS 6 (Dunbar),FR-7112,25,0.75,18,Incoming,18,1,18,,13,13,1,13,,,310,190,13,5,30,5:10:00
CC06010011,"Bertram, Doug",Bernard K. Schroeder,CC,2006,6,19,170,3,10,190,120,0,0,Complete,Kakweikan,Kakweikan 2,Shore,Coastal,50.79553239,-126.013895,CWS 6 (Dunbar),FR-7112,25,0.75,390,Incoming,401,172,390,,367,376,125,367,,"Good station location and radar viewscape, but far from likely feeding areas. Tied to log boom.",310,190,373,17,30,5:10:00
CC06010012,"Bertram, Doug",Bernard K. Schroeder,CC,2006,6,20,171,3,5,189,123,0,0,Complete,Kwalate,Kwalate,Shore,Coastal,50.77933362,-125.6833312,CWS 6 (Dunbar),FR-7112,25,0.75,154,Incoming,168,52,154,154,135,145,42,135,135,,308,185,143,11,33,5:08:00
CC06010013,"Bertram, Doug",Bernard K. Schroeder,CC,2006,6,22,173,22,50,33,0,0,0,Complete,Koeye,Koeye,Shore,Coastal,51.77289417,-127.8770279,CWS 6 (Dunbar),FR-7112,25,0.75,10,Outgoing,0,10,0,,9,0,9,0,,"Potential alternate access via Roscoe Inlet and the south arm of Ellerslie Lake, some low topography; not an ideal station for complete coverage due to compex orientation of topography and waterways.",1315,1370,,,,21:55:00
CC06010014,"Bertram, Doug",Bernard K. Schroeder,CC,2006,6,23,174,3,13,187,120,0,0,Complete,Koeye,Koeye,Shore,Coastal,51.77289417,-127.8770279,CWS 6 (Dunbar),FR-7112,25,0.75,138,Incoming,142,94,138,,114,117,80,114,,Potential alternate access via Ellerslie Lake and low lying area to Ingram Lake.  Anchorage at side of inlet is rocky and not ideal.,313,193,111,27,30,5:13:00
CC06010015,"Bertram, Doug",Bernard K. Schroeder,CC,2006,6,24,175,3,13,187,120,0,0,Complete,Koeye,Koeye,Shore,Coastal,51.77289417,-127.8770279,CWS 6 (Dunbar),FR-7112,25,0.75,232,Incoming,247,95,232,,215,227,70,215,,Very narrow radar viewscape; MAMU flight paths may not be as constrained as the viewscape.,313,193,224,8,30,5:13:00
CC06010016,"Bertram, Doug",Bernard K. Schroeder,CC,2006,6,24,175,21,55,95,4,0,0,Complete,Ellerslie,Ellerslie,Shore,Coastal,52.51538886,-127.992329,CWS 6 (Dunbar),FR-7112,25,0.75,168,Incoming,168,35,0,,29,147,29,0,,Owikeno Lake is a topographic continuation of this inlet. Counts here possibly miss significant numbers of MAMU that stay on Owikeno Lake during nesting season.  MAMU's were observed staging and flying beyond the Wannock River mouth in the evening.  Oweek,1319,1315,,,,21:59:00
CC06010017,"Bertram, Doug",Bernard K. Schroeder,CC,2006,6,25,176,3,8,222,120,0,0,Complete,Ellerslie,Ellerslie,Shore,Coastal,52.51538886,-127.992329,CWS 6 (Dunbar),FR-7112,25,0.75,552,Incoming,617,307,552,,451,499,195,451,,This is a good station location for obtaining counts. Orientation of waterways and topography and proximity to marine areas are ideal.,308,188,419,133,30,5:08:00
CC06010018,"Bertram, Doug",Bernard K. Schroeder,CC,2006,6,25,176,21,39,121,20,0,0,Complete,Ellerslie,Ellerslie,Shore,Coastal,52.51538886,-127.992329,CWS 6 (Dunbar),FR-7112,25,0.75,226,Incoming,226,59,0,,37,143,37,0,,"Johnston Bay is too small to provide an adequate radar viewscape for counts into the Johnston Creek area. Good habitat areas located in the Johnston Creek watershed. Attempted to survey the Sandell watershed, but Bob Stewart, owner of Salmon King Resort,",1319,1299,,,,21:59:00
CC06010019,"Bertram, Doug",Bernard K. Schroeder,CC,2006,6,26,177,3,9,224,120,0,0,Complete,Ellerslie,Ellerslie,Shore,Coastal,52.51538886,-127.992329,CWS 6 (Dunbar),FR-7112,25,0.75,536,Incoming,580,339,536,,449,482,222,449,,Johnston-B is south of Johnston Creek in a bay of Draney Inlet that offered a larger radar viewscape.,309,189,438,98,30,5:09:00
CC06010020,"Bertram, Doug",Bernard K. Schroeder,CC,2006,6,26,177,21,47,103,9,0,0,Complete,Skowquiltz,Skowquiltz,Shore,Coastal,52.59356452,-127.1660372,CWS 6 (Dunbar),FR-7112,25,0.75,87,Incoming,87,30,0,,22,68,22,0,,,1316,1307,,,,21:56:00
CC06010021,"Bertram, Doug",Bernard K. Schroeder,CC,2006,6,27,178,3,6,184,120,0,0,Complete,Skowquiltz,Skowquiltz,Shore,Coastal,52.59356452,-127.1660372,CWS 6 (Dunbar),FR-7112,25,0.75,280,Incoming,287,74,280,,240,247,55,240,,,306,186,249,31,30,5:06:00
CC06010022,"Bertram, Doug",Bernard K. Schroeder,CC,2006,6,28,179,3,7,181,120,0,0,Complete,Skowquiltz,Skowquiltz,Shore,Coastal,52.59356452,-127.1660372,CWS 6 (Dunbar),FR-7112,25,0.75,312,Incoming,316,51,312,312,241,244,42,241,241,,307,187,275,37,30,5:07:00
CC06010023,"Bertram, Doug",Bernard K. Schroeder,CC,2006,6,28,179,22,0,75,0,0,0,Complete,Kwatna,Kwatna 2,Shore,Coastal,52.1016704,-127.3937561,CWS 6 (Dunbar),FR-7112,25,0.75,135,Outgoing,87,135,0,,100,77,100,0,,,1314,1320,,,,21:54:00
CC06010024,"Bertram, Doug",Bernard K. Schroeder,CC,2006,6,29,180,3,10,212,120,0,0,Complete,Kwatna,Kwatna 2,Shore,Coastal,52.1016704,-127.3937561,CWS 6 (Dunbar),FR-7112,25,0.75,782,Incoming,789,256,782,782,675,681,188,675,675,,310,190,692,90,30,5:10:00
CC06010025,"Bertram, Doug",Bernard K. Schroeder,CC,2006,6,30,181,3,10,204,122,0,0,Complete,Kwatna,Kwatna 2,Shore,Coastal,52.1016704,-127.3937561,CWS 6 (Dunbar),FR-7112,25,0.75,652,Incoming,662,329,652,,544,552,216,544,,,312,190,529,123,32,5:12:00
CC06010026,"Bertram, Doug",Bernard K. Schroeder,CC,2006,6,30,181,22,30,31,0,0,0,Complete,Kilbella,Kilbella,Shore,Coastal,51.69533994,-127.358524,CWS 6 (Dunbar),FR-7112,25,0.75,47,Outgoing,1,47,0,,34,1,34,0,,Wakeman Sound is wide enough to reach the limits of the radar signal when set up at the side of the inlet. Station setup in the middle is problematic due to the river current regime with shifting silty sandbars and size of the estuary. Contacted camp watc,314,1350,,,,5:14:52
CC06010027,"Bertram, Doug",Bernard K. Schroeder,CC,2006,7,1,182,3,11,255,123,0,0,Complete,Kilbella,Kilbella,Shore,Coastal,51.69533994,-127.358524,CWS 6 (Dunbar),FR-7112,25,0.75,709,Incoming,760,463,709,709,640,682,345,640,640,Walkum Bay is possibly too steep and narrow to provide good radar coverage.  It was investigated as a possible MAMU access to the Smokehouse River valley.,314,191,622,87,33,5:14:00
CC06010028,"Bertram, Doug",Bernard K. Schroeder,CC,2006,7,2,183,3,14,237,120,0,0,Complete,Kilbella,Kilbella,Shore,Coastal,51.69533994,-127.358524,CWS 6 (Dunbar),FR-7112,25,0.75,579,Outgoing,556,579,541,,461,475,392,461,,"Surveys were rained out, but this is a key radar station location in this area. MAMU's in high numbers were noted on the water in adjacent Smith Inlet between Burnt Island and the Nekite River mouth.  Anchorage/beachline is problematic due to current from",314,194,479,62,30,5:14:00
CC06010029,"Bertram, Doug",Bernard K. Schroeder,CC,2006,7,2,183,22,10,36,0,0,0,Complete,Wannock,Wannock 2,Shore,Coastal,51.66711093,-127.2713617,CWS 6 (Dunbar),FR-7112,25,0.75,225,Incoming,225,7,0,,6,207,6,0,,,1330,1330,,,,22:10:00
CC06010030,"Bertram, Doug",Bernard K. Schroeder,CC,2006,7,3,184,3,15,195,120,0,0,Complete,Wannock,Wannock 2,Shore,Coastal,51.66711093,-127.2713617,CWS 6 (Dunbar),FR-7112,25,0.75,699,Outgoing,428,699,414,699,464,355,464,343,464,,315,195,267,147,30,5:15:00
CC06010031,"Bertram, Doug",Bernard K. Schroeder,CC,2006,7,4,185,3,0,225,136,0,0,Complete,Wannock,Wannock 2,Shore,Coastal,51.66711093,-127.2713617,CWS 6 (Dunbar),FR-7112,25,0.75,610,Incoming,786,458,610,,454,581,306,454,,,316,180,454,156,46,5:16:00
CC06010032,"Bertram, Doug",Bernard K. Schroeder,CC,2006,7,4,185,22,15,15,0,0,0,Complete,Nekite,Nekite 2,Shore,Coastal,51.38057012,-127.1169469,CWS 6 (Dunbar),FR-7112,25,0.75,18,Outgoing,3,18,0,,14,2,14,0,,,1307,1335,,,,21:47:00
CC06010033,"Bertram, Doug",Bernard K. Schroeder,CC,2006,7,5,186,3,17,248,121,0,0,Complete,Nekite,Nekite 2,Shore,Coastal,51.38057012,-127.1169469,CWS 6 (Dunbar),FR-7112,25,0.75,380,Incoming,445,100,380,380,293,337,75,293,303,,318,197,369,11,31,5:18:00
CC06010034,"Bertram, Doug",Bernard K. Schroeder,CC,2006,7,6,187,3,20,233,119,0,0,Complete,Nekite,Nekite 2,Shore,Coastal,51.38057012,-127.1169469,CWS 6 (Dunbar),FR-7112,25,0.75,334,Incoming,384,150,334,,249,282,93,249,,,319,200,326,8,29,5:19:00
CC06010035,"Bertram, Doug",Bernard K. Schroeder,CC,2006,7,7,188,3,20,191,121,0,0,Complete,Koeye,Koeye,Shore,Coastal,51.77289417,-127.8770279,CWS 6 (Dunbar),FR-7112,25,0.75,262,Incoming,272,152,262,262,216,224,101,216,216,Significant numbers of MAMU's observed on water in Green Lagoon (some holding fish) that may not commute through the Inlet on a daily basis. Access to Green Lagoon and the mouth of Green River is only via Baffle Point. The channel at Baffle Point is a tid,321,200,253,9,31,5:21:00
CC06010036,"Bertram, Doug",Bernard K. Schroeder,CC,2006,7,8,189,3,20,220,119,0,0,Complete,Ellerslie,Ellerslie,Shore,Coastal,52.51538886,-127.992329,CWS 6 (Dunbar),FR-7112,25,0.75,655,Incoming,703,306,655,655,521,553,198,521,521,Low surrounding topography and multiple access points to habitat present challenges to obtaining consistent counts here.,319,200,551,104,29,5:19:00
CC06010037,"Bertram, Doug",Bernard K. Schroeder,CC,2006,7,9,190,3,20,180,119,0,0,Excluded,Skowquiltz,Skowquiltz,Shore,Coastal,52.59356452,-127.1660372,CWS 6 (Dunbar),FR-7112,25,0.75,59,Incoming,68,9,59,,48,53,8,48,,,319,200,59,,,5:19:00
CC06010038,"Bertram, Doug",Bernard K. Schroeder,CC,2006,7,10,191,3,20,195,120,0,0,Complete,Skowquiltz,Skowquiltz,Shore,Coastal,52.59356452,-127.1660372,CWS 6 (Dunbar),FR-7112,25,0.75,251,Incoming,261,45,251,,178,185,27,178,,,320,200,231,20,30,5:20:00
CC06010039,"Bertram, Doug",Bernard K. Schroeder,CC,2006,7,11,192,3,23,180,120,0,0,Complete,Kwatna,Kwatna 2,Shore,Coastal,52.1016704,-127.3937561,CWS 6 (Dunbar),FR-7112,25,0.75,692,Incoming,692,23,692,,521,521,15,521,,,323,203,692,,,5:23:00
CC06010040,"Bertram, Doug",Bernard K. Schroeder,CC,2006,7,12,193,3,24,0,120,0,0,Excluded,Wannock,Wannock 2,Shore,Coastal,51.66711093,-127.2713617,CWS 6 (Dunbar),FR-7112,25,0.75,0,,0,0,0,,0,0,0,0,,,324,204,,,,5:24:00
CC06010041,"Bertram, Doug",Bernard K. Schroeder,CC,2006,7,13,194,3,25,180,120,0,0,Excluded,Wannock,Wannock 2,Shore,Coastal,51.66711093,-127.2713617,CWS 6 (Dunbar),FR-7112,25,0.75,57,Incoming,57,21,57,,49,49,13,49,,,325,205,42,15,30,5:25:00
CC06010042,"Bertram, Doug",Bernard K. Schroeder,CC,2006,7,14,195,3,25,180,120,0,0,Excluded,Wannock,Wannock 2,Shore,Coastal,51.66711093,-127.2713617,CWS 6 (Dunbar),FR-7112,25,0.75,46,Incoming,46,5,46,,44,44,4,44,,,325,205,45,1,30,5:25:00
CC06010043,"Bertram, Doug",Bernard K. Schroeder,CC,2006,7,15,196,3,19,188,128,0,0,Complete,Wannock,Wannock 2,Shore,Coastal,51.66711093,-127.2713617,CWS 6 (Dunbar),FR-7112,25,0.75,531,Incoming,552,237,531,,441,461,161,441,,,327,199,457,74,38,5:27:00
CC06010044,"Bertram, Doug",Bernard K. Schroeder,CC,2006,7,16,197,3,26,241,123,0,0,Complete,Kilbella,Kilbella,Shore,Coastal,51.69533994,-127.358524,CWS 6 (Dunbar),FR-7112,25,0.75,446,Incoming,451,444,446,,366,371,275,366,,Orientation of this inlet is likely not conducive to intensive use as a flight path.  Narrowness of inlet also limits radar view.,329,206,395,51,33,5:29:00
CC06010045,"Bertram, Doug",Bernard K. Schroeder,CC,2006,7,17,198,3,53,237,97,0,0,Complete,Nekite,Nekite 2,Shore,Coastal,51.38057012,-127.1169469,CWS 6 (Dunbar),FR-7112,25,0.75,356,Incoming,374,144,356,,303,318,100,303,,,330,233,351,5,7,5:30:00
CC06010046,"Bertram, Doug",Bernard K. Schroeder,CC,2006,7,18,199,3,30,244,120,0,0,Complete,Wakeman,Wakeman,Shore,Coastal,51.0277768,-126.5099344,CWS 6 (Dunbar),FR-7112,25,0.75,391,Incoming,422,248,391,391,304,326,172,304,304,,330,210,386,5,30,5:30:00
CC06010047,"Bertram, Doug",Bernard K. Schroeder,CC,2006,7,19,200,3,31,193,120,0,0,Complete,Kakweikan,Kakweikan 2,Shore,Coastal,50.79553239,-126.013895,CWS 6 (Dunbar),FR-7112,25,0.75,694,Incoming,719,265,694,694,591,608,176,591,591,"Good station location and radar viewscape, unlogged valley system.",331,211,690,4,30,5:31:00
CC08010001,"Bertram, Doug",Bernard K. Schroeder,CC,2008,6,9,161,3,15,12,120,108,,Excluded,Wakeman,Wakeman 2,Shore,Coastal,51.02611703,-126.5113925,RESL 2,FR-8122,25,0.75,24,Incoming,24,3,24,,20,20,3,20,,,315,195,24,,,5:15:00
CC08010002,"Bertram, Doug",Bernard K. Schroeder,CC,2008,6,9,161,21,30,82,8,0,0,Complete,Wakeman,Wakeman 2,Shore,Coastal,51.02611703,-126.5113925,RESL 2,FR-8122,25,0.75,188,Incoming,188,74,0,,45,134,45,0,,,1298,1290,,,,21:38:00
CC08010003,"Bertram, Doug",Bernard K. Schroeder,CC,2008,6,10,162,3,14,193,117,0,0,Complete,Wakeman,Wakeman 2,Shore,Coastal,51.02611703,-126.5113925,RESL 2,FR-8122,25,0.75,352,Incoming,364,194,352,,275,282,124,275,,,311,194,316,36,27,5:11:00
CC08010004,"Bertram, Doug",Bernard K. Schroeder,CC,2008,6,10,162,21,15,84,20,0,0,Complete,Kakweikan,Kakweikan 1,Shore,Coastal,50.80086175,-126.0154571,RESL 2,FR-8122,25,0.75,130,Incoming,130,38,0,,29,90,29,0,,,1295,1275,,,,21:35:00
CC08010005,"Bertram, Doug",Bernard K. Schroeder,CC,2008,6,11,163,3,10,241,120,0,0,Complete,Kakweikan,Kakweikan 1,Shore,Coastal,50.80086175,-126.0154571,RESL 2,FR-8122,25,0.75,482,Incoming,548,191,482,,394,438,134,394,,,310,190,475,7,30,5:10:00
CC08010006,"Bertram, Doug",Bernard K. Schroeder,CC,2008,6,12,164,3,10,200,120,0,0,Complete,Kakweikan,Kakweikan 1,Shore,Coastal,50.80086175,-126.0154571,RESL 2,FR-8122,25,0.75,526,Incoming,545,195,526,526,451,463,137,451,451,,310,190,494,32,30,5:10:00
CC08010007,"Bertram, Doug",Bernard K. Schroeder,CC,2008,6,13,165,3,12,189,120,0,0,Complete,Kwalate,Kwalate,Shore,Coastal,50.77933362,-125.6833312,RESL 2,FR-8122,25,0.75,107,Incoming,107,36,107,,88,88,26,88,,,312,192,104,3,30,5:12:00
CC08010008,"Bertram, Doug",Bernard K. Schroeder,CC,2008,6,13,165,21,36,-60,0,120,,Excluded,Kwalate,Kwalate,Shore,Coastal,50.77933362,-125.6833312,RESL 2,FR-8122,25,0.75,0,,0,0,0,,0,0,0,0,,,1296,1296,,,,21:36:00
CC08010009,"Bertram, Doug",Bernard K. Schroeder,CC,2008,6,14,166,3,9,180,120,0,0,Complete,Kwalate,Kwalate,Shore,Coastal,50.77933362,-125.6833312,RESL 2,FR-8122,25,0.75,146,Incoming,161,47,146,,118,127,35,118,,,309,189,140,6,30,5:09:00
CC08010010,"Bertram, Doug",Bernard K. Schroeder,CC,2008,6,17,169,3,12,0,120,120,,Excluded,Koeye,Koeye,Shore,Coastal,51.77289417,-127.8770279,RESL 2,FR-8122,25,0.75,0,,0,0,0,,0,0,0,0,,,312,192,,,,5:12:00
CC08010011,"Bertram, Doug",Bernard K. Schroeder,CC,2008,6,17,169,21,30,74,22,8,,Complete,Koeye,Koeye,Shore,Coastal,51.77289417,-127.8770279,RESL 2,FR-8122,25,0.75,167,Incoming,167,23,0,,17,133,17,0,,,1312,1290,,,,21:52:00
CC08010012,"Bertram, Doug",Bernard K. Schroeder,CC,2008,6,18,170,3,12,200,120,14,,Complete,Koeye,Koeye,Shore,Coastal,51.77289417,-127.8770279,RESL 2,FR-8122,25,0.75,206,Incoming,236,112,206,,171,192,71,171,,,312,192,200,6,30,5:12:00
CC08010013,"Bertram, Doug",Bernard K. Schroeder,CC,2008,6,19,171,3,11,184,121,0,0,Complete,Koeye,Koeye,Shore,Coastal,51.77289417,-127.8770279,RESL 2,FR-8122,25,0.75,307,Incoming,313,150,307,307,251,256,95,251,251,,312,191,302,5,31,5:12:00
CC08010014,"Bertram, Doug",Bernard K. Schroeder,CC,2008,6,20,172,3,8,0,120,120,,Excluded,Ellerslie,Ellerslie,Shore,Coastal,52.51538886,-127.992329,RESL 2,FR-8122,25,0.75,0,,0,0,0,,0,0,0,0,,,308,188,,,,5:08:00
CC08010015,"Bertram, Doug",Bernard K. Schroeder,CC,2008,6,21,173,3,8,-9,120,146,,Excluded,Ellerslie,Ellerslie,Shore,Coastal,52.51538886,-127.992329,RESL 2,FR-8122,25,0.75,4,Incoming,6,1,4,,4,5,1,4,,,308,188,4,,,5:08:00
CC08010016,"Bertram, Doug",Bernard K. Schroeder,CC,2008,6,21,173,21,25,96,33,0,0,Complete,Ellerslie,Ellerslie,Shore,Coastal,52.51538886,-127.992329,RESL 2,FR-8122,25,0.75,206,Incoming,206,80,0,,58,151,58,0,,,1318,1285,,,,21:58:00
CC08010017,"Bertram, Doug",Bernard K. Schroeder,CC,2008,6,22,174,3,8,210,120,0,0,Complete,Ellerslie,Ellerslie,Shore,Coastal,52.51538886,-127.992329,RESL 2,FR-8122,25,0.75,661,Incoming,672,341,661,661,514,521,248,514,514,,308,188,553,108,30,5:08:00
CC08010018,"Bertram, Doug",Bernard K. Schroeder,CC,2008,6,23,175,3,5,181,120,0,0,Complete,Skowquiltz,Skowquiltz,Shore,Coastal,52.59356452,-127.1660372,RESL 2,FR-8122,25,0.75,181,Incoming,189,65,181,181,131,136,38,131,131,,305,185,165,16,30,5:05:00
CC08010019,"Bertram, Doug",Bernard K. Schroeder,CC,2008,6,24,176,3,5,48,120,132,,Excluded,Skowquiltz,Skowquiltz,Shore,Coastal,52.59356452,-127.1660372,RESL 2,FR-8122,25,0.75,52,Incoming,55,4,52,,44,47,4,44,,,305,185,49,3,30,5:05:00
CC08010020,"Bertram, Doug",Bernard K. Schroeder,CC,2008,6,27,179,3,8,100,120,80,,Complete,Kwatna,Kwatna 2,Shore,Coastal,52.1016704,-127.3937561,RESL 2,FR-8122,25,0.75,806,Incoming,811,35,806,,674,679,25,674,,,308,188,790,16,30,5:08:00
CC08010021,"Bertram, Doug",Bernard K. Schroeder,CC,2008,6,27,179,21,35,80,19,0,0,Complete,Kwatna,Kwatna 2,Shore,Coastal,52.1016704,-127.3937561,RESL 2,FR-8122,25,0.75,348,Incoming,348,104,0,,76,258,76,0,,,1314,1295,,,,21:54:00
CC08010022,"Bertram, Doug",Bernard K. Schroeder,CC,2008,6,28,180,3,7,186,123,0,0,Complete,Kwatna,Kwatna 2,Shore,Coastal,52.1016704,-127.3937561,RESL 2,FR-8122,25,0.75,756,Incoming,761,476,756,,601,603,316,601,,,310,187,715,41,33,5:10:00
CC08010023,"Bertram, Doug",Bernard K. Schroeder,CC,2008,6,29,181,3,10,218,122,0,0,Complete,Kilbella,Kilbella,Shore,Coastal,51.69533994,-127.358524,RESL 2,FR-8122,25,0.75,486,Outgoing,384,486,381,,325,322,325,320,,,312,190,306,75,32,5:12:00
CC08010024,"Bertram, Doug",Bernard K. Schroeder,CC,2008,6,30,182,3,8,202,126,0,0,Complete,Kilbella,Kilbella,Shore,Coastal,51.69533994,-127.358524,RESL 2,FR-8122,25,0.75,399,Incoming,402,398,399,,318,320,249,318,,,314,188,340,59,36,5:14:00
CC08010025,"Bertram, Doug",Bernard K. Schroeder,CC,2008,7,1,183,3,14,213,120,0,0,Complete,Wannock,Wannock 2,Shore,Coastal,51.66711093,-127.2713617,RESL 2,FR-8122,25,0.75,674,Outgoing,379,674,285,,360,239,360,182,,,314,194,256,29,30,5:14:00
CC08010026,"Bertram, Doug",Bernard K. Schroeder,CC,2008,7,1,183,21,45,77,5,0,0,Complete,Wannock,Wannock 2,Shore,Coastal,51.66711093,-127.2713617,RESL 2,FR-8122,25,0.75,1109,Incoming,1109,19,0,,11,652,11,0,,,1310,1305,,,,21:50:00
CC08010027,"Bertram, Doug",Bernard K. Schroeder,CC,2008,7,2,184,3,12,190,123,0,0,Complete,Wannock,Wannock 2,Shore,Coastal,51.66711093,-127.2713617,RESL 2,FR-8122,25,0.75,583,Outgoing,280,583,263,,312,199,312,189,,,315,192,200,63,33,5:15:00
CC08010028,"Bertram, Doug",Bernard K. Schroeder,CC,2008,7,3,185,3,16,162,120,18,,Complete,Nekite,Nekite 2,Shore,Coastal,51.38057012,-127.1169469,RESL 2,FR-8122,25,0.75,246,Incoming,252,100,246,,197,201,61,197,,,316,196,232,14,30,5:16:00
CC08010029,"Bertram, Doug",Bernard K. Schroeder,CC,2008,7,3,185,21,30,-44,18,67,,Complete,Nekite,Nekite 2,Shore,Coastal,51.38057012,-127.1169469,RESL 2,FR-8122,25,0.75,45,Incoming,45,1,0,,1,25,1,0,,,1308,1290,,,,21:48:00
CC08010030,"Bertram, Doug",Bernard K. Schroeder,CC,2008,7,4,186,3,18,172,120,11,,Complete,Nekite,Nekite 2,Shore,Coastal,51.38057012,-127.1169469,RESL 2,FR-8122,25,0.75,204,Incoming,211,137,204,,161,166,87,161,,,318,198,204,,,5:18:00
CC08010031,"Bertram, Doug",Bernard K. Schroeder,CC,2008,7,5,187,3,18,0,120,180,,Excluded,Koeye,Koeye,Shore,Coastal,51.77289417,-127.8770279,RESL 2,FR-8122,25,0.75,9,Incoming,9,1,9,,8,8,1,8,,,318,198,9,,,5:18:00
CC08010032,"Bertram, Doug",Bernard K. Schroeder,CC,2008,7,7,189,3,20,144,118,36,,Complete,Ellerslie,Ellerslie,Shore,Coastal,52.51538886,-127.992329,RESL 2,FR-8122,25,0.75,618,Incoming,702,167,618,,411,458,90,411,,,318,200,602,16,28,5:18:00
CC08010033,"Bertram, Doug",Bernard K. Schroeder,CC,2008,7,7,189,21,19,66,30,24,,Complete,Skowquiltz,Skowquiltz,Shore,Coastal,52.59356452,-127.1660372,RESL 2,FR-8122,25,0.75,96,Incoming,96,28,0,,17,60,17,0,,,1309,1279,,,,21:49:00
CC08010034,"Bertram, Doug",Bernard K. Schroeder,CC,2008,7,8,190,3,20,0,120,180,,Excluded,Skowquiltz,Skowquiltz,Shore,Coastal,52.59356452,-127.1660372,RESL 2,FR-8122,25,0.75,0,,0,0,0,,0,0,0,0,,,320,200,,,,5:20:00
CC08010035,"Bertram, Doug",Bernard K. Schroeder,CC,2008,7,9,191,3,16,243,123,0,0,Complete,Kwatna,Kwatna 2,Shore,Coastal,52.1016704,-127.3937561,RESL 2,FR-8122,25,0.75,1103,Incoming,1194,894,1103,1103,764,820,521,764,764,,319,196,1050,53,33,5:19:00
CC08010036,"Bertram, Doug",Bernard K. Schroeder,CC,2008,7,9,191,21,15,106,31,0,0,Complete,Kilbella,Kilbella,Shore,Coastal,51.69533994,-127.358524,RESL 2,FR-8122,25,0.75,600,Incoming,600,260,0,,133,318,133,0,,,1306,1275,,,,21:46:00
CC08010037,"Bertram, Doug",Bernard K. Schroeder,CC,2008,7,10,192,3,18,225,124,8,,Complete,Kilbella,Kilbella,Shore,Coastal,51.69533994,-127.358524,RESL 2,FR-8122,25,0.75,906,Incoming,963,608,906,906,577,610,332,577,577,,322,198,823,83,34,5:22:00
CC08010038,"Bertram, Doug",Bernard K. Schroeder,CC,2008,7,10,192,21,0,111,45,0,0,Complete,Wannock,Wannock 2,Shore,Coastal,51.66711093,-127.2713617,RESL 2,FR-8122,25,0.75,1353,Incoming,1353,45,0,,22,765,22,0,,,1305,1260,,,,21:45:00
CC08010039,"Bertram, Doug",Bernard K. Schroeder,CC,2008,7,11,193,3,22,180,121,0,0,Complete,Wannock,Wannock 2,Shore,Coastal,51.66711093,-127.2713617,RESL 2,FR-8122,25,0.75,1091,Outgoing,279,1091,279,1091,525,160,525,160,525,,323,202,193,86,31,5:23:00
CC08010040,"Bertram, Doug",Bernard K. Schroeder,CC,2008,7,12,194,3,21,186,124,0,0,Complete,Nekite,Nekite 2,Shore,Coastal,51.38057012,-127.1169469,RESL 2,FR-8122,25,0.75,370,Incoming,394,268,370,370,247,265,149,247,247,,325,201,357,13,34,5:25:00
CC08010041,"Bertram, Doug",Bernard K. Schroeder,CC,2008,7,13,195,3,25,188,120,0,0,Complete,Kakweikan,Kakweikan 2,Shore,Coastal,50.79553239,-126.013895,RESL 2,FR-8122,25,0.75,889,Incoming,900,574,889,889,617,625,292,617,617,,325,205,840,49,30,5:25:00
CC08010042,"Bertram, Doug",Bernard K. Schroeder,CC,2008,7,14,196,3,27,186,120,0,0,Complete,Kwalate,Kwalate,Shore,Coastal,50.77933362,-125.6833312,RESL 2,FR-8122,25,0.75,203,Incoming,215,110,203,203,140,148,67,140,140,,327,207,203,,,5:27:00
CC17010001,"Bertram, Doug",Bernard K. Schroeder,CC,2017,7,23,204,3,37,136,120,44,,Complete,Ellerslie,Ellerslie,Shore,Coastal,52.51630647,-127.9923965,RESL 2,FR-8122,25,0.75,247,Incoming,261,99,247,247,229,242,83,229,229,,337,217,245,2,30,5:37:00
CC17010002,"Bertram, Doug",Bernard K. Schroeder,CC,2017,7,24,205,3,38,197,120,0,,Complete,Ellerslie,Ellerslie,Shore,Coastal,52.51630647,-127.9923965,RESL 2,FR-8122,25,0.75,207,Incoming,218,139,207,,198,209,115,198,,,338,218,171,36,30,5:38:00
CC17010003,"Bertram, Doug",Bernard K. Schroeder,CC,2017,7,25,206,3,43,180,120,0,,Complete,Koeye,Koeye,Shore,Coastal,51.77361943,-127.8776476,RESL 2,FR-8122,25,0.75,67,Incoming,69,52,67,67,63,65,41,63,63,,343,223,66,1,30,5:43:00
CC17010004,"Bertram, Doug",Bernard K. Schroeder,CC,2017,7,26,207,3,44,163,120,18,,Complete,Koeye,Koeye,Shore,Coastal,51.77361943,-127.8776476,RESL 2,FR-8122,25,0.75,52,Incoming,59,14,52,,51,56,14,51,,,344,224,51,1,30,5:44:00
CC17010005,"Bertram, Doug",Bernard K. Schroeder,CC,2017,7,27,208,3,46,180,120,0,,Complete,Koeye,Koeye,Shore,Coastal,51.77361943,-127.8776476,RESL 2,FR-8122,25,0.75,63,Incoming,78,32,63,,60,70,22,60,,,346,226,63,,,5:46:00
CC17010006,"Bertram, Doug",Bernard K. Schroeder,CC,2017,7,28,209,3,44,180,120,0,,Complete,Ellerslie,Ellerslie,Shore,Coastal,52.51630647,-127.9923965,RESL 2,FR-8122,25,0.75,167,Incoming,185,130,167,,155,171,117,155,,,344,224,156,11,30,5:44:00
CC22010001,"Woo, Kerry",Bernard K. Schroeder,CC,2022,6,21,172,3,8,120,120,0,0,Incomplete,Kwalate,Kwalate,Shore,Coastal,50.77928,-125.682829,BKSC,FR-8122,25,0.75,1,Incoming,1,1,1,,1,1,1,1,,Count Reliability - NIL - Boat access,308,188,1,,,5:08:00
CC22010002,"Woo, Kerry",Bernard K. Schroeder,CC,2022,6,22,173,3,9,180,120,0,0,Complete,Kwalate,Kwalate,Shore,Coastal,50.77928,-125.682829,BKSC,FR-8122,25,0.75,105,Incoming,109,39,105,,92,95,31,92,,Count Reliability - HIGH - Boat access,309,189,103,2,30,5:09:00
CC22010003,"Woo, Kerry",Bernard K. Schroeder,CC,2022,6,23,174,3,10,203,120,0,0,Complete,Kakweikan,Kakweikan 2,Shore,Coastal,50.793031,-126.010241,BKSC,FR-8122,25,0.75,450,Incoming,498,256,450,450,409,443,188,409,409,Count Reliability - HIGH - Boat access,310,190,426,24,30,5:10:00
CC22010004,"Woo, Kerry",Bernard K. Schroeder,CC,2022,6,24,175,3,10,191,120,0,0,Complete,Kakweikan,Kakweikan 2,Shore,Coastal,50.793031,-126.010241,BKSC,FR-8122,25,0.75,447,Incoming,679,206,447,,400,579,159,400,,Count Reliability - HIGH - Boat access,310,190,420,27,30,5:10:00
CC22010005,"Woo, Kerry",Bernard K. Schroeder,CC,2022,6,25,176,3,12,195,120,0,0,Complete,Wakeman,Wakeman,Shore,Coastal,51.02608,-126.509842,BKSC,FR-8122,25,0.75,367,Outgoing,334,367,326,,385,313,385,306,,Count Reliability - HIGH - Boat access,312,192,269,56,30,5:12:00
CC22010006,"Woo, Kerry",Bernard K. Schroeder,CC,2022,6,26,177,3,10,192,122,0,0,Complete,Wakeman,Wakeman,Shore,Coastal,51.02608,-126.509842,BKSC,FR-8122,25,0.75,286,Outgoing,269,286,265,,256,259,197,256,,Count Reliability - HIGH - Boat access,312,190,206,59,32,5:12:00
CC22010007,"Woo, Kerry",Bernard K. Schroeder,CC,2022,7,22,203,3,36,182,120,0,0,Complete,Wakeman,Wakeman,Shore,Coastal,51.02608,-126.509842,BKSC,FR-8122,25,0.75,477,Incoming,541,68,477,477,445,492,45,445,445,Count Reliability - HIGH - Boat access,336,216,460,17,30,5:36:00
CC22010008,"Woo, Kerry",Bernard K. Schroeder,CC,2022,7,23,204,3,36,199,120,0,0,Complete,Kakweikan,Kakweikan 2,Shore,Coastal,50.793031,-126.010241,BKSC,FR-8122,25,0.75,434,Incoming,512,115,434,,385,445,82,385,,Count Reliability - HIGH - Boat access,336,216,419,15,30,5:36:00
CC22010009,"Woo, Kerry",Bernard K. Schroeder,CC,2022,7,24,205,3,37,202,120,0,0,Complete,Kwalate,Kwalate,Shore,Coastal,50.77928,-125.682829,BKSC,FR-8122,25,0.75,135,Incoming,215,106,135,,127,187,78,127,,Count Reliability - HIGH - Boat access,337,217,135,,,5:37:00
CC22010010,"Woo, Kerry",Bernard K. Schroeder,CC,2022,7,25,206,3,38,192,120,0,0,Complete,Kwalate,Kwalate,Shore,Coastal,50.77928,-125.682829,BKSC,FR-8122,25,0.75,161,Incoming,172,113,161,161,143,150,69,143,143,Count Reliability - HIGH - Boat access,338,218,161,,,5:38:00
EV03010001,"Lindsay, Dave",Lea S. Menzies,EV,2003,5,21,141,3,28,101,121,80,5,Complete,Lake Cowichan,Lake Cowichan,Shore,Inland,48.875567,-124.239611,CWS 3,FR-8051,0,0.75,8,Outgoing,7,8,7,,8,7,8,7,,,329,208,,,,5:29:00
EV03010002,"Lindsay, Dave",Kate Lindsay,EV,2003,5,22,142,3,26,182,122,0,0,Complete,Lake Cowichan,Lake Cowichan,Shore,Inland,48.875567,-124.239611,CWS 3,FR-8051,0,0.75,7,Incoming,7,0,7,,7,7,0,7,,,328,206,,,,5:28:00
EV03010003,"Lindsay, Dave",Lea S. Menzies,EV,2003,5,23,143,3,26,180,120,0,0,Complete,Lake Cowichan,Lake Cowichan,Shore,Inland,48.91982917,-124.3688439,CWS 3,FR-8051,0,0.75,14,Incoming,7,13,14,,14,7,13,14,,,326,206,,,,5:26:00
EV03010004,"Lindsay, Dave",Kate Lindsay,EV,2003,5,24,144,3,25,170,120,10,10,Complete,Horne Lake,Horne Lake,Shore,Inland,49.33555642,-124.6605463,CWS 3,FR-8051,0,0.75,2,Incoming,2,0,2,,2,2,0,2,,,325,205,,,,5:25:00
EV03010005,"Lindsay, Dave",Lea S. Menzies,EV,2003,5,29,149,3,21,180,120,0,0,Complete,Upper Campbell,Upper Campbell,Shore,Inland,49.88182,-125.6809865,CWS 3,FR-8051,0,0.75,4,Outgoing,1,4,2,,4,1,4,2,,,321,201,,,,5:21:00
EV03010006,"Lindsay, Dave",Kate Lindsay,EV,2003,5,30,150,3,21,0,120,180,0,Complete,Upper Campbell,Upper Campbell,Shore,Inland,49.88182,-125.6809865,CWS 3,FR-8051,0,0.75,67,Incoming,59,10,67,,67,59,10,67,,,321,201,,,,5:21:00
EV03010007,"Lindsay, Dave",Lea S. Menzies,EV,2003,6,4,155,3,17,143,120,37,0,Complete,Comox Lake,Comox Lake,Shore,Inland,49.580619,-125.186405,CWS 3,FR-8051,0,0.75,51,Incoming,44,7,51,,51,44,7,51,,,317,197,,,,5:17:00
EV03010008,"Lindsay, Dave",Kate Lindsay,EV,2003,6,5,156,3,16,180,120,0,0,Complete,Upper Campbell,Upper Campbell,Shore,Inland,49.88182,-125.6809865,CWS 3,FR-8051,0,0.75,7,Incoming,5,3,7,,7,5,3,7,,,316,196,,,,5:16:00
EV03010009,"Lindsay, Dave",Lea S. Menzies,EV,2003,6,6,157,3,16,180,120,0,0,Complete,Comox Lake,Comox Lake,Shore,Inland,49.58059992,-125.1864051,CWS 3,FR-8051,0,0.75,22,Incoming,21,1,22,,22,21,1,22,,,316,196,,,,5:16:00
EV03010010,"Lindsay, Dave",Kate Lindsay,EV,2003,6,10,161,3,14,180,120,0,0,Complete,Lake Cowichan,Lake Cowichan,Shore,Inland,48.875567,-124.239611,CWS 3,FR-8051,0,0.75,8,Incoming,7,3,8,,8,7,3,8,,,314,194,,,,5:14:00
EV03010011,"Lindsay, Dave",Lea S. Menzies,EV,2003,6,11,162,3,14,113,120,67,0,Complete,Nanaimo Lakes,Nanaimo Lakes,Shore,Inland,49.096082,-124.176203,CWS 3,FR-8051,0,0.75,3,Incoming,1,3,3,,3,1,3,3,,,314,194,,,,5:14:00
EV03010012,"Lindsay, Dave",Kate Lindsay,EV,2003,6,12,163,3,15,190,119,0,0,Complete,Jump Lake,Jump Lake,Shore,Inland,49.01024019,-124.2197039,CWS 3,FR-8051,0,0.75,3,Incoming,3,0,3,,3,3,0,3,,,314,195,,,,5:14:00
EV03010013,"Lindsay, Dave",Lea S. Menzies,EV,2003,6,17,168,3,13,180,120,0,0,Complete,Cameron Lake,Cameron Lake,Shore,Inland,49.28809409,-124.6297002,CWS 3,FR-8051,0,0.75,1,Incoming,1,0,1,,1,1,0,1,,,313,193,,,,5:13:00
EV03010014,"Lindsay, Dave",Kate Lindsay,EV,2003,6,18,169,3,13,180,120,0,0,Complete,Horne Lake,Horne Lake,Shore,Inland,49.33555642,-124.6605463,CWS 3,FR-8051,0,0.75,4,Incoming,4,0,4,,4,4,0,4,,,313,193,,,,5:13:00
EV03010015,"Lindsay, Dave",Lea S. Menzies,EV,2003,6,19,170,3,13,180,120,0,0,Complete,Lake Cowichan,Lake Cowichan,Shore,Inland,48.875567,-124.239611,CWS 3,FR-8051,0,0.75,8,Incoming,6,4,8,,8,6,4,8,,,313,193,,,,5:13:00
EV03010016,"Lindsay, Dave",Kate Lindsay,EV,2003,6,20,171,3,13,180,120,0,0,Complete,Lake Cowichan,Lake Cowichan,Shore,Inland,48.91982917,-124.3688439,CWS 3,FR-8051,0,0.75,25,Incoming,15,6,25,,25,15,6,25,,,313,193,,,,5:13:00
EV03010017,"Lindsay, Dave",Lea S. Menzies,EV,2003,6,23,174,3,14,180,120,0,0,Complete,Lake Cowichan,Lake Cowichan,Shore,Inland,48.875567,-124.239611,CWS 3,FR-8051,0,0.75,21,Incoming,21,0,21,,21,21,0,21,,,314,194,,,,5:14:00
EV03010018,"Lindsay, Dave",Kate Lindsay,EV,2003,6,24,175,3,14,180,120,0,0,Complete,Comox Lake,Comox Lake,Shore,Inland,49.580619,-125.186405,CWS 3,FR-8051,0,0.75,57,Incoming,40,17,57,57,57,40,17,57,57,,314,194,,,,5:14:00
EV03010019,"Lindsay, Dave",Lea S. Menzies,EV,2003,6,25,176,3,15,180,120,0,0,Complete,Comox Lake,Comox Lake,Shore,Inland,49.58059992,-125.1864051,CWS 3,FR-8051,0,0.75,34,Incoming,27,9,34,,34,27,9,34,,,315,195,,,,5:15:00
EV03010020,"Lindsay, Dave",Kate Lindsay,EV,2003,6,26,177,3,15,180,120,0,0,Complete,Jump Lake,Jump Lake,Shore,Inland,49.01024019,-124.2197039,CWS 3,FR-8051,0,0.75,6,Incoming,6,0,6,,6,6,0,6,,,315,195,,,,5:15:00
EV03010021,"Lindsay, Dave",Lea S. Menzies,EV,2003,7,3,184,3,19,180,120,0,0,Complete,Upper Campbell,Upper Campbell,Shore,Inland,49.88182,-125.6809865,CWS 3,FR-8051,0,0.75,9,Incoming,6,2,9,,9,6,2,9,,,319,199,,,,5:19:00
EV03010022,"Lindsay, Dave",Kate Lindsay,EV,2003,7,4,185,3,20,144,120,36,0,Complete,Upper Campbell,Upper Campbell,Shore,Inland,49.88182,-125.6809865,CWS 3,FR-8051,0,0.75,167,Incoming,154,30,167,167,167,154,30,167,167,,320,200,,,,5:20:00
EV03010023,"Lindsay, Dave",Lea S. Menzies,EV,2003,7,5,186,3,21,180,120,0,0,Complete,Upper Campbell,Upper Campbell,Shore,Inland,49.88182,-125.6809865,CWS 3,FR-8051,0,0.75,14,Incoming,14,0,14,,14,14,0,14,,,321,201,,,,5:21:00
EV03010024,"Lindsay, Dave",Kate Lindsay,EV,2003,7,8,189,3,23,197,120,0,0,Complete,Lake Cowichan,Lake Cowichan,Shore,Inland,48.875567,-124.239611,CWS 3,FR-8051,12.8,0.75,5,Incoming,5,0,5,,5,5,0,5,,,323,203,,,,5:23:00
EV03010025,"Lindsay, Dave",Lea S. Menzies,EV,2003,7,9,190,3,24,180,120,0,0,Complete,Cameron Lake,Cameron Lake,Shore,Inland,49.28809409,-124.6297002,CWS 3,FR-8051,12.8,0.75,21,Incoming,10,8,21,,21,10,8,21,,,324,204,,,,5:24:00
EV03010026,"Lindsay, Dave",Kate Lindsay,EV,2003,7,10,191,3,25,83,120,132,0,Complete,Lake Cowichan,Lake Cowichan,Shore,Inland,48.91982917,-124.3688439,CWS 3,FR-8051,12.8,0.75,88,Incoming,99,51,88,88,88,99,51,88,88,,325,205,,,,5:25:00
EV03010027,"Lindsay, Dave",Lea S. Menzies,EV,2003,7,15,196,3,30,180,120,0,0,Complete,Comox Lake,Comox Lake,Shore,Inland,49.580619,-125.186405,CWS 3,FR-8051,12.8,0.75,33,Incoming,19,19,33,,33,19,19,33,,,330,210,,,,5:30:00
EV03010028,"Lindsay, Dave",Kate Lindsay,EV,2003,7,16,197,3,31,180,120,0,0,Complete,Comox Lake,Comox Lake,Shore,Inland,49.580619,-125.186405,CWS 3,FR-8051,12.8,0.75,57,Incoming,52,4,57,57,57,52,4,57,57,,331,211,,,,5:31:00
EV03010030,"Lindsay, Dave",Kate Lindsay,EV,2003,7,22,203,3,38,120,120,67,0,Complete,Nanaimo Lakes,Nanaimo Lakes,Shore,Inland,49.099672,-124.176338,CWS 3,FR-8051,12.8,0.75,25,Incoming,25,0,25,25,25,25,0,25,25,- Lat and Lon Corrected Apr 2023,338,218,,,,5:38:00
EV03010032,"Lindsay, Dave",Kate Lindsay,EV,2003,7,24,205,3,40,163,120,30,0,Complete,Cameron Lake,Cameron Lake,Shore,Inland,49.28809409,-124.6297002,CWS 3,FR-8051,12.8,0.75,25,Incoming,18,5,25,25,25,18,5,25,25,,340,220,,,,5:40:00
EV03010033,"Lindsay, Dave",Lea S. Menzies,EV,2003,7,25,206,3,41,180,120,0,0,Complete,Horne Lake,Horne Lake,Shore,Inland,49.33555642,-124.6605463,CWS 3,FR-8051,12.8,0.75,9,Incoming,9,0,9,9,9,9,0,9,9,,341,221,,,,5:41:00
EV03010034,"Lindsay, Dave",Kate Lindsay,EV,2003,7,29,210,3,46,180,120,0,0,Complete,Upper Campbell,Upper Campbell,Shore,Inland,49.88182,-125.6809865,CWS 3,FR-8051,12.8,0.75,30,Incoming,18,9,30,,30,18,9,30,,,346,226,,,,5:46:00
EV03010035,"Lindsay, Dave",Lea S. Menzies,EV,2003,7,30,211,3,48,169,120,11,0,Complete,Upper Campbell,Upper Campbell,Shore,Inland,49.88182154,-125.6809865,CWS 3,FR-8051,12.8,0.75,105,Incoming,85,12,105,,105,85,12,105,,,348,228,,,,5:48:00
EV03010036,"Lindsay, Dave",Kate Lindsay,EV,2003,7,31,212,3,49,158,120,24,0,Complete,Upper Campbell,Upper Campbell,Shore,Inland,49.88182,-125.6809865,CWS 3,FR-8051,12.8,0.75,130,Incoming,103,26,130,,130,103,26,130,,,349,229,,,,5:49:00
EV03010037,"Lindsay, Dave",Lea S. Menzies,EV,2003,8,1,213,3,56,68,114,18,0,Complete,Upper Campbell,Upper Campbell,Shore,Inland,49.88182,-125.6809865,CWS 3,FR-8051,12.8,0.75,20,Incoming,15,4,20,,20,15,4,20,,,350,236,,,,5:50:00
EV03010038,"Lindsay, Dave",Kate Lindsay,EV,2003,8,5,217,3,56,147,120,33,0,Complete,Jump Lake,Jump Lake,Shore,Inland,49.01024019,-124.2197039,CWS 3,FR-8051,12.8,0.75,29,Incoming,20,9,29,29,29,20,9,29,29,,356,236,,,,5:56:00
EV03010040,"Lindsay, Dave",Kate Lindsay,EV,2003,8,12,224,4,6,172,120,0,0,Complete,Comox Lake,Comox Lake,Shore,Inland,49.58059992,-125.1864051,CWS 3,FR-8051,12.8,0.75,19,Incoming,12,8,19,,19,12,8,19,,,366,246,,,,6:06:00
EV03010041,"Lindsay, Dave",Lea S. Menzies,EV,2003,8,13,225,4,7,0,120,180,0,Complete,Upper Campbell,Upper Campbell,Shore,Inland,49.88182,-125.6809865,CWS 3,FR-8051,12.8,0.75,32,Incoming,12,16,32,,32,12,16,32,,,367,247,,,,6:07:00
EV04010001,"Lindsay, Dave",Lea S. Menzies,EV,2004,5,28,149,3,21,180,120,0,0,Complete,Lake Cowichan,Lake Cowichan,Shore,Inland,48.91982917,-124.3688439,CWS 3,FR-8051,12.8,0.75,62,Incoming,45,19,62,62,62,45,19,62,62,,321,201,,,,5:21:00
EV04010002,"Lindsay, Dave",Kate Lindsay,EV,2004,6,1,153,3,18,165,120,15,0,Complete,Comox Lake,Comox Lake,Shore,Inland,49.580619,-125.186405,CWS 3,FR-8051,12.8,0.75,158,Incoming,113,52,158,,158,113,52,158,,,318,198,,,,5:18:00
EV04010003,"Lindsay, Dave",Lea S. Menzies,EV,2004,6,2,154,3,17,181,120,0,0,Complete,Comox Lake,Comox Lake,Shore,Inland,49.58059992,-125.1864051,CWS 3,FR-8051,12.8,0.75,129,Incoming,109,13,129,,129,109,13,129,,,317,197,,,,5:17:00
EV04010004,"Lindsay, Dave",Lea S. Menzies,EV,2004,6,3,155,3,17,180,120,0,0,Complete,Horne Lake,Horne Lake,Shore,Inland,49.33555642,-124.6605463,CWS 3,FR-8051,12.8,0.75,15,Incoming,15,0,15,15,15,15,0,15,15,,317,197,,,,5:17:00
EV04010005,"Lindsay, Dave",Kate Lindsay,EV,2004,6,4,156,3,16,98,120,82,0,Complete,Cameron Lake,Cameron Lake,Shore,Inland,49.28809409,-124.6297002,CWS 3,FR-8051,12.8,0.75,12,Incoming,4,8,12,,12,4,8,12,,,316,196,,,,5:16:00
EV04010006,"Lindsay, Dave",Lea S. Menzies,EV,2004,6,9,161,3,14,180,120,0,0,Complete,Jump Lake,Jump Lake,Shore,Inland,49.01024019,-124.2197039,CWS 3,FR-8051,12.8,0.75,5,Incoming,5,0,5,,5,5,0,5,,,314,194,,,,5:14:00
EV04010007,"Lindsay, Dave",Kate Lindsay,EV,2004,6,10,162,3,13,181,121,0,0,Complete,Sooke Lake,Sooke Lake,Shore,Inland,48.558567,-123.702649,CWS 3,FR-8051,12.8,0.75,11,Incoming,5,4,11,,11,5,4,11,,,314,193,,,,5:14:00
EV04010008,"Lindsay, Dave",Lea S. Menzies,EV,2004,6,15,167,3,13,180,120,0,0,Complete,Upper Campbell,Upper Campbell,Shore,Inland,49.88182,-125.6809865,CWS 3,FR-8051,12.8,0.75,24,Incoming,10,9,24,,24,10,9,24,,,313,193,,,,5:13:00
EV04010009,"Lindsay, Dave",Lea S. Menzies,EV,2004,6,16,168,3,13,155,120,25,0,Complete,Upper Campbell,Upper Campbell,Shore,Inland,49.88182154,-125.6809865,CWS 3,FR-8051,12.8,0.75,278,Incoming,202,74,278,,278,202,74,278,,,313,193,,,,5:13:00
EV04010010,"Lindsay, Dave",Kate Lindsay,EV,2004,6,17,169,3,13,85,120,95,0,Complete,Upper Campbell,Upper Campbell,Shore,Inland,49.88182,-125.6809865,CWS 3,FR-8051,12.8,0.75,340,Incoming,202,147,340,,340,202,147,340,,,313,193,,,,5:13:00
EV04010011,"Lindsay, Dave",Kate Lindsay,EV,2004,6,23,175,3,14,30,120,150,0,Complete,Nanaimo Lakes,Nanaimo Lakes,Shore,Inland,49.096082,-124.176203,CWS 3,FR-8051,12.8,0.75,12,Incoming,12,3,12,,12,12,3,12,,,314,194,,,,5:14:00
EV04010012,"Lindsay, Dave",Kate Lindsay,EV,2004,6,24,176,3,15,100,118,80,0,Complete,Lake Cowichan,Lake Cowichan,Shore,Inland,48.91982917,-124.3688439,CWS 3,FR-8051,12.8,0.75,59,Incoming,46,45,59,,59,46,45,59,,,313,195,,,,5:13:00
EV04010013,"Lindsay, Dave",Kate Lindsay,EV,2004,6,30,182,3,18,40,120,140,0,Complete,Comox Lake,Comox Lake,Shore,Inland,49.58059992,-125.1864051,CWS 3,FR-8051,12.8,0.75,204,Incoming,180,40,204,204,204,180,40,204,204,,318,198,,,,5:18:00
EV04010014,"Lindsay, Dave",Lea S. Menzies,EV,2004,7,2,184,3,19,131,120,50,0,Complete,Sooke Lake,Sooke Lake,Shore,Inland,48.558567,-123.702649,CWS 3,FR-8051,12.8,0.75,47,Incoming,15,20,47,47,47,15,20,47,47,,319,199,,,,5:19:00
EV04010015,"Lindsay, Dave",Lea S. Menzies,EV,2004,7,7,189,3,20,182,122,0,0,Complete,Cameron Lake,Cameron Lake,Shore,Inland,49.28809409,-124.6297002,CWS 3,FR-8051,12.8,0.75,18,Incoming,12,6,18,18,18,12,6,18,18,,322,200,,,,5:22:00
EV04010016,"Lindsay, Dave",Kate Lindsay,EV,2004,7,8,190,3,24,180,120,0,0,Complete,Horne Lake,Horne Lake,Shore,Inland,49.33555642,-124.6605463,CWS 3,FR-8051,12.8,0.75,8,Incoming,8,0,8,,8,8,0,8,,,324,204,,,,5:24:00
EV04010017,"Lindsay, Dave",Lea S. Menzies,EV,2004,7,13,195,3,28,0,120,180,0,Complete,Upper Campbell,Upper Campbell,Shore,Inland,49.88182,-125.6809865,CWS 3,FR-8051,12.8,0.75,248,Incoming,213,46,248,,248,213,46,248,,,328,208,,,,5:28:00
EV04010018,"Lindsay, Dave",Kate Lindsay,EV,2004,7,14,196,3,29,180,120,0,0,Complete,Upper Campbell,Upper Campbell,Shore,Inland,49.88182,-125.6809865,CWS 3,FR-8051,12.8,0.75,37,Incoming,26,11,37,,37,26,11,37,,,329,209,,,,5:29:00
EV04010019,"Lindsay, Dave",Kate Lindsay,EV,2004,7,15,197,3,30,180,120,0,0,Complete,Upper Campbell,Upper Campbell,Shore,Inland,49.88182154,-125.6809865,CWS 3,FR-8051,12.8,0.75,426,Incoming,303,156,426,426,426,303,156,426,426,,330,210,,,,5:30:00
EV04010020,"Lindsay, Dave",Lea S. Menzies,EV,2004,7,16,198,3,32,180,120,0,0,Complete,Comox Lake,Comox Lake,Shore,Inland,49.580619,-125.186405,CWS 3,FR-8051,12.8,0.75,89,Incoming,67,34,89,,89,67,34,89,,,332,212,,,,5:32:00
EV04010021,"Lindsay, Dave",Kate Lindsay,EV,2004,7,20,202,3,36,180,120,0,0,Complete,Jump Lake,Jump Lake,Shore,Inland,49.01024019,-124.2197039,CWS 3,FR-8051,12.8,0.75,11,Incoming,11,0,11,11,11,11,0,11,11,,336,216,,,,5:36:00
EV04010022,"Lindsay, Dave",Kate Lindsay,EV,2004,7,21,203,3,37,180,120,0,0,Complete,Nanaimo Lakes,Nanaimo Lakes,Shore,Inland,49.096082,-124.176203,CWS 3,FR-8051,12.8,0.75,21,Incoming,14,5,21,21,21,14,5,21,21,,337,217,,,,5:37:00
EV04010023,"Lindsay, Dave",Lea S. Menzies,EV,2004,7,22,204,3,39,180,120,0,0,Complete,Lake Cowichan,Lake Cowichan,Shore,Inland,48.91982917,-124.3688439,CWS 3,FR-8051,12.8,0.75,33,Incoming,16,2,33,,33,16,2,33,,,339,219,,,,5:39:00
EV04010024,"Lindsay, Dave",Kate Lindsay,EV,2004,7,23,205,3,40,180,120,0,0,Complete,Cameron Lake,Cameron Lake,Shore,Inland,49.28809409,-124.6297002,CWS 3,FR-8051,12.8,0.75,9,Incoming,9,0,9,,9,9,0,9,,,340,220,,,,5:40:00
EV04010025,"Lindsay, Dave",Lea S. Menzies,EV,2004,7,30,212,3,44,185,125,0,0,Complete,Sooke Lake,Sooke Lake,Shore,Inland,48.558567,-123.702649,CWS 3,FR-8051,12.8,0.75,30,Incoming,25,5,30,,30,25,5,30,,,349,224,,,,5:49:00
EV04010026,"Lindsay, Dave",Kate Lindsay,EV,2004,8,10,223,4,4,180,60,0,0,Complete,Comox Lake,Comox Lake,Shore,Inland,49.58059992,-125.1864051,CWS 3,FR-8051,12.8,0.75,33,Incoming,15,13,33,,33,15,13,33,,,304,244,,,,5:04:00
EV04010027,"Lindsay, Dave",Lea S. Menzies,EV,2004,8,11,224,4,6,180,60,0,0,Complete,Upper Campbell,Upper Campbell,Shore,Inland,49.88182154,-125.6809865,CWS 3,FR-8051,12.8,0.75,50,Incoming,42,4,50,,50,42,4,50,,,306,246,,,,5:06:00
EV04010028,"Lindsay, Dave",Kate Lindsay,EV,2004,8,12,225,4,7,180,60,0,0,Complete,Upper Campbell,Upper Campbell,Shore,Inland,49.88182,-125.6809865,CWS 3,FR-8051,12.8,0.75,118,Incoming,72,49,118,,118,72,49,118,,,307,247,,,,5:07:00
EV04010029,"Lindsay, Dave",Lea S. Menzies,EV,2004,8,14,227,4,8,0,60,180,0,Complete,Comox Lake,Comox Lake,Shore,Inland,49.580619,-125.186405,CWS 3,FR-8051,12.8,0.75,50,Incoming,9,39,50,,50,9,39,50,,,308,248,,,,5:08:00
EV05010001,"Lindsay, Dave",Caeley Thacker,EV,2005,5,25,145,3,24,194,120,0,0,Complete,Lake Cowichan,Lake Cowichan,Shore,Inland,48.875567,-124.239611,CWS 3,FR-8051,12.8,0.75,26,Incoming,29,14,26,,26,29,14,26,,,324,204,,,,5:24:00
EV05010002,"Lindsay, Dave",Kate Lindsay,EV,2005,5,26,146,3,25,179,118,0,0,Complete,Sooke Lake,Sooke Lake,Shore,Inland,48.558567,-123.702649,CWS 3,FR-8051,12.8,0.75,26,Outgoing,24,26,22,,26,24,26,22,,,323,205,,,,5:23:00
EV05010003,"Lindsay, Dave",Caeley Thacker,EV,2005,5,27,147,3,22,180,120,0,0,Complete,Nanaimo Lakes,Nanaimo Lakes,Shore,Inland,49.096082,-124.176203,CWS 3,FR-8051,12.8,0.75,14,Outgoing,12,14,9,,14,12,14,9,,,322,202,,,,5:22:00
EV05010004,"Lindsay, Dave",Kate Lindsay,EV,2005,5,28,148,3,27,178,114,0,0,Complete,Lake Cowichan,Lake Cowichan,Shore,Inland,48.875567,-124.239611,CWS 3,FR-8051,12.8,0.75,63,Outgoing,18,63,17,63,63,18,63,17,63,,321,207,,,,5:21:00
EV05010005,"Lindsay, Dave",Caeley Thacker,EV,2005,6,1,152,3,19,180,120,0,0,Complete,Upper Campbell,Upper Campbell,Shore,Inland,49.88182154,-125.6809865,CWS 3,FR-8051,12.8,0.75,207,Incoming,222,63,207,,207,222,63,207,,,319,199,,,,5:19:00
EV05010006,"Lindsay, Dave",Kate Lindsay,EV,2005,6,2,153,3,17,180,120,0,0,Complete,Comox Lake,Comox Lake,Shore,Inland,49.580619,-125.186405,CWS 3,FR-8051,12.8,0.75,432,Incoming,438,17,432,432,432,438,17,432,432,,317,197,,,,5:17:00
EV05010007,"Lindsay, Dave",Caeley Thacker,EV,2005,6,3,154,3,17,180,120,0,0,Complete,Comox Lake,Comox Lake,Shore,Inland,49.5806727,-125.1868372,CWS 3,FR-8051,12.8,0.75,355,Incoming,363,123,355,,355,363,123,355,,,317,197,,,,5:17:00
EV05010008,"Lindsay, Dave",Kate Lindsay,EV,2005,6,7,158,3,12,180,120,0,0,Complete,Lake Cowichan,Lake Cowichan,Shore,Inland,48.875567,-124.239611,CWS 3,FR-8051,12.8,0.75,21,Incoming,21,4,21,,21,21,4,21,,,312,192,,,,5:12:00
EV05010009,"Lindsay, Dave",Caeley Thacker,EV,2005,6,10,161,3,13,180,120,0,0,Complete,Jump Lake,Jump Lake,Shore,Inland,49.01024019,-124.2197039,CWS 3,FR-8051,12.8,0.75,8,Incoming,9,5,8,8,8,9,5,8,8,,313,193,,,,5:13:00
EV05010010,"Lindsay, Dave",Caeley Thacker,EV,2005,6,14,165,3,21,119,113,0,0,Complete,Cameron Lake,Cameron Lake,Shore,Inland,49.28809409,-124.6297002,CWS 3,FR-8051,12.8,0.75,25,Incoming,25,11,25,25,25,25,11,25,25,,314,201,,,,5:14:00
EV05010011,"Lindsay, Dave",Kate Lindsay,EV,2005,6,15,166,3,13,180,120,0,0,Complete,Cameron Lake,Cameron Lake,Shore,Inland,49.28809409,-124.6297002,CWS 3,FR-8051,12.8,0.75,18,Incoming,19,8,18,,18,19,8,18,,,313,193,,,,5:13:00
EV05010012,"Lindsay, Dave",Caeley Thacker,EV,2005,6,16,167,3,13,180,120,0,0,Complete,Horne Lake,Horne Lake,Shore,Inland,49.33555642,-124.6605463,CWS 3,FR-8051,12.8,0.75,19,Incoming,23,19,19,,19,23,19,19,,,313,193,,,,5:13:00
EV05010013,"Lindsay, Dave",Kate Lindsay,EV,2005,6,21,172,3,14,180,120,0,0,Complete,Upper Campbell,Upper Campbell,Shore,Inland,49.88182,-125.6809865,CWS 3,FR-8051,12.8,0.75,16,Outgoing,5,16,5,,16,5,16,5,,,314,194,,,,5:14:00
EV05010014,"Lindsay, Dave",Caeley Thacker,EV,2005,6,22,173,3,14,180,120,0,0,Complete,Upper Campbell,Upper Campbell,Shore,Inland,49.88182154,-125.6809865,CWS 3,FR-8051,12.8,0.75,284,Incoming,284,54,284,284,284,284,54,284,284,,314,194,,,,5:14:00
EV05010015,"Lindsay, Dave",Kate Lindsay,EV,2005,6,23,174,3,14,180,120,0,0,Complete,Nanaimo Lakes,Nanaimo Lakes,Shore,Inland,49.0765069,-124.4044344,CWS 3,FR-8051,12.8,0.75,13,Outgoing,9,13,9,,13,9,13,9,,,314,194,,,,5:14:00
EV05010016,"Lindsay, Dave",Caeley Thacker,EV,2005,6,24,175,3,15,180,120,0,0,Complete,Sooke Lake,Sooke Lake,Shore,Inland,48.558567,-123.702649,CWS 3,FR-8051,12.8,0.75,68,Incoming,72,5,68,68,68,72,5,68,68,,315,195,,,,5:15:00
EV05010017,"Lindsay, Dave",Kate Lindsay,EV,2005,6,28,179,3,15,181,121,0,0,Complete,Lake Cowichan,Lake Cowichan,Shore,Inland,48.91957064,-124.3686458,CWS 3,FR-8051,12.8,0.75,13,Outgoing,44,13,10,,13,44,13,10,,,316,195,,,,5:16:00
EV05010018,"Lindsay, Dave",Caeley Thacker,EV,2005,6,30,181,3,17,180,120,0,0,Complete,Lake Cowichan,Lake Cowichan,Shore,Inland,48.91957064,-124.3686458,CWS 3,FR-8051,12.8,0.75,48,Incoming,48,36,48,,48,48,36,48,,,317,197,,,,5:17:00
EV05010019,"Lindsay, Dave",Kate Lindsay,EV,2005,7,4,185,3,25,180,115,0,0,Complete,Lake Cowichan,Lake Cowichan,Shore,Inland,48.875567,-124.239611,CWS 3,FR-8051,12.8,0.75,29,Outgoing,11,29,11,,29,11,29,11,,,320,205,,,,5:20:00
EV05010020,"Lindsay, Dave",Caeley Thacker,EV,2005,7,5,186,3,21,141,120,0,0,Complete,Lake Cowichan,Lake Cowichan,Shore,Inland,48.875567,-124.239611,CWS 3,FR-8051,12.8,0.75,31,Incoming,32,29,31,,31,32,29,31,,,321,201,,,,5:21:00
EV05010021,"Lindsay, Dave",Kate Lindsay,EV,2005,7,6,187,3,22,180,120,0,0,Complete,Sooke Lake,Sooke Lake,Shore,Inland,48.558567,-123.702649,CWS 3,FR-8051,12.8,0.75,4,Outgoing,3,4,2,,4,3,4,2,,,322,202,,,,5:22:00
EV05010022,"Lindsay, Dave",Caeley Thacker,EV,2005,7,7,188,3,23,180,120,0,0,Complete,Sooke Lake,Sooke Lake,Shore,Inland,48.558567,-123.702649,CWS 3,FR-8051,12.8,0.75,13,Incoming,13,5,13,,13,13,5,13,,,323,203,,,,5:23:00
EV05010023,"Lindsay, Dave",Kate Lindsay,EV,2005,7,12,193,3,30,177,117,0,0,Complete,Comox Lake,Comox Lake,Shore,Inland,49.5806727,-125.1868372,CWS 3,FR-8051,12.8,0.75,32,Incoming,34,19,32,,32,34,19,32,,,327,210,,,,5:27:00
EV05010024,"Lindsay, Dave",Caeley Thacker,EV,2005,7,13,194,3,28,180,120,0,0,Complete,Comox Lake,Comox Lake,Shore,Inland,49.5806727,-125.1868372,CWS 3,FR-8051,12.8,0.75,103,Incoming,118,72,103,,103,118,72,103,,,328,208,,,,5:28:00
EV05010025,"Lindsay, Dave",Caeley Thacker,EV,2005,7,14,195,3,27,182,122,0,0,Complete,Comox Lake,Comox Lake,Shore,Inland,49.580619,-125.186405,CWS 3,FR-8051,12.8,0.75,74,Incoming,76,19,74,,74,76,19,74,,,329,207,,,,5:29:00
EV05010026,"Lindsay, Dave",Caeley Thacker,EV,2005,7,19,200,3,29,186,126,0,0,Complete,Nanaimo Lakes,Nanaimo Lakes,Shore,Inland,49.0765069,-124.4044344,CWS 3,FR-8051,12.8,0.75,34,Incoming,34,30,34,34,34,34,30,34,34,,335,209,,,,5:35:00
EV05010027,"Lindsay, Dave",Kate Lindsay,EV,2005,7,20,201,3,36,180,120,0,0,Complete,Nanaimo Lakes,Nanaimo Lakes,Shore,Inland,49.0765069,-124.4044344,CWS 3,FR-8051,12.8,0.75,23,Incoming,26,19,23,,23,26,19,23,,,336,216,,,,5:36:00
EV05010028,"Lindsay, Dave",Caeley Thacker,EV,2005,7,22,203,3,36,180,120,0,0,Complete,Nanaimo Lakes,Nanaimo Lakes,Shore,Inland,49.096082,-124.176203,CWS 3,FR-8051,12.8,0.75,18,Incoming,21,18,18,,18,21,18,18,,,336,216,,,,5:36:00
EV05010029,"Lindsay, Dave",Kate Lindsay,EV,2005,7,25,206,3,42,180,120,0,0,Complete,Comox Lake,Comox Lake,Shore,Inland,49.580619,-125.186405,CWS 3,FR-8051,12.8,0.75,18,Incoming,21,11,18,,18,21,11,18,,,342,222,,,,5:42:00
EV05010030,"Lindsay, Dave",Caeley Thacker,EV,2005,7,26,207,3,43,180,120,0,0,Complete,Upper Campbell,Upper Campbell,Shore,Inland,49.88182,-125.6809865,CWS 3,FR-8051,12.8,0.75,26,Outgoing,9,26,9,,26,9,26,9,,,343,223,,,,5:43:00
EV05010031,"Lindsay, Dave",Kate Lindsay,EV,2005,7,27,208,3,45,180,120,0,0,Complete,Upper Campbell,Upper Campbell,Shore,Inland,49.88182,-125.6809865,CWS 3,FR-8051,12.8,0.75,15,Incoming,17,10,15,,15,17,10,15,,,345,225,,,,5:45:00
EV05010032,"Lindsay, Dave",Caeley Thacker,EV,2005,7,28,209,3,46,180,120,0,0,Complete,Upper Campbell,Upper Campbell,Shore,Inland,49.88182154,-125.6809865,CWS 3,FR-8051,12.8,0.75,178,Incoming,179,18,178,,178,179,18,178,,,346,226,,,,5:46:00
EV05010033,"Lindsay, Dave",Kate Lindsay,EV,2005,8,3,215,4,2,172,112,0,0,Complete,Nanaimo Lakes,Nanaimo Lakes,Shore,Inland,49.096082,-124.176203,CWS 3,FR-8051,12.8,0.75,6,Outgoing,2,6,2,,6,2,6,2,,,354,242,,,,5:54:00
EV05010034,"Lindsay, Dave",Caeley Thacker,EV,2005,8,4,216,3,54,180,120,0,0,Complete,Horne Lake,Horne Lake,Shore,Inland,49.33555642,-124.6605463,CWS 3,FR-8051,12.8,0.75,14,Incoming,14,8,14,,14,14,8,14,,,354,234,,,,5:54:00
EV05010035,"Lindsay, Dave",Caeley Thacker,EV,2005,8,10,222,4,3,180,120,0,0,Complete,Horne Lake,Horne Lake,Shore,Inland,49.33555642,-124.6605463,CWS 3,FR-8051,12.8,0.75,32,Incoming,32,7,32,32,32,32,7,32,32,,363,243,,,,6:03:00
EV06010001,"Lindsay, Dave",Caeley Thacker,EV,2006,5,24,144,3,24,180,118,0,0,Complete,Lake Cowichan,Lake Cowichan,Shore,Inland,48.91957064,-124.3686458,CWS 3,FR-8051,12.8,0.75,9,Incoming,10,9,9,,9,10,9,9,,,322,204,,,,5:22:00
EV06010002,"Lindsay, Dave",Caeley Thacker,EV,2006,5,25,145,3,45,170,97,0,0,Complete,Nanaimo Lakes,Nanaimo Lakes,Shore,Inland,49.0765069,-124.4044344,CWS 3,FR-8051,12.8,0.75,4,Incoming,5,4,4,,4,5,4,4,,,322,225,,,,5:22:00
EV06010003,"Lindsay, Dave",Lana Cortese,EV,2006,5,30,150,3,17,180,120,0,0,Complete,Sooke Lake,Sooke Lake,Shore,Inland,48.558567,-123.702649,CWS 3,FR-8051,12.8,0.75,3,Incoming,6,2,3,,3,6,2,3,,,317,197,,,,5:17:00
EV06010004,"Lindsay, Dave",Caeley Thacker,EV,2006,5,31,151,3,18,178,118,0,0,Complete,Comox Lake,Comox Lake,Shore,Inland,49.5806727,-125.1868372,CWS 3,FR-8051,12.8,0.75,26,Incoming,27,9,26,,26,27,9,26,,,316,198,,,,5:16:00
EV06010005,"Lindsay, Dave",Lana Cortese,EV,2006,6,1,152,3,15,180,120,0,0,Complete,Upper Campbell,Upper Campbell,Shore,Inland,49.88182154,-125.6809865,CWS 3,FR-8051,12.8,0.75,36,Incoming,37,18,36,,36,37,18,36,,,315,195,,,,5:15:00
EV06010007,"Lindsay, Dave",Lana Cortese,EV,2006,6,7,158,3,18,180,117,0,0,Complete,Lake Cowichan,Lake Cowichan,Shore,Inland,48.91957064,-124.3686458,CWS 3,FR-8051,12.8,0.75,41,Incoming,52,17,41,,41,52,17,41,,,315,198,,,,5:15:00
EV06010008,"Lindsay, Dave",Caeley Thacker,EV,2006,6,8,159,3,9,183,123,0,0,Complete,Lake Cowichan,Lake Cowichan,Shore,Inland,48.91957064,-124.3686458,CWS 3,FR-8051,12.8,0.75,22,Incoming,23,13,22,,22,23,13,22,,,312,189,,,,5:12:00
EV06010009,"Lindsay, Dave",Lana Cortese,EV,2006,6,13,164,3,10,180,120,0,0,Complete,Nanaimo Lakes,Nanaimo Lakes,Shore,Inland,49.0765069,-124.4044344,CWS 3,FR-8051,12.8,0.75,36,Outgoing,19,36,13,,36,19,36,13,,,310,190,,,,5:10:00
EV06010010,"Lindsay, Dave",Caeley Thacker,EV,2006,6,14,165,3,10,180,120,0,0,Complete,Nanaimo Lakes,Nanaimo Lakes,Shore,Inland,49.0765069,-124.4044344,CWS 3,FR-8051,12.8,0.75,45,Outgoing,23,45,21,,45,23,45,21,,,310,190,,,,5:10:00
EV06010011,"Lindsay, Dave",Lana Cortese,EV,2006,6,16,167,3,10,180,120,0,0,Complete,Sooke Lake,Sooke Lake,Shore,Inland,48.558567,-123.702649,CWS 3,FR-8051,12.8,0.75,22,Outgoing,17,22,14,,22,17,22,14,,,310,190,,,,5:10:00
EV06010012,"Lindsay, Dave",Caeley Thacker,EV,2006,6,21,172,3,9,182,122,0,0,Complete,Comox Lake,Comox Lake,Shore,Inland,49.5806727,-125.1868372,CWS 3,FR-8051,12.8,0.75,56,Incoming,56,19,56,,56,56,19,56,,,311,189,,,,5:11:00
EV06010013,"Lindsay, Dave",Lana Cortese,EV,2006,6,22,173,3,15,180,116,0,0,Complete,Comox Lake,Comox Lake,Shore,Inland,49.5806727,-125.1868372,CWS 3,FR-8051,12.8,0.75,23,Incoming,28,19,23,,23,28,19,23,,,311,195,,,,5:11:00
EV06010014,"Lindsay, Dave",Caeley Thacker,EV,2006,6,27,178,3,13,120,120,60,0,Complete,Upper Campbell,Upper Campbell,Shore,Inland,49.88182154,-125.6809865,CWS 3,FR-8051,12.8,0.75,231,Incoming,233,32,231,231,231,233,32,231,231,,313,193,,,,5:13:00
EV06010015,"Lindsay, Dave",Lana Cortese,EV,2006,6,28,179,3,12,181,121,0,0,Complete,Upper Campbell,Upper Campbell,Shore,Inland,49.88182154,-125.6809865,CWS 3,FR-8051,12.8,0.75,110,Incoming,112,44,110,,110,112,44,110,,,313,192,,,,5:13:00
EV06010017,"Lindsay, Dave",Caeley Thacker,EV,2006,7,5,186,3,18,154,120,26,0,Complete,Lake Cowichan,Lake Cowichan,Shore,Inland,48.91957064,-124.3686458,CWS 3,FR-8051,12.8,0.75,73,Incoming,73,15,73,73,73,73,15,73,73,,318,198,,,,5:18:00
EV06010018,"Lindsay, Dave",Lana Cortese,EV,2006,7,6,187,3,18,180,120,0,0,Complete,Comox Lake,Comox Lake,Shore,Inland,49.5806727,-125.1868372,CWS 3,FR-8051,12.8,0.75,165,Incoming,167,24,165,165,165,167,24,165,165,,318,198,,,,5:18:00
EV06010019,"Lindsay, Dave",Lana Cortese,EV,2006,7,12,193,3,21,178,123,11,7,Complete,Nanaimo Lakes,Nanaimo Lakes,Shore,Inland,49.096082,-124.176203,CWS 3,FR-8051,12.8,0.75,107,Outgoing,95,107,94,107,107,95,107,94,107,>10 minutes of interference,324,201,,,,5:24:00
EV06010020,"Lindsay, Dave",Caeley Thacker,EV,2006,7,14,195,3,23,145,122,37,0,Complete,Sooke Lake,Sooke Lake,Shore,Inland,48.558567,-123.702649,CWS 3,FR-8051,12.8,0.75,36,Outgoing,37,36,35,36,36,37,36,35,36,,325,203,,,,5:25:00
EV06010023,"Lindsay, Dave",Lana Cortese,EV,2006,7,20,201,3,28,198,125,19,0,Complete,Upper Campbell,Upper Campbell,Shore,Inland,49.88182154,-125.6809865,CWS 3,FR-8051,12.8,0.75,157,Incoming,205,82,157,,157,205,82,157,,,333,208,,,,5:33:00
EV06010024,"Lindsay, Dave",Caeley Thacker,EV,2006,7,27,208,4,7,120,94,0,0,Complete,Comox Lake,Comox Lake,Shore,Inland,49.5806727,-125.1868372,CWS 3,FR-8051,12.8,0.75,25,Incoming,27,4,25,,25,27,4,25,,,341,247,,,,5:41:00
EV06010025,"Lindsay, Dave",Lana Cortese,EV,2006,7,28,209,3,40,172,123,11,0,Complete,Lake Cowichan,Lake Cowichan,Shore,Inland,48.91957064,-124.3686458,CWS 3,FR-8051,12.8,0.75,12,Incoming,12,3,12,,12,12,3,12,,>10 minutes of interference,343,220,,,,5:43:00
EV06010027,"Lindsay, Dave",Lana Cortese,EV,2006,8,2,214,3,49,180,120,0,0,Complete,Upper Campbell,Upper Campbell,Shore,Inland,49.88182154,-125.6809865,CWS 3,FR-8051,12.8,0.75,26,Incoming,29,9,26,,26,29,9,26,,,349,229,,,,5:49:00
EV06010028,"Lindsay, Dave",Caeley Thacker,EV,2006,8,3,215,4,18,153,93,0,0,Complete,Nanaimo Lakes,Nanaimo Lakes,Shore,Inland,49.0765069,-124.4044344,CWS 3,FR-8051,12.8,0.75,12,Outgoing,10,12,10,,12,10,12,10,,,351,258,,,,5:51:00
EV07010001,"Lindsay, Dave",Caeley Thacker,EV,2007,5,22,142,3,12,182,133,11,0,Complete,Lake Cowichan,Lake Cowichan,Shore,Inland,48.91957064,-124.3686458,CWS 3,FR-8051,12.8,0.75,27,Incoming,27,3,27,27,27,27,3,27,27,>10 minutes of interference,325,192,,,,5:25:00
EV07010002,"Lindsay, Dave",Roxanne Tripp,EV,2007,5,23,143,3,10,193,133,0,0,Complete,Sooke Lake,Sooke Lake,Shore,Inland,48.558567,-123.702649,CWS 3,FR-8051,12.8,0.75,0,,0,0,0,,0,0,0,0,,,323,190,,,,5:23:00
EV07010003,"Lindsay, Dave",Roxanne Tripp,EV,2007,5,24,144,3,22,169,120,11,0,Complete,Nanaimo Lakes,Nanaimo Lakes,Shore,Inland,49.0765069,-124.4044344,CWS 3,FR-8051,12.8,0.75,6,Incoming,7,3,6,,6,7,3,6,,>10 minutes of interference,322,202,,,,5:22:00
EV07010004,"Lindsay, Dave",Caeley Thacker,EV,2007,5,29,149,3,18,180,120,0,0,Complete,Comox Lake,Comox Lake,Shore,Inland,49.5806727,-125.1868372,CWS 3,FR-8051,12.8,0.75,10,Incoming,10,7,10,,10,10,7,10,,,318,198,,,,5:18:00
EV07010005,"Lindsay, Dave",Caeley Thacker,EV,2007,6,4,155,3,6,177,128,11,0,Complete,Lake Cowichan,Lake Cowichan,Shore,Inland,48.91957064,-124.3686458,CWS 3,FR-8051,12.8,0.75,21,Outgoing,8,21,8,,21,8,21,8,,>10 minutes of interference,314,186,,,,5:14:00
EV07010006,"Lindsay, Dave",Roxanne Tripp,EV,2007,6,11,162,3,11,162,120,0,0,Complete,Sooke Lake,Sooke Lake,Shore,Inland,48.558567,-123.702649,CWS 3,FR-8051,12.8,0.75,7,Incoming,7,4,7,7,7,7,4,7,7,,311,191,,,,5:11:00
EV07010007,"Lindsay, Dave",Roxanne Tripp,EV,2007,6,14,165,3,10,180,121,0,0,Complete,Upper Campbell,Upper Campbell,Shore,Inland,49.88182154,-125.6809865,CWS 3,FR-8051,12.8,0.75,16,Outgoing,13,16,13,,16,13,16,13,,,311,190,,,,5:11:00
EV07010009,"Lindsay, Dave",Roxanne Tripp,EV,2007,6,19,170,3,10,169,120,11,0,Complete,Nanaimo Lakes,Nanaimo Lakes,Shore,Inland,49.0765069,-124.4044344,CWS 3,FR-8051,12.8,0.75,9,Incoming,9,2,9,9,9,9,2,9,9,>10 minutes of interference,310,190,,,,5:10:00
EV07010010,"Lindsay, Dave",Caeley Thacker,EV,2007,6,20,171,3,10,180,120,0,0,Complete,Comox Lake,Comox Lake,Shore,Inland,49.5806727,-125.1868372,CWS 3,FR-8051,12.8,0.75,16,Incoming,16,1,16,16,16,16,1,16,16,,310,190,,,,5:10:00
EV07010012,"Lindsay, Dave",Caeley Thacker,EV,2007,6,25,176,3,9,183,123,0,0,Complete,Lake Cowichan,Lake Cowichan,Shore,Inland,48.91957064,-124.3686458,CWS 3,FR-8051,12.8,0.75,8,Incoming,9,1,8,,8,9,1,8,,,312,189,,,,5:12:00
EV07010013,"Lindsay, Dave",Caeley Thacker,EV,2007,6,27,178,3,12,180,120,0,0,Complete,Lake Cowichan,Lake Cowichan,Shore,Inland,48.91957064,-124.3686458,CWS 3,FR-8051,12.8,0.75,15,Incoming,16,6,15,,15,16,6,15,,,312,192,,,,5:12:00
EV07010014,"Lindsay, Dave",Roxanne Tripp,EV,2007,6,29,180,3,14,169,120,11,0,Complete,Nanaimo Lakes,Nanaimo Lakes,Shore,Inland,49.0765069,-124.4044344,CWS 3,FR-8051,12.8,0.75,1,Incoming,1,0,1,,1,1,0,1,,>10 minutes of interference,314,194,,,,5:14:00
EV07010015,"Lindsay, Dave",Roxanne Tripp,EV,2007,7,3,184,3,16,180,120,0,0,Complete,Nanaimo Lakes,Nanaimo Lakes,Shore,Inland,49.0765069,-124.4044344,CWS 3,FR-8051,12.8,0.75,5,Incoming,5,4,5,,5,5,4,5,,,316,196,,,,5:16:00
EV07010016,"Lindsay, Dave",Caeley Thacker,EV,2007,7,5,186,3,18,169,120,11,0,Complete,Sooke Lake,Sooke Lake,Shore,Inland,48.558567,-123.702649,CWS 3,FR-8051,12.8,0.75,4,Incoming,4,2,4,,4,4,2,4,,>10 minutes of interference,318,198,,,,5:18:00
EV07010017,"Lindsay, Dave",Caeley Thacker,EV,2007,7,9,190,3,21,169,120,11,0,Complete,Sooke Lake,Sooke Lake,Shore,Inland,48.558567,-123.702649,CWS 3,FR-8051,12.8,0.75,6,Incoming,8,1,6,,6,8,1,6,,>10 minutes of interference,321,201,,,,5:21:00
EV07010018,"Lindsay, Dave",Roxanne Tripp,EV,2007,7,10,191,3,22,180,120,0,0,Complete,Comox Lake,Comox Lake,Shore,Inland,49.5806727,-125.1868372,CWS 3,FR-8051,12.8,0.75,14,Incoming,14,4,14,,14,14,4,14,,,322,202,,,,5:22:00
EV07010019,"Lindsay, Dave",Roxanne Tripp,EV,2007,7,11,192,3,23,180,120,0,0,Complete,Comox Lake,Comox Lake,Shore,Inland,49.5806727,-125.1868372,CWS 3,FR-8051,12.8,0.75,8,Incoming,8,3,8,,8,8,3,8,,,323,203,,,,5:23:00
EV07010020,"Lindsay, Dave",Caeley Thacker,EV,2007,7,12,193,3,24,169,120,11,0,Complete,Upper Campbell,Upper Campbell,Shore,Inland,49.88182154,-125.6809865,CWS 3,FR-8051,12.8,0.75,53,Incoming,53,9,53,53,53,53,9,53,53,>10 minutes of interference,324,204,,,,5:24:00
EV07010021,"Lindsay, Dave",Caeley Thacker,EV,2007,7,13,194,3,25,169,120,11,0,Complete,Upper Campbell,Upper Campbell,Shore,Inland,49.88182154,-125.6809865,CWS 3,FR-8051,12.8,0.75,46,Incoming,46,32,46,,46,46,32,46,,>10 minutes of interference,325,205,,,,5:25:00
EV07010024,"Lindsay, Dave",Caeley Thacker,EV,2007,7,19,200,3,31,180,120,0,0,Complete,Lake Cowichan,Lake Cowichan,Shore,Inland,48.91957064,-124.3686458,CWS 3,FR-8051,12.8,0.75,8,Incoming,8,2,8,,8,8,2,8,,,331,211,,,,5:31:00
EV07010025,"Lindsay, Dave",Roxanne Tripp,EV,2007,7,20,201,3,32,169,120,11,0,Complete,Nanaimo Lakes,Nanaimo Lakes,Shore,Inland,49.0765069,-124.4044344,CWS 3,FR-8051,12.8,0.75,6,Incoming,6,2,6,,6,6,2,6,,>10 minutes of interference,332,212,,,,5:32:00
EV07010026,"Lindsay, Dave",Caeley Thacker,EV,2007,7,25,206,3,39,180,114,0,0,Complete,Comox Lake,Comox Lake,Shore,Inland,49.5806727,-125.1868372,CWS 3,FR-8051,12.8,0.75,4,Incoming,4,0,4,,4,4,0,4,,,333,219,,,,5:33:00
EV07010027,"Lindsay, Dave",Roxanne Tripp,EV,2007,7,31,212,3,46,180,120,0,0,Complete,Upper Campbell,Upper Campbell,Shore,Inland,49.88182154,-125.6809865,CWS 3,FR-8051,12.8,0.75,6,Incoming,6,0,6,,6,6,0,6,,,346,226,,,,5:46:00
EV08010001,"Lindsay, Dave",Roxanne Tripp,EV,2008,5,24,145,3,25,180,120,0,0,Complete,Lake Cowichan,Lake Cowichan,Shore,Inland,48.91982917,-124.3688439,CWS 3,FR-8051,12.8,0.75,5,Incoming,5,2,5,,5,5,2,5,,,325,205,,,,5:25:00
EV08010002,"Lindsay, Dave",Roxanne Tripp,EV,2008,5,26,147,3,20,180,120,0,0,Complete,Sooke Lake,Sooke Lake,Shore,Inland,48.558567,-123.702649,CWS 3,FR-8051,12.8,0.75,7,Outgoing,5,7,5,7,7,5,7,5,7,,320,200,,,,5:20:00
EV08010003,"Lindsay, Dave",Roxanne Tripp,EV,2008,5,29,150,3,18,180,120,0,0,Complete,Comox Lake,Comox Lake,Shore,Inland,49.5806727,-125.1868372,CWS 3,FR-8051,12.8,0.75,33,Incoming,33,10,33,,33,33,10,33,,,318,198,,,,5:18:00
EV08010004,"Lindsay, Dave",Jaylene Goorts,EV,2008,6,4,156,3,16,176,117,0,0,Complete,Upper Campbell,Upper Campbell,Shore,Inland,49.88182154,-125.6809865,CWS 3,FR-8051,12.8,0.75,10,Incoming,10,6,10,,10,10,6,10,,,313,196,,,,5:13:00
EV08010005,"Lindsay, Dave",Roxanne Tripp,EV,2008,6,11,163,3,10,180,120,0,0,Complete,Nanaimo Lakes,Nanaimo Lakes,Shore,Inland,49.0765069,-124.4044344,CWS 3,FR-8051,12.8,0.75,5,Outgoing,3,5,2,5,5,3,5,2,5,,310,190,,,,5:10:00
EV08010006,"Lindsay, Dave",Roxanne Tripp,EV,2008,6,13,165,3,10,180,120,0,0,Complete,Sooke Lake,Sooke Lake,Shore,Inland,48.558567,-123.702649,CWS 3,FR-8051,12.8,0.75,3,Outgoing,2,3,1,,3,2,3,1,,,310,190,,,,5:10:00
EV08010007,"Lindsay, Dave",Jaylene Goorts,EV,2008,6,14,166,2,58,155,132,19,0,Complete,Lake Cowichan,Lake Cowichan,Shore,Inland,48.91982917,-124.3688439,CWS 3,FR-8051,12.8,0.75,26,Incoming,27,2,26,26,26,27,2,26,26,,310,178,,,,5:10:00
EV08010008,"Lindsay, Dave",Roxanne Tripp,EV,2008,6,18,170,3,10,180,120,0,0,Complete,Upper Campbell,Upper Campbell,Shore,Inland,49.88182154,-125.6809865,CWS 3,FR-8051,12.8,0.75,62,Incoming,62,26,62,,62,62,26,62,,,310,190,,,,5:10:00
EV08010011,"Lindsay, Dave",Roxanne Tripp,EV,2008,6,20,172,3,10,180,120,0,0,Complete,Comox Lake,Comox Lake,Shore,Inland,49.5806727,-125.1868372,CWS 3,FR-8051,12.8,0.75,41,Incoming,43,6,41,,41,43,6,41,,,310,190,,,,5:10:00
EV08010010,"Lindsay, Dave",Jaylene Goorts,EV,2008,6,24,176,3,15,177,117,0,0,Complete,Lake Cowichan,Lake Cowichan,Shore,Inland,48.91982917,-124.3688439,CWS 3,FR-8051,12.8,0.75,13,Incoming,13,6,13,,13,13,6,13,,,312,195,,,,5:12:00
EV08010012,"Lindsay, Dave",Roxanne Tripp,EV,2008,6,25,177,3,12,180,120,0,0,Complete,Nanaimo Lakes,Nanaimo Lakes,Shore,Inland,49.0765069,-124.4044344,CWS 3,FR-8051,12.8,0.75,4,Outgoing,2,4,2,,4,2,4,2,,,312,192,,,,5:12:00
EV08010013,"Lindsay, Dave",Jaylene Goorts,EV,2008,7,3,185,3,8,182,125,0,0,Complete,Sooke Lake,Sooke Lake,Shore,Inland,48.558567,-123.702649,CWS 3,FR-8051,12.8,0.75,2,Incoming,2,0,2,,2,2,0,2,,,313,188,,,,5:13:00
EV08010015,"Lindsay, Dave",Jaylene Goorts,EV,2008,7,5,187,3,17,180,123,0,0,Complete,Upper Campbell,Upper Campbell,Shore,Inland,49.88182154,-125.6809865,CWS 3,FR-8051,12.8,0.75,23,Incoming,23,6,23,,23,23,6,23,,,320,197,,,,5:20:00
EV08010016,"Lindsay, Dave",Roxanne Tripp,EV,2008,7,7,189,3,20,180,120,0,0,Complete,Lake Cowichan,Lake Cowichan,Shore,Inland,48.91982917,-124.3688439,CWS 3,FR-8051,12.8,0.75,4,Incoming,4,0,4,,4,4,0,4,,,320,200,,,,5:20:00
EV08010017,"Lindsay, Dave",Jaylene Goorts,EV,2008,7,8,190,3,20,181,121,0,0,Complete,Comox Lake,Comox Lake,Shore,Inland,49.5806727,-125.1868372,CWS 3,FR-8051,12.8,0.75,17,Incoming,17,0,17,,17,17,0,17,,,321,200,,,,5:21:00
EV08010018,"Lindsay, Dave",Roxanne Tripp,EV,2008,7,10,192,3,22,180,120,0,0,Complete,Nanaimo Lakes,Nanaimo Lakes,Shore,Inland,49.0765069,-124.4044344,CWS 3,FR-8051,12.8,0.75,1,Incoming,1,0,1,,1,1,0,1,,,322,202,,,,5:22:00
EV08010019,"Lindsay, Dave",Jaylene Goorts,EV,2008,7,11,193,3,24,178,119,0,0,Complete,Sooke Lake,Sooke Lake,Shore,Inland,48.558567,-123.702649,CWS 3,FR-8051,12.8,0.75,4,Outgoing,1,4,1,,4,1,4,1,,,323,204,,,,5:23:00
EV08010020,"Lindsay, Dave",Roxanne Tripp,EV,2008,7,16,198,3,29,180,120,0,0,Complete,Upper Campbell,Upper Campbell,Shore,Inland,49.88182154,-125.6809865,CWS 3,FR-8051,12.8,0.75,66,Incoming,67,11,66,66,66,67,11,66,66,,329,209,,,,5:29:00
EV08010021,"Lindsay, Dave",Jaylene Goorts,EV,2008,7,18,200,3,31,179,120,0,0,Complete,Comox Lake,Comox Lake,Shore,Inland,49.5806727,-125.1868372,CWS 3,FR-8051,12.8,0.75,48,Incoming,48,3,48,48,48,48,3,48,48,,331,211,,,,5:31:00
EV08010022,"Lindsay, Dave",Roxanne Tripp,EV,2008,7,22,204,3,36,180,120,0,0,Complete,Lake Cowichan,Lake Cowichan,Shore,Inland,48.91982917,-124.3688439,CWS 3,FR-8051,12.8,0.75,5,Outgoing,2,5,2,,5,2,5,2,,,336,216,,,,5:36:00
EV08010023,"Lindsay, Dave",Jaylene Goorts,EV,2008,7,23,205,3,52,165,105,0,0,Complete,Nanaimo Lakes,Nanaimo Lakes,Shore,Inland,49.0765069,-124.4044344,CWS 3,FR-8051,12.8,0.75,1,Incoming,1,1,1,,1,1,1,1,,,337,232,,,,5:37:00
EV08010024,"Lindsay, Dave",Roxanne Tripp,EV,2008,7,25,207,3,39,180,120,0,0,Complete,Sooke Lake,Sooke Lake,Shore,Inland,48.558567,-123.702649,CWS 3,FR-8051,12.8,0.75,0,,0,0,0,,0,0,0,0,,,339,219,,,,5:39:00
EV08010027,"Lindsay, Dave",Jaylene Goorts,EV,2008,8,1,214,3,56,175,113,8,0,Complete,Comox Lake,Comox Lake,Shore,Inland,49.5806727,-125.1868372,CWS 3,FR-8051,12.8,0.75,17,Incoming,17,0,17,,17,17,0,17,,,349,236,,,,5:49:00
EV10010017,"Lindsay, Dave",Myriam Belisle,EV,2010,6,4,155,3,14,180,120,0,0,Complete,Upper Campbell,Upper Campbell,Shore,Inland,49.88182154,-125.6809865,CWS 3,FR-8051,12.8,0.75,125,Outgoing,48,125,41,,125,48,125,41,,,314,194,,,,5:14:00
EV10010005,"Lindsay, Dave",Kate Lindsay,EV,2010,6,5,156,3,13,181,120,0,0,Complete,Lake Cowichan,Lake Cowichan,Shore,Inland,48.91957064,-124.3686458,CWS 3,FR-8051,12.8,0.75,26,Incoming,26,5,26,26,26,26,5,26,26,moon visible,313,193,,,,5:13:00
EV10010001,"Lindsay, Dave",Kate Lindsay,EV,2010,6,7,158,3,10,180,120,0,0,Complete,Sooke Lake,Sooke Lake,Shore,Inland,48.558567,-123.702649,CWS 3,FR-8051,12.8,0.75,19,Incoming,20,5,19,19,19,20,5,19,19,,310,190,,,,5:10:00
EV10010009,"Lindsay, Dave",Kate Lindsay,EV,2010,6,8,159,3,12,180,120,0,0,Complete,Nanaimo Lakes,Nanaimo Lakes,Shore,Inland,49.0767527,-124.4049343,CWS 3,FR-8051,12.8,0.75,15,Incoming,16,6,15,15,15,16,6,15,15,,312,192,,,,5:12:00
EV10010018,"Lindsay, Dave",Kate Lindsay,EV,2010,6,16,167,3,10,180,125,0,0,Complete,Upper Campbell,Upper Campbell,Shore,Inland,49.88182154,-125.6809865,CWS 3,FR-8051,12.8,0.75,145,Incoming,147,51,145,145,145,147,51,145,145,clear,315,190,,,,5:15:00
EV10010013,"Lindsay, Dave",Kate Lindsay,EV,2010,6,17,168,3,10,195,120,0,0,Complete,Comox Lake,Comox Lake,Shore,Inland,49.5806727,-125.1868372,CWS 3,FR-8051,12.8,0.75,110,Incoming,112,71,110,110,110,112,71,110,110,,310,190,,,,5:10:00
EV10010002,"Lindsay, Dave",Lindsay Luke,EV,2010,6,21,172,3,11,184,120,0,0,Complete,Sooke Lake,Sooke Lake,Shore,Inland,48.558567,-123.702649,CWS 3,FR-8051,12.8,0.75,17,Incoming,18,4,17,,17,18,4,17,,,311,191,,,,5:11:00
EV10010006,"Lindsay, Dave",Lindsay Luke,EV,2010,6,22,173,3,11,183,119,0,0,Complete,Lake Cowichan,Lake Cowichan,Shore,Inland,48.91957064,-124.3686458,CWS 3,FR-8051,12.8,0.75,26,Incoming,26,6,26,26,26,26,6,26,26,,310,191,,,,5:10:00
EV10010010,"Lindsay, Dave",Myriam Belisle,EV,2010,6,25,176,3,10,181,121,0,0,Complete,Nanaimo Lakes,Nanaimo Lakes,Shore,Inland,49.0767527,-124.4049343,CWS 3,FR-8051,12.8,0.75,5,Incoming,7,4,5,,5,7,4,5,,,311,190,,,,5:11:00
EV10010014,"Lindsay, Dave",Myriam Belisle,EV,2010,6,30,181,3,15,180,120,0,0,Complete,Comox Lake,Comox Lake,Shore,Inland,49.5806727,-125.1868372,CWS 3,FR-8051,12.8,0.75,7,Incoming,8,5,7,,7,8,5,7,,moon visible,315,195,,,,5:15:00
EV10010019,"Lindsay, Dave",Kate Lindsay,EV,2010,7,1,182,3,15,180,120,0,0,Complete,Upper Campbell,Upper Campbell,Shore,Inland,49.88182154,-125.6809865,CWS 3,FR-8051,12.8,0.75,58,Incoming,58,20,58,,58,58,20,58,,Misty at times,315,195,,,,5:15:00
EV10010011,"Lindsay, Dave",Myriam Belisle,EV,2010,7,7,188,3,19,176,120,0,0,Complete,Nanaimo Lakes,Nanaimo Lakes,Shore,Inland,49.0767527,-124.4049343,CWS 3,FR-8051,12.8,0.75,4,Incoming,5,3,4,,4,5,3,4,,,319,199,,,,5:19:00
EV10010007,"Lindsay, Dave",Kate Lindsay,EV,2010,7,8,189,3,19,180,120,0,0,Complete,Lake Cowichan,Lake Cowichan,Shore,Inland,48.91957064,-124.3686458,CWS 3,FR-8051,12.8,0.75,16,Incoming,20,10,16,,16,20,10,16,,,319,199,,,,5:19:00
EV10010003,"Lindsay, Dave",Lindsay Luke,EV,2010,7,9,190,3,20,180,120,0,0,Complete,Sooke Lake,Sooke Lake,Shore,Inland,48.558567,-123.702649,CWS 3,FR-8051,12.8,0.75,16,Outgoing,5,16,4,,16,5,16,4,,"clear night, early outgoing birds",320,200,,,,5:20:00
EV10010015,"Lindsay, Dave",Kate Lindsay,EV,2010,7,13,194,3,24,180,120,0,0,Complete,Comox Lake,Comox Lake,Shore,Inland,49.5806727,-125.1868372,CWS 3,FR-8051,12.8,0.75,88,Incoming,88,21,88,,88,88,21,88,,,324,204,,,,5:24:00
EV10010020,"Lindsay, Dave",Myriam Belisle,EV,2010,7,14,195,3,24,180,120,0,0,Complete,Upper Campbell,Upper Campbell,Shore,Inland,49.88182154,-125.6809865,CWS 3,FR-8051,12.8,0.75,102,Incoming,105,29,102,,102,105,29,102,,clear,324,204,,,,5:24:00
EV10010004,"Lindsay, Dave",Kate Lindsay,EV,2010,7,19,200,3,28,184,124,0,0,Complete,Sooke Lake,Sooke Lake,Shore,Inland,48.558567,-123.702649,CWS 3,FR-8051,12.8,0.75,8,Incoming,14,8,8,,8,14,8,8,,,332,208,,,,5:32:00
EV10010008,"Lindsay, Dave",Lindsay Luke,EV,2010,7,20,201,3,33,180,120,0,0,Complete,Lake Cowichan,Lake Cowichan,Shore,Inland,48.91957064,-124.3686458,CWS 3,FR-8051,12.8,0.75,18,Incoming,20,7,18,,18,20,7,18,,,333,213,,,,5:33:00
EV10010012,"Lindsay, Dave",Kate Lindsay,EV,2010,7,21,202,3,34,180,120,0,0,Complete,Nanaimo Lakes,Nanaimo Lakes,Shore,Inland,49.0767527,-124.4049343,CWS 3,FR-8051,12.8,0.75,12,Incoming,14,4,12,,12,14,4,12,,,334,214,,,,5:34:00
EV10010021,"Lindsay, Dave",Lindsay Luke,EV,2010,7,29,210,3,40,190,120,0,0,Complete,Upper Campbell,Upper Campbell,Shore,Inland,49.88182154,-125.6809865,CWS 3,FR-8051,12.8,0.75,59,Incoming,86,23,59,,59,86,23,59,,moon visible,340,220,,,,5:40:00
EV10010016,"Lindsay, Dave",Myriam Belisle,EV,2010,7,30,211,3,44,181,120,0,0,Complete,Comox Lake,Comox Lake,Shore,Inland,49.5806727,-125.1868372,CWS 3,FR-8051,12.8,0.75,20,Incoming,22,10,20,,20,22,10,20,,moon 3/4 full,344,224,,,,5:44:00
EV11010001,"Lindsay, Dave",Alex Francis,EV,2011,6,4,155,3,16,180,120,0,0,Complete,Lake Cowichan,Lake Cowichan,Shore,Inland,48.91957064,-124.3686458,CWS 3,FR-8051,12.8,0.75,19,Incoming,19,6,19,19,16,16,6,16,16,,316,196,,,,5:16:00
EV11010002,"Lindsay, Dave",Alex Francis,EV,2011,6,5,156,3,14,180,120,0,0,Complete,Sooke Lake,Sooke Lake,Shore,Inland,48.558567,-123.702649,CWS 3,FR-8051,12.8,0.75,13,Incoming,15,10,13,13,13,15,9,13,13,,314,194,,,,5:14:00
EV11010003,"Lindsay, Dave",Alex Francis,EV,2011,6,6,157,3,25,152,108,0,0,Complete,Upper Campbell,Upper Campbell,Shore,Inland,49.88182154,-125.6809865,CWS 3,FR-8051,12.8,0.75,71,Incoming,71,29,71,,69,69,27,69,,,313,205,,,,5:13:00
EV11010005,"Lindsay, Dave",Alex Francis,EV,2011,6,8,159,3,14,180,120,0,0,Complete,Comox Lake,Comox Lake,Shore,Inland,49.5806727,-125.1868372,CWS 3,FR-8051,12.8,0.75,22,Incoming,25,9,22,,22,22,9,22,,,314,194,,,,5:14:00
EV11010006,"Lindsay, Dave",Alex Francis,EV,2011,6,9,160,3,11,134,120,0,0,Complete,Nanaimo Lakes,Nanaimo Lakes,Shore,Inland,49.0767527,-124.4049343,CWS 3,FR-8051,12.8,0.75,1,Incoming,1,0,1,,1,1,0,1,,,311,191,,,,5:11:00
EV11010007,"Lindsay, Dave",Alex Francis,EV,2011,6,23,174,3,13,181,120,0,0,Complete,Upper Campbell,Upper Campbell,Shore,Inland,49.88182154,-125.6809865,CWS 3,FR-8051,12.8,0.75,59,Incoming,59,20,59,,53,53,20,53,,,313,193,,,,5:13:00
EV11010008,"Lindsay, Dave",Alex Francis,EV,2011,6,24,175,3,14,180,120,0,0,Complete,Sooke Lake,Sooke Lake,Shore,Inland,48.558567,-123.702649,CWS 3,FR-8051,12.8,0.75,6,Incoming,6,5,6,,6,6,5,6,,,314,194,,,,5:14:00
EV11010009,"Lindsay, Dave",Alex Francis,EV,2011,6,25,176,3,13,180,120,0,0,Complete,Lake Cowichan,Lake Cowichan,Shore,Inland,48.91957064,-124.3686458,CWS 3,FR-8051,12.8,0.75,9,Incoming,9,3,9,,9,9,3,9,,,313,193,,,,5:13:00
EV11010011,"Lindsay, Dave",Alex Francis,EV,2011,6,29,180,3,14,180,120,0,0,Complete,Nanaimo Lakes,Nanaimo Lakes,Shore,Inland,49.0767527,-124.4049343,CWS 3,FR-8051,12.8,0.75,11,Incoming,11,0,11,11,10,10,0,10,10,,314,194,,,,5:14:00
EV11010012,"Lindsay, Dave",Alex Francis,EV,2011,6,30,181,3,17,180,120,0,0,Complete,Comox Lake,Comox Lake,Shore,Inland,49.5806727,-125.1868372,CWS 3,FR-8051,12.8,0.75,14,Outgoing,2,14,2,,13,1,13,1,,,317,197,,,,5:17:00
EV11010013,"Lindsay, Dave",Alex Francis,EV,2011,7,5,186,3,21,180,120,0,0,Complete,Upper Campbell,Upper Campbell,Shore,Inland,49.88182154,-125.6809865,CWS 3,FR-8051,12.8,0.75,116,Incoming,116,42,116,,103,103,41,103,,,321,201,,,,5:21:00
EV11010015,"Lindsay, Dave",Mary Toews,EV,2011,7,7,188,3,22,180,120,0,0,Complete,Comox Lake,Comox Lake,Shore,Inland,49.5806727,-125.1868372,CWS 3,FR-8051,12.8,0.75,61,Incoming,62,3,61,61,52,53,3,52,52,,322,202,,,,5:22:00
EV11010016,"Lindsay, Dave",Alex Francis,EV,2011,7,8,189,3,20,180,120,0,0,Complete,Lake Cowichan,Lake Cowichan,Shore,Inland,48.91957064,-124.3686458,CWS 3,FR-8051,12.8,0.75,15,Outgoing,10,15,4,,12,10,12,4,,,320,200,,,,5:20:00
EV11010017,"Lindsay, Dave",Mary Toews,EV,2011,7,9,190,3,21,181,120,0,0,Complete,Sooke Lake,Sooke Lake,Shore,Inland,48.558567,-123.702649,CWS 3,FR-8051,12.8,0.75,13,Incoming,13,7,13,13,12,12,7,12,13,,321,201,,,,5:21:00
EV11010018,"Lindsay, Dave",Alex Francis,EV,2011,7,10,191,3,22,180,120,0,0,Complete,Nanaimo Lakes,Nanaimo Lakes,Shore,Inland,49.0767527,-124.4049343,CWS 3,FR-8051,12.8,0.75,5,Incoming,5,1,5,,5,5,1,5,,,322,202,,,,5:22:00
EV11010020,"Lindsay, Dave",Alex Francis,EV,2011,7,18,199,3,31,180,120,0,0,Complete,Sooke Lake,Sooke Lake,Shore,Inland,48.558567,-123.702649,CWS 3,FR-8051,12.8,0.75,4,Outgoing,5,4,3,,4,5,4,3,,,331,211,,,,5:31:00
EV11010021,"Lindsay, Dave",Alex Francis,EV,2011,7,19,200,3,31,180,120,0,0,Complete,Nanaimo Lakes,Nanaimo Lakes,Shore,Inland,49.0767527,-124.4049343,CWS 3,FR-8051,12.8,0.75,1,Incoming,1,0,1,,1,1,0,1,,,331,211,,,,5:31:00
EV11010023,"Lindsay, Dave",Alex Francis,EV,2011,7,21,202,3,37,168,120,6,6,Complete,Upper Campbell,Upper Campbell,Shore,Inland,49.88182154,-125.6809865,CWS 3,FR-8051,12.8,0.75,172,Incoming,175,21,172,172,165,168,20,165,165,,337,217,,,,5:37:00
EV11010024,"Lindsay, Dave",Mary Toews,EV,2011,7,25,206,3,42,180,120,0,0,Complete,Comox Lake,Comox Lake,Shore,Inland,49.5806727,-125.1868372,CWS 3,FR-8051,12.8,0.75,33,Incoming,34,2,33,,30,31,2,30,,,342,222,,,,5:42:00
EV11010025,"Lindsay, Dave",Mary Toews,EV,2011,8,4,216,3,56,180,120,0,0,Complete,Upper Campbell,Upper Campbell,Shore,Inland,49.88182154,-125.6809865,CWS 3,FR-8051,12.8,0.75,22,Incoming,22,12,22,,21,21,11,21,,,356,236,,,,5:56:00
EV12010001,"Lindsay, Dave",Alex Francis,EV,2012,6,4,156,3,14,180,120,0,0,Complete,Lake Cowichan,Lake Cowichan,Shore,Inland,48.9195706,-124.368646,CWS 3,FR-8051,12.8,0.75,4,Incoming,4,3,4,,4,4,3,4,,,314,194,,,,5:14:00
EV12010002,"Lindsay, Dave",Alex Francis,EV,2012,6,5,157,3,8,186,126,0,0,Complete,Sooke Lake,Sooke Lake,Shore,Inland,48.558567,-123.702649,CWS 3,FR-8051,12.8,0.75,1,Outgoing,0,1,0,,1,0,1,0,,,314,188,,,,5:14:00
EV12010003,"Lindsay, Dave",Alex Francis,EV,2012,6,6,158,3,13,180,120,0,0,Complete,Nanaimo Lakes,Nanaimo Lakes,Shore,Inland,49.0767527,-124.404934,CWS 3,FR-8051,12.8,0.75,1,Outgoing,0,1,0,,1,0,1,0,,,313,193,,,,5:13:00
EV12010005,"Lindsay, Dave",Alex Francis,EV,2012,6,8,160,3,14,173,120,7,7,Complete,Comox Lake,Comox Lake,Shore,Inland,49.5806727,-125.186837,CWS 3,FR-8051,12.8,0.75,30,Incoming,30,1,30,,29,29,1,29,,,314,194,,,,5:14:00
EV12010006,"Lindsay, Dave",Alex Francis,EV,2012,6,9,161,3,13,180,120,0,0,Complete,Upper Campbell,Upper Campbell,Shore,Inland,49.8818215,-125.680987,CWS 3,FR-8051,12.8,0.75,54,Incoming,56,19,54,,53,55,19,53,,,313,193,,,,5:13:00
EV12010008,"Lindsay, Dave",Alex Francis,EV,2012,6,21,173,3,12,180,120,0,0,Complete,Nanaimo Lakes,Nanaimo Lakes,Shore,Inland,49.0767527,-124.404934,CWS 3,FR-8051,12.8,0.75,3,Incoming,3,0,3,3,3,3,0,3,3,,312,192,,,,5:12:00
EV12010010,"Lindsay, Dave",Alex Francis,EV,2012,6,24,176,3,13,180,120,0,0,Complete,Lake Cowichan,Lake Cowichan,Shore,Inland,48.9195706,-124.368646,CWS 3,FR-8051,12.8,0.75,10,Incoming,10,3,10,,9,9,3,9,,,313,193,,,,5:13:00
EV12010011,"Lindsay, Dave",Alex Francis,EV,2012,6,25,177,3,8,185,125,0,0,Complete,Sooke Lake,Sooke Lake,Shore,Inland,48.558567,-123.702649,CWS 3,FR-8051,12.8,0.75,9,Incoming,11,4,9,9,9,11,3,9,9,,313,188,,,,5:13:00
EV12010012,"Lindsay, Dave",Alex Francis,EV,2012,7,6,188,3,22,180,120,0,0,Complete,Upper Campbell,Upper Campbell,Shore,Inland,49.8818215,-125.680987,CWS 3,FR-8051,12.8,0.75,140,Incoming,140,23,140,,128,128,21,128,,,322,202,,,,5:22:00
EV12010013,"Lindsay, Dave",Alex Francis,EV,2012,7,7,189,3,22,180,120,0,0,Complete,Comox Lake,Comox Lake,Shore,Inland,49.5806727,-125.186837,CWS 3,FR-8051,12.8,0.75,82,Incoming,83,3,82,,77,78,3,77,,,322,202,,,,5:22:00
EV12010014,"Lindsay, Dave",Alex Francis,EV,2012,7,9,191,3,22,180,120,0,0,Complete,Lake Cowichan,Lake Cowichan,Shore,Inland,48.9195706,-124.368646,CWS 3,FR-8051,12.8,0.75,11,Incoming,12,4,11,11,10,11,3,10,10,,322,202,,,,5:22:00
EV12010015,"Lindsay, Dave",Alex Francis,EV,2012,7,10,192,3,18,186,120,0,0,Complete,Sooke Lake,Sooke Lake,Shore,Inland,48.558567,-123.702649,CWS 3,FR-8051,12.8,0.75,9,Incoming,10,2,9,9,9,10,2,9,9,,318,198,,,,5:18:00
EV12010016,"Lindsay, Dave",Alex Francis,EV,2012,7,11,193,3,24,180,120,0,0,Complete,Nanaimo Lakes,Nanaimo Lakes,Shore,Inland,49.0767567,-124.404934,CWS 3,FR-8051,12.8,0.75,2,Outgoing,1,2,1,,2,1,2,1,,,324,204,,,,5:24:00
EV12010017,"Lindsay, Dave",Alex Francis,EV,2012,7,12,194,3,30,180,120,0,0,Complete,Upper Campbell,Upper Campbell,Shore,Inland,49.8818215,-125.680987,CWS 3,FR-8051,12.8,0.75,192,Incoming,193,29,192,192,165,166,26,165,165,,330,210,,,,5:30:00
EV12010018,"Lindsay, Dave",Alex Francis,EV,2012,7,13,195,3,27,181,120,0,0,Complete,Comox Lake,Comox Lake,Shore,Inland,49.5806727,-125.186837,CWS 3,FR-8051,12.8,0.75,91,Incoming,91,6,91,91,85,85,6,85,85,,327,207,,,,5:27:00
EV12010021,"Lindsay, Dave",Alex Francis,EV,2012,7,25,207,3,42,180,120,0,0,Complete,Comox Lake,Comox Lake,Shore,Inland,49.5806727,-125.186837,CWS 3,FR-8051,12.8,0.75,41,Incoming,43,7,41,,38,40,6,38,,,342,222,,,,5:42:00
EV12010022,"Lindsay, Dave",Alex Francis,EV,2012,7,26,208,3,45,180,120,0,0,Complete,Upper Campbell,Upper Campbell,Shore,Inland,49.8818215,-125.680987,CWS 3,FR-8051,12.8,0.75,88,Incoming,88,15,88,,80,80,14,80,,,345,225,,,,5:45:00
EV13010001,"Lindsay, Dave",Alex Francis,EV,2013,6,7,158,3,13,181,0,0,0,Complete,Comox Lake,Comox Lake,Shore,Inland,49.5806727,-125.186837,CWS 3,FR-8051,12.8,0.75,17,Incoming,17,5,17,,16,16,5,16,,,0,193,,,,0:00:00
EV13010002,"Lindsay, Dave",Alex Francis,EV,2013,6,8,159,3,15,172,0,22,18,Complete,Upper Campbell,Upper Campbell,Shore,Inland,49.8818215,-125.680987,CWS 3,FR-8051,12.8,0.75,111,Incoming,125,26,111,,99,113,23,99,,,0,195,,,,0:00:00
EV13010004,"Lindsay, Dave",Alex Francis,EV,2013,6,10,161,3,13,180,0,0,0,Complete,Lake Cowichan,Lake Cowichan,Shore,Inland,48.9195706,-124.368646,CWS 3,FR-8051,12.8,0.75,17,Incoming,18,2,17,17,17,18,2,17,17,,0,193,,,,0:00:00
EV13010005,"Lindsay, Dave",Alex Francis,EV,2013,6,11,162,3,12,191,0,0,0,Complete,Sooke Lake,Sooke Lake,Shore,Inland,48.558567,-123.702649,CWS 3,FR-8051,12.8,0.75,4,Incoming,5,2,4,4,4,5,2,4,4,,0,192,,,,0:00:00
EV13010006,"Lindsay, Dave",Alex Francis,EV,2013,6,13,164,3,10,180,0,0,0,Complete,Nanaimo Lakes,Nanaimo Lakes,Shore,Inland,49.0767567,-124.404934,CWS 3,FR-8051,12.8,0.75,4,Incoming,4,2,4,4,4,4,2,4,4,,0,190,,,,0:00:00
EV13010007,"Lindsay, Dave",Alex Francis,EV,2013,6,21,172,3,11,180,0,0,0,Complete,Nanaimo Lakes,Nanaimo Lakes,Shore,Inland,49.0767567,-124.404934,CWS 3,FR-8051,12.8,0.75,3,Incoming,3,3,3,,3,3,3,3,,,0,191,,,,0:00:00
EV13010008,"Lindsay, Dave",Alex Francis,EV,2013,6,23,174,3,14,180,0,0,0,Complete,Lake Cowichan,Lake Cowichan,Shore,Inland,48.9195706,-124.368646,CWS 3,FR-8051,12.8,0.75,12,Incoming,12,1,12,,12,12,1,12,,,0,194,,,,0:00:00
EV13010009,"Lindsay, Dave",Alex Francis,EV,2013,6,27,178,3,14,41,0,65,65,Complete,Sooke Lake,Sooke Lake,Shore,Inland,48.558567,-123.702649,CWS 3,FR-8051,12.8,0.75,0,,0,0,0,,0,0,0,0,,,0,194,,,,0:00:00
EV13010010,"Lindsay, Dave",Alex Francis,EV,2013,6,28,179,3,15,180,0,0,0,Complete,Comox Lake,Comox Lake,Shore,Inland,49.5806727,-125.186837,CWS 3,FR-8051,12.8,0.75,42,Incoming,42,3,42,42,39,39,2,39,40,,0,195,,,,0:00:00
EV13010011,"Lindsay, Dave",Alex Francis,EV,2013,6,29,180,3,17,180,0,0,0,Complete,Upper Campbell,Upper Campbell,Shore,Inland,49.8818215,-125.680987,CWS 3,FR-8051,12.8,0.75,171,Incoming,173,38,171,171,156,158,34,156,156,,0,197,,,,0:00:00
EV13010012,"Lindsay, Dave",Alex Francis,EV,2013,6,30,181,3,16,180,0,0,0,Complete,Sooke Lake,Sooke Lake,Shore,Inland,48.558567,-123.702649,CWS 3,FR-8051,12.8,0.75,4,Incoming,5,0,4,4,4,5,0,4,4,,0,196,,,,0:00:00
EV13010014,"Lindsay, Dave",Alex Francis,EV,2013,7,7,188,3,21,180,0,0,0,Complete,Comox Lake,Comox Lake,Shore,Inland,49.5806727,-125.186837,CWS 3,FR-8051,12.8,0.75,41,Incoming,41,3,41,,40,40,3,40,,,0,201,,,,0:00:00
EV13010015,"Lindsay, Dave",Alex Francis,EV,2013,7,8,189,3,24,180,0,0,0,Complete,Upper Campbell,Upper Campbell,Shore,Inland,49.8818215,-125.680987,CWS 3,FR-8051,12.8,0.75,104,Incoming,104,14,104,,99,99,13,99,,,0,204,,,,0:00:00
EV13010017,"Lindsay, Dave",Alex Francis,EV,2013,7,10,191,3,24,180,0,0,0,Complete,Lake Cowichan,Lake Cowichan,Shore,Inland,48.9195706,-124.368646,CWS 3,FR-8051,12.8,0.75,3,Incoming,4,2,3,,3,4,2,3,,,0,204,,,,0:00:00
EV13010018,"Lindsay, Dave",Alex Francis,EV,2013,7,11,192,3,22,183,0,0,0,Complete,Sooke Lake,Sooke Lake,Shore,Inland,48.558567,-123.702649,CWS 3,FR-8051,12.8,0.75,2,Incoming,2,0,2,,2,2,0,2,,,0,202,,,,0:00:00
EV13010019,"Lindsay, Dave",Alex Francis,EV,2013,7,12,193,3,24,180,0,0,0,Complete,Nanaimo Lakes,Nanaimo Lakes,Shore,Inland,49.0767567,-124.404934,CWS 3,FR-8051,12.8,0.75,1,Incoming,1,0,1,,1,1,0,1,,,0,204,,,,0:00:00
EV13010020,"Lindsay, Dave",Alex Francis,EV,2013,7,22,203,3,39,180,0,0,0,Complete,Upper Campbell,Upper Campbell,Shore,Inland,49.8818215,-125.680987,CWS 3,FR-8051,12.8,0.75,16,Incoming,16,7,16,,15,15,6,15,,,0,219,,,,0:00:00
EV13010022,"Lindsay, Dave",Alex Francis,EV,2013,7,24,205,3,40,180,0,0,0,Complete,Comox Lake,Comox Lake,Shore,Inland,49.5806727,-125.186837,CWS 3,FR-8051,12.8,0.75,10,Incoming,10,0,10,,10,10,0,10,,,0,220,,,,0:00:00
EV17010001,"Waterhouse, Louise",Bernard K. Schroeder,EV,2017,6,3,154,3,15,206,120,0,,Complete,Sooke Lake,Sooke Lake 1,,Inland,48.56309187,-123.7100308,BKSC,FR-8122,25,0.75,45,Incoming,63,22,45,45,41,57,19,41,41,,315,195,50,15,30,5:15:00
EV17010002,"Waterhouse, Louise",Bernard K. Schroeder,EV,2017,6,4,155,3,15,180,120,0,,Complete,Sooke Lake 2,Sooke Lake 2,,Inland,48.58097988,-123.6781608,BKSC,FR-8122,25,0.75,15,Outgoing,18,15,12,15,15,17,15,12,15,,315,195,25,4,30,5:15:00
EV18020001,"Waterhouse, Louise",Bernard K. Schroeder,EV,2018,6,5,156,3,20,180,115,0,,Complete,Sooke Lake,Sooke Lake 1,,Inland,48.55911176,-123.7033071,BKSC,FR-8122,25,0.75,20,Incoming,40,6,20,20,19,35,6,19,19,,315,200,50,15,25,5:15:00
EV18020002,"Waterhouse, Louise",Bernard K. Schroeder,EV,2018,6,6,157,3,14,,120,0,,Complete,Sooke Lake 2,Sooke Lake 2,,Inland,48.58096165,-123.6782012,BKSC,FR-8122,25,0.75,17,Incoming,40,6,17,17,17,37,5,17,17,,314,194,25,4,30,5:14:00
EV18010001,"Bertram, Doug",Bernard K. Schroeder,EV,2018,6,22,173,3,15,183,118,0,,Complete,Lake Cowichan,Lake Cowichan,Shore,Inland,48.89735,-124.28818,CWS 3,FR-8051,12.8,0.75,9,Incoming,12,2,9,,9,11,2,9,,,313,195,9,,,5:13:00
EV18010002,"Bertram, Doug",Bernard K. Schroeder,EV,2018,6,23,174,3,13,180,120,0,,Complete,Lake Cowichan,Lake Cowichan,Shore,Inland,48.89735,-124.28818,CWS 3,FR-8051,12.8,0.75,11,Incoming,13,0,11,11,10,12,0,10,10,,313,193,11,,,5:13:00
EV18010003,"Bertram, Doug",Bernard K. Schroeder,EV,2018,6,24,175,3,14,192,120,0,,Complete,Upper Campbell,Upper Campbell,Shore,Inland,49.88185,-125.67917,CWS 3,FR-8051,12.8,0.75,45,Incoming,54,44,45,45,43,51,41,43,43,,314,194,42,3,30,5:14:00
EV18010004,"Bertram, Doug",Bernard K. Schroeder,EV,2018,6,25,176,3,13,191,122,0,,Complete,Upper Campbell,Upper Campbell,Shore,Inland,49.88185,-125.67917,CWS 3,FR-8051,12.8,0.75,32,Outgoing,20,32,13,,28,19,28,13,,,315,193,13,,,5:15:00
EV18010005,"Bertram, Doug",Bernard K. Schroeder,EV,2018,6,28,179,3,12,183,123,0,,Complete,Sooke Lake,Sooke Lake,Shore,Inland,48.55864,-123.70247,CWS 3,FR-8051,12.8,0.75,24,Incoming,29,6,24,24,23,27,6,23,23,,315,192,24,,,5:15:00
EV18010006,"Bertram, Doug",Bernard K. Schroeder,EV,2018,6,29,180,3,15,180,120,0,,Complete,Sooke Lake,Sooke Lake,Shore,Inland,48.55864,-123.70247,CWS 3,FR-8051,12.8,0.75,19,Incoming,33,17,19,,18,32,16,18,,,315,195,18,1,30,5:15:00
EV18010010,"Bertram, Doug",Bernard K. Schroeder,EV,2018,7,3,184,3,16,180,122,0,,Complete,Nanaimo Lakes,Nanaimo Lakes,Shore,Inland,49.09613,-124.17625,CWS 3,FR-8051,12.8,0.75,3,Incoming,3,2,3,,3,3,2,3,,,318,196,2,1,32,5:18:00
EV18010011,"Bertram, Doug",Bernard K. Schroeder,EV,2018,7,4,185,3,17,182,121,0,,Complete,Nanaimo Lakes,Nanaimo Lakes,Shore,Inland,49.09613,-124.17625,CWS 3,FR-8051,12.8,0.75,5,Incoming,5,2,5,5,5,5,2,5,5,,318,197,2,,,5:18:00
EV18010012,"Bertram, Doug",Bernard K. Schroeder,EV,2018,7,9,190,3,27,180,116,0,,Complete,Sooke Lake,Sooke Lake,Shore,Inland,48.55864,-123.70247,CWS 3,FR-8051,12.8,0.75,23,Incoming,37,10,23,,22,33,8,22,,,323,207,23,,,5:23:00
EV18010013,"Bertram, Doug",Bernard K. Schroeder,EV,2018,7,10,191,3,23,181,121,0,,Complete,Lake Cowichan,Lake Cowichan,Shore,Inland,48.89735,-124.28818,CWS 3,FR-8051,12.8,0.75,6,Incoming,9,0,6,,4,7,0,4,,,324,203,2,4,31,5:24:00
EV18010014,"Bertram, Doug",Bernard K. Schroeder,EV,2018,7,11,192,3,25,186,121,0,,Complete,Upper Campbell,Upper Campbell,Shore,Inland,49.88185,-125.67917,CWS 3,FR-8051,12.8,0.75,19,Incoming,20,14,19,,19,20,14,19,,,326,205,18,1,31,5:26:00
EV18010016,"Bertram, Doug",Bernard K. Schroeder,EV,2018,7,13,194,3,25,180,121,0,,Complete,Nanaimo Lakes,Nanaimo Lakes,Shore,Inland,49.09613,-124.17625,CWS 3,FR-8051,12.8,0.75,5,Outgoing,1,5,1,5,5,1,5,1,5,,326,205,1,,,5:26:00
EV19020001,"Waterhouse, Louise",Bernard K. Schroeder,EV,2019,6,4,155,3,15,,120,0,,Complete,Sooke Lake 2,Sooke Lake 2,,Inland,48.58096165,-123.6782012,BKSC,FR-8122,25,0.75,27,Incoming,42,25,27,27,26,36,19,26,26,,315,195,20,7,30,5:15:00
EV19020002,"Waterhouse, Louise",Bernard K. Schroeder,EV,2019,6,5,156,3,15,180,120,0,,Complete,Sooke Lake,Sooke Lake 1,,Inland,48.55911176,-123.7033071,BKSC,FR-8122,25,0.75,21,Incoming,24,10,21,21,20,23,8,20,20,,315,195,13,8,30,5:15:00
EV19010001,"Cragg, Jenna",,EV,2019,6,22,173,3,12,,120,,,Complete,Cameron Lake,Cameron Lake,Shore,Inland,49.31937279,-124.5392085,BKSC,FR-8122,25,0.75,6,Incoming,6,3,6,,6,6,3,6,,,312,192,6,,,5:12:00
EV19010002,"Cragg, Jenna",,EV,2019,6,23,174,3,12,,120,,,Complete,Cameron Lake,Cameron Lake,Shore,Inland,49.31937279,-124.5392085,BKSC,FR-8122,25,0.75,4,Outgoing,3,4,3,,4,3,4,3,,,312,192,3,,,5:12:00
EV19010003,"Cragg, Jenna",Bernard K. Schroeder,EV,2019,6,25,176,3,13,,121,,,Complete,Lake Cowichan,Lake Cowichan,Shore,Inland,48.81784625,-124.1698693,BKSC,FR-8122,25,0.75,19,Incoming,24,12,19,19,15,20,10,15,15,,314,193,15,4,31,5:14:00
EV19010004,"Cragg, Jenna",Bernard K. Schroeder,EV,2019,6,26,177,3,12,,122,,,Complete,Lake Cowichan,Lake Cowichan,Shore,Inland,48.81784625,-124.1698693,BKSC,FR-8122,25,0.75,17,Outgoing,5,17,4,,13,4,13,3,,,314,192,1,3,32,5:14:00
EV19010005,"Cragg, Jenna",Bernard K. Schroeder,EV,2019,6,27,178,3,11,,122,,,Complete,Koksilah River,Koksilah River,,Inland,48.63711631,-123.7535006,BKSC,FR-8122,25,0.75,2,Incoming,2,0,2,,2,2,0,2,,,313,191,,2,32,5:13:00
EV19010006,"Cragg, Jenna",Bernard K. Schroeder,EV,2019,6,28,179,3,14,,120,,,Complete,Koksilah River,Koksilah River,,Inland,48.63711631,-123.7535006,BKSC,FR-8122,25,0.75,25,Outgoing,17,25,15,,23,15,23,13,,,314,194,15,,,5:14:00
EV19010007,"Cragg, Jenna",,EV,2019,7,1,182,3,15,,120,,,Complete,Cameron Lake,Cameron Lake,Shore,Inland,49.31937279,-124.5392085,BKSC,FR-8122,25,0.75,6,Outgoing,3,6,3,,6,3,6,3,,Devan Johnson AV,315,195,,3,30,5:15:00
EV19010008,"Cragg, Jenna",Bernard K. Schroeder,EV,2019,7,1,182,3,16,,120,,,Complete,Cameron Lake,Cameron Lake,Shore,Inland,49.28795177,-124.6295855,BKSC,FR-8122,25,0.75,12,Outgoing,13,12,11,12,10,12,10,10,10,,316,196,10,1,30,5:16:00
EV19010009,"Cragg, Jenna",Bernard K. Schroeder,EV,2019,7,5,186,3,16,,120,,,Complete,Koksilah River,Koksilah River,,Inland,48.63711631,-123.7535006,BKSC,FR-8122,25,0.75,24,Incoming,28,24,24,,21,24,21,20,,,316,196,23,1,30,5:16:00
EV19010010,"Cragg, Jenna",Bernard K. Schroeder,EV,2019,7,6,187,3,19,,120,,,Complete,Koksilah River,Koksilah River,,Inland,48.63711631,-123.7535006,BKSC,FR-8122,25,0.75,36,Outgoing,9,36,8,36,30,8,30,7,30,,319,199,8,,,5:19:00
EV19010011,"Cragg, Jenna",Bernard K. Schroeder,EV,2019,7,18,199,3,16,,135,,,Complete,Lake Cowichan,Lake Cowichan,Shore,Inland,48.81784625,-124.1698693,BKSC,FR-8122,25,0.75,6,Outgoing,0,6,0,,5,0,5,0,,,331,196,,,,5:31:00
EV20010001,"Cragg, Jenna",Bernard K. Schroeder,EV,2020,6,25,177,3,13,,120,,,Complete,Comox Lake,Comox Lake,,Inland,49.62832221,-125.0866992,BKSC,FR-8122,25,0.75,100,Incoming,100,54,100,100,79,79,49,79,81,,313,193,73,27,30,5:13:00
EV20010002,"Cragg, Jenna",Bernard K. Schroeder,EV,2020,6,26,178,3,14,,120,,,Complete,Comox Lake,Comox Lake,,Inland,49.62832221,-125.0866992,BKSC,FR-8122,25,0.75,97,Incoming,100,53,97,,81,83,34,81,,,314,194,75,22,30,5:14:00
EV20010003,"Cragg, Jenna",Bernard K. Schroeder,EV,2020,7,11,193,3,25,,120,,,Complete,Comox Lake,Comox Lake,,Inland,49.62832221,-125.0866992,BKSC,FR-8122,25,0.75,66,Incoming,66,58,66,,60,60,41,60,,,325,205,50,16,30,5:25:00
HG0301A0001,"Cober, Alvin",Janet Gray,HG,2003,7,4,185,20,0,120,0,0,0,Complete,Sewell,Sewell,Boat Anchorage,Coastal,52.87625151,-131.9859241,CWS 5,FR-8050D,10,0.5,1,Incoming,1,1,0,,1,1,1,0,,,326,1200,,,,5:26:00
HG0301A0002,"Cober, Alvin",Janet Gray,HG,2003,7,5,186,3,27,180,120,0,0,Complete,Sewell,Sewell,Boat Anchorage,Coastal,52.87625151,-131.9859241,CWS 5,FR-8050D,10,0.5,30,Outgoing,16,30,16,30,30,16,30,16,30,,327,207,,,,5:27:00
HG0301A0004,"Cober, Alvin",Anne Harfenist,HG,2003,7,6,187,3,27,176,121,4,,Complete,Sewell,Sewell,Boat Anchorage,Coastal,52.87625151,-131.9859241,CWS 5,FR-8050D,10,0.5,23,Outgoing,13,23,11,,23,13,23,11,,,328,207,,,,5:28:00
HG0301A0003,"Cober, Alvin",Janet Gray,HG,2003,7,6,187,20,0,120,0,0,0,Complete,Newcombe,Newcombe,Shore,Coastal,52.85039955,-132.0724492,CWS 5,FR-8050D,10,0.5,14,Outgoing,5,14,0,,14,5,14,0,,,328,1200,,,,5:28:00
HG0301A0006,"Cober, Alvin",Janet Gray,HG,2003,7,7,188,3,29,169,120,11,,Excluded,Newcombe,Newcombe,Shore,Coastal,52.85039955,-132.0724492,CWS 5,FR-8050D,10,0.5,33,Outgoing,8,33,7,33,33,8,33,7,33,Incomplete (weather) >10 minutes of interference,329,209,,,,5:29:00
HG0301A0005,"Cober, Alvin",Anne Harfenist,HG,2003,7,7,188,20,0,120,0,0,0,Complete,Fairfax,Fairfax 2,Boat Anchorage,Coastal,52.75793968,-132.0279913,CWS 5,FR-8050D,10,0.5,38,Outgoing,8,38,0,,38,8,38,0,,,329,1200,,,,5:29:00
HG0301A0008,"Cober, Alvin",Anne Harfenist,HG,2003,7,8,189,3,30,180,120,0,0,Complete,Fairfax,Fairfax 2,Boat Anchorage,Coastal,52.75793968,-132.0279913,CWS 5,FR-8050D,10,0.5,49,Outgoing,31,49,22,49,49,31,49,22,49,,330,210,,,,5:30:00
HG0301A0007,"Cober, Alvin",Anne Harfenist,HG,2003,7,8,189,20,0,120,0,0,0,Complete,Botany,Botany,Boat Anchorage,Coastal,52.73166685,-131.935495,CWS 5,FR-8050D,10,0.5,15,Outgoing,8,15,0,15,15,8,15,0,15,,330,1200,,,,5:30:00
HG0301A0009,"Cober, Alvin",Janet Gray,HG,2003,7,9,190,3,31,180,120,0,0,Excluded,Botany,Botany,Boat Anchorage,Coastal,52.73166685,-131.935495,CWS 5,FR-8050D,10,0.5,13,Incoming,13,12,13,,13,13,12,13,,Incomplete (battery),331,211,,,,5:31:00
HG0301A0010,"Cober, Alvin",Janet Gray,HG,2003,7,14,195,20,0,120,0,0,0,Complete,Gregory,Gregory,Road,Coastal,53.40359367,-132.5205055,CWS 5,FR-8050D,10,0.5,0,,0,0,0,,0,0,0,0,,,337,1200,,,,5:37:00
HG0301A0012,"Cober, Alvin",Janet Gray,HG,2003,7,15,196,3,38,180,120,0,0,Complete,Gregory,Gregory,Road,Coastal,53.40359367,-132.5205055,CWS 5,FR-8050D,10,0.5,91,Incoming,96,53,91,91,91,96,53,91,91,,338,218,,,,5:38:00
HG0301A0011,"Cober, Alvin",Anne Harfenist,HG,2003,7,15,196,20,0,110,0,10,,Complete,Riley,Riley,Heli-beach,Coastal,53.38415527,-132.5166578,CWS 5,FR-8050D,10,0.5,27,Incoming,27,24,0,,24,27,24,0,,,338,1200,,,,5:38:00
HG0301A0014,"Cober, Alvin",Anne Harfenist,HG,2003,7,16,197,3,38,180,121,0,0,Complete,Riley,Riley,Heli-beach,Coastal,53.38415527,-132.5166578,CWS 5,FR-8050D,10,0.5,53,Incoming,53,38,53,53,53,53,38,53,53,,339,218,,,,5:39:00
HG0301A0013,"Cober, Alvin",Janet Gray,HG,2003,7,16,197,20,0,120,0,0,0,Complete,Mountain Creek,Mountain Creek,Road,Coastal,53.30933326,-132.4201052,CWS 5,FR-8050D,10,0.5,19,Outgoing,10,19,0,,19,10,19,0,,,339,1200,,,,5:39:00
HG0301A0016,"Cober, Alvin",Janet Gray,HG,2003,7,17,198,3,41,180,120,0,0,Complete,Mountain Creek,Mountain Creek,Road,Coastal,53.30933326,-132.4201052,CWS 5,FR-8050D,10,0.5,41,Outgoing,48,41,39,41,41,48,41,39,41,,341,221,,,,5:41:00
HG0301A0015,"Cober, Alvin",Anne Harfenist,HG,2003,7,17,198,20,0,111,0,9,,Complete,Pass into Yakoun,Pass into Yakoun,Road,Coastal,53.34201533,-132.4262297,CWS 5,FR-8050D,10,0.5,49,Outgoing,18,49,0,,49,18,49,0,,,341,1200,,,,5:41:00
HG0301A0018,"Cober, Alvin",Anne Harfenist,HG,2003,7,18,199,3,38,180,124,0,0,Complete,Pass into Yakoun,Pass into Yakoun,Road,Coastal,53.34201533,-132.4262297,CWS 5,FR-8050D,10,0.5,52,Incoming,63,40,52,52,52,63,40,52,52,,342,218,,,,5:42:00
HG0301A0017,"Cober, Alvin",Janet Gray,HG,2003,7,18,199,20,0,112,0,8,,Complete,Bonanza,Bonanza,Road,Coastal,53.41225916,-132.5307911,CWS 5,FR-8050D,10,0.5,12,Outgoing,0,12,0,,12,0,12,0,,,342,1200,,,,5:42:00
HG0301A0019,"Cober, Alvin",Janet Gray,HG,2003,7,20,201,3,45,169,120,11,,Excluded,Bonanza,Bonanza,Road,Coastal,53.41225916,-132.5307911,CWS 5,FR-8050D,10,0.5,14,Incoming,15,12,14,14,14,15,12,14,14,Incomplete (weather) >10 minutes of interference,345,225,,,,5:45:00
HG0301B0020,"Cober, Alvin",Sean A. Cullen,HG,2003,7,22,203,20,0,120,0,0,0,Complete,Yakoun,Yakoun - approx coords,Road,Coastal,53.668,-132.197,CWS 4,FR-8051,11.3,0.5,2,Outgoing,0,2,0,,2,0,2,0,,,347,1200,,,,5:47:00
HG0301B0023,"Cober, Alvin",Sean A. Cullen,HG,2003,7,23,204,3,45,169,124,11,,Excluded,Yakoun,Yakoun - approx coords,Road,Coastal,53.668,-132.197,CWS 4,FR-8051,11.3,0.5,3,Outgoing,1,3,1,3,3,1,3,1,3,Incomplete (weather) >10 minutes of interference,349,225,,,,5:49:00
HG0301A0022,"Cober, Alvin",Anne Harfenist,HG,2003,7,23,204,20,0,120,0,0,0,Complete,Government Creek,Government Creek,Boat Anchorage,Coastal,53.13351028,-132.3499188,CWS 5,FR-8050D,10,0.5,27,Outgoing,21,27,0,,27,21,27,0,,,350,1200,,,,5:50:00
HG0301B0021,"Cober, Alvin",Sean A. Cullen,HG,2003,7,23,204,20,0,120,0,0,0,Complete,Datlamen,Datlamen - approx coords,Road,Coastal,53.568,-132.488,CWS 4,FR-8051,11.3,0.5,12,Incoming,12,9,0,9,9,12,9,0,9,,349,1200,,,,5:49:00
HG0301B0026,"Cober, Alvin",Sean A. Cullen,HG,2003,7,24,205,3,50,180,120,0,0,Complete,Datlamen,Datlamen - approx coords,Road,Coastal,53.568,-132.488,CWS 4,FR-8051,11.3,0.5,8,Outgoing,2,8,2,,8,2,8,2,,,350,230,,,,5:50:00
HG0301A0027,"Cober, Alvin",Anne Harfenist,HG,2003,7,24,205,3,51,180,120,0,0,Complete,Government Creek,Government Creek,Boat Anchorage,Coastal,53.13351028,-132.3499188,CWS 5,FR-8050D,10,0.5,39,Incoming,39,24,39,39,39,39,24,39,39,,351,231,,,,5:51:00
HG0301A0025,"Cober, Alvin",Janet Gray,HG,2003,7,24,205,20,0,120,0,0,0,Complete,Trounce,Trounce,Boat Anchorage,Coastal,53.18350924,-132.3148768,CWS 5,FR-8050D,10,0.5,11,Incoming,11,10,0,,10,11,10,0,,,351,1200,,,,5:51:00
HG0301B0024,"Cober, Alvin",Sean A. Cullen,HG,2003,7,24,205,20,0,120,0,0,0,Complete,Hiellen,Hiellen - approx coords,Road,Coastal,54.074,-131.79,CWS 4,FR-8051,11.3,0.5,1,Incoming,1,0,0,0,0,1,0,0,0,,350,1200,,,,5:50:00
HG0301B0030,"Cober, Alvin",Sean A. Cullen,HG,2003,7,25,206,3,51,160,122,20,,Complete,Hiellen,Hiellen - approx coords,Road,Coastal,54.074,-131.79,CWS 4,FR-8051,11.3,0.5,0,,0,0,0,0,0,0,0,0,0,,353,231,,,,5:53:00
HG0301A0031,"Cober, Alvin",Janet Gray,HG,2003,7,25,206,3,52,180,121,0,0,Complete,Trounce,Trounce,Boat Anchorage,Coastal,53.18350924,-132.3148768,CWS 5,FR-8050D,10,0.5,47,Outgoing,43,47,41,47,47,43,47,41,47,,353,232,,,,5:53:00
HG0301A0028,"Cober, Alvin",Anne Harfenist,HG,2003,7,25,206,20,0,120,0,0,0,Complete,Dawson Harbour,Dawson Harbour 1,Boat Anchorage,Coastal,53.16137073,-132.4574024,CWS 5,FR-8050D,10,0.5,9,Outgoing,6,9,0,9,9,6,9,0,9,,353,1200,,,,5:53:00
HG0301B0029,"Cober, Alvin",Sean A. Cullen,HG,2003,7,25,206,20,0,120,0,0,0,Complete,Sangan,Sangan - approx coords,Road,Coastal,54.0293,-131.987,CWS 4,FR-8051,11.3,0.5,0,,0,0,0,,0,0,0,0,,,353,1200,,,,5:53:00
HG0301A0034,"Cober, Alvin",Anne Harfenist,HG,2003,7,26,207,3,52,180,120,0,0,Complete,Dawson Harbour,Dawson Harbour 2,Boat Anchorage,Coastal,53.16137073,-132.4574024,CWS 5,FR-8050D,10,0.5,17,Incoming,17,12,17,17,17,17,12,17,17,,352,232,,,,5:52:00
HG0301B0035,"Cober, Alvin",Sean A. Cullen,HG,2003,7,26,207,3,54,180,120,0,0,Complete,Sangan,Sangan - approx coords,Road,Coastal,54.0293,-131.987,CWS 4,FR-8051,11.3,0.5,11,Incoming,11,0,11,11,11,11,0,11,11,,354,234,,,,5:54:00
HG0301A0033,"Cober, Alvin",Janet Gray,HG,2003,7,26,207,20,0,120,0,0,0,Complete,Long,Long,Boat Anchorage,Coastal,53.21045828,-132.2765835,CWS 5,FR-8050D,10,0.5,37,Outgoing,28,37,0,,37,28,37,0,,,354,1200,,,,5:54:00
HG0301B0032,"Cober, Alvin",Sean A. Cullen,HG,2003,7,26,207,20,0,120,0,0,0,Complete,Chinakundl,Chinukundl - approx coords,Road,Coastal,53.33,-131.949,CWS 4,FR-8051,11.3,0.5,2,Outgoing,0,2,0,,2,0,2,0,,,354,1200,,,,5:54:00
HG0301A0037,"Cober, Alvin",Janet Gray,HG,2003,7,27,208,3,56,180,120,0,0,Complete,Long,Long,Boat Anchorage,Coastal,53.21045828,-132.2765835,CWS 5,FR-8050D,10,0.5,123,Incoming,143,79,123,123,123,143,79,123,123,,356,236,,,,5:56:00
HG0301B0036,"Cober, Alvin",Sean A. Cullen,HG,2003,7,27,208,3,56,180,120,0,0,Complete,Chinakundl,Chinukundl - approx coords,Road,Coastal,53.33,-131.949,CWS 4,FR-8051,11.3,0.5,9,Outgoing,0,9,0,9,9,0,9,0,9,,356,236,,,,5:56:00
HG0301A0038,"Cober, Alvin",Anne Harfenist,HG,2003,7,28,209,20,0,84,0,36,,Complete,Deena,Deena,Road,Inland,53.08491174,-132.2250196,CWS 5,FR-8050D,10,0.5,3,Incoming,3,0,0,,0,3,0,0,,,357,1200,,,,5:57:00
HG0301B0039,"Cober, Alvin",Sean A. Cullen,HG,2003,7,28,209,20,0,120,0,0,0,Complete,Dinon,Dinan - approx coords,Boat Anchorage,Coastal,53.659,-132.673,CWS 4,FR-8051,11.3,0.5,1,Outgoing,0,1,0,,1,0,1,0,,,358,1200,,,,5:58:00
HG0301A0041,"Cober, Alvin",Anne Harfenist,HG,2003,7,29,210,3,56,117,123,63,,Complete,Deena,Deena,Road,Inland,53.08491174,-132.2250196,CWS 5,FR-8050D,10,0.5,10,Outgoing,4,10,4,10,10,4,10,4,10,,359,236,,,,5:59:00
HG0301B0042,"Cober, Alvin",Sean A. Cullen,HG,2003,7,29,210,3,57,180,122,0,0,Complete,Dinon,Dinan - approx coords,Boat Anchorage,Coastal,53.659,-132.673,CWS 4,FR-8051,11.3,0.5,4,Incoming,4,3,4,4,4,4,3,4,4,,359,237,,,,5:59:00
HG0301B0040,"Cober, Alvin",Sean A. Cullen,HG,2003,7,29,210,20,0,120,0,0,0,Complete,Awun,Awun - approx coords,Helicopter,Coastal,53.646,-132.531,CWS 4,FR-8051,11.3,0.5,1,Incoming,1,1,0,,1,1,1,0,,,359,1200,,,,5:59:00
HG0301B0043,"Cober, Alvin",Sean A. Cullen,HG,2003,7,30,211,3,57,180,124,0,0,Complete,Awun,Awun - approx coords,Helicopter,Coastal,53.646,-132.531,CWS 4,FR-8051,11.3,0.5,3,Outgoing,1,3,1,3,3,1,3,1,3,,361,237,,,,6:01:00
HG04010001B,"Cober, Alvin",Anne Harfenist,HG,2004,6,16,168,21,50,120,0,0,0,Complete,Botany,Botany,Boat Anchorage,Coastal,52.73793245,-131.9406576,Parks Canada (MOE-HG),FR-810I?,5.2,0.5,67,Outgoing,54,67,0,,57,53,57,0,,,321,1310,,,,5:21:00
HG04010002B,"Cober, Alvin",Anne Harfenist,HG,2004,6,17,169,3,20,180,121,0,0,Complete,Botany,Botany,Boat Anchorage,Coastal,52.73793245,-131.9406576,Parks Canada (MOE-HG),FR-810I?,5.2,0.5,77,Incoming,79,67,77,77,72,74,65,72,72,,321,200,,,,5:21:00
HG04010003B,"Cober, Alvin",Anne Harfenist,HG,2004,6,18,170,21,40,120,0,0,0,Complete,Mitchell,Mitchell,Boat Anchorage,Coastal,52.95648805,-132.1787835,Parks Canada (MOE-HG),FR-810I?,5.2,0.5,36,Outgoing,29,36,0,,35,27,35,0,,,321,1300,,,,5:21:00
HG04010005B,"Cober, Alvin",Anne Harfenist,HG,2004,6,19,171,3,45,180,95,0,0,Complete,Mitchell,Mitchell,Boat Anchorage,Coastal,52.95648805,-132.1787835,Parks Canada (MOE-HG),FR-810I?,5.2,0.5,30,Incoming,37,27,30,,30,36,26,30,,,320,225,,,,5:20:00
HG04010004B,"Cober, Alvin",Anne Harfenist,HG,2004,6,19,171,21,0,120,0,0,0,Complete,Security,Security,Boat Anchorage,Coastal,53.05020982,-132.293837,Parks Canada (MOE-HG),FR-810I?,5.2,0.5,9,Outgoing,8,9,0,,8,8,8,0,,,321,1260,,,,5:21:00
HG04010007B,"Cober, Alvin",Anne Harfenist,HG,2004,6,20,172,3,34,180,107,0,0,Complete,Security,Security,Boat Anchorage,Coastal,53.05020982,-132.293837,Parks Canada (MOE-HG),FR-810I?,5.2,0.5,64,Incoming,65,61,64,64,63,64,58,63,63,,321,214,,,,5:21:00
HG04010006B,"Cober, Alvin",Anne Harfenist,HG,2004,6,20,172,21,39,120,0,0,0,Complete,Port Chanal,Port Chanal,Boat Anchorage,Coastal,53.59404179,-132.8872848,Parks Canada (MOE-HG),FR-810I?,5.2,0.5,62,Incoming,62,47,0,,44,59,44,0,,,321,1299,,,,5:21:00
HG04010009B,"Cober, Alvin",Anne Harfenist,HG,2004,6,21,173,3,35,180,106,0,0,Complete,Port Chanal,Port Chanal,Boat Anchorage,Coastal,53.59404179,-132.8872848,Parks Canada (MOE-HG),FR-810I?,5.2,0.5,189,Incoming,193,173,189,189,182,186,167,182,182,,321,215,,,,5:21:00
HG04010008B,"Cober, Alvin",Anne Harfenist,HG,2004,6,21,173,21,46,120,0,0,0,Complete,Tartu,Tartu,Boat Anchorage,Coastal,53.46469556,-132.6737763,Parks Canada (MOE-HG),FR-810I?,5.2,0.5,36,Incoming,36,33,0,,31,31,31,0,,,321,1306,,,,5:21:00
HG04010010B,"Cober, Alvin",Anne Harfenist,HG,2004,6,22,174,3,32,180,109,0,0,Complete,Tartu,Tartu,Boat Anchorage,Coastal,53.46469556,-132.6737763,Parks Canada (MOE-HG),FR-810I?,5.2,0.5,95,Incoming,96,72,95,95,94,95,71,94,94,Precipitation = light high fog,321,212,,,,5:21:00
HG04010011B,"Cober, Alvin",Anne Harfenist,HG,2004,6,23,175,21,50,120,0,0,0,Complete,Dawson Harbour,Dawson Harbour 2,Boat Anchorage,Coastal,53.16751355,-132.4844961,Parks Canada (MOE-HG),FR-810I?,5.2,0.5,17,Incoming,17,17,0,,16,17,16,0,,Precipitation = light high fog,321,1310,,,,5:21:00
HG04010012B,"Cober, Alvin",Anne Harfenist,HG,2004,6,23,175,21,50,120,0,0,0,Complete,Dawson Inlet,Dawson Inlet,Boat Anchorage,Coastal,53.16751355,-132.4844961,Parks Canada (MOE-HG),FR-810I?,5.2,0.5,51,Outgoing,37,51,0,,49,36,49,0,,Precipitation = light high fog,321,1310,,,,5:21:00
HG04010001,"Cober, Alvin",Anne Harfenist,HG,2004,6,24,176,3,21,180,121,0,0,Complete,Dawson Inlet,Dawson Inlet,Boat Anchorage,Coastal,53.167513,-132.484496,Parks Canada (MOE-HG),FR-810I?,5.2,0.5,121,Incoming,122,74,121,121,118,119,71,118,118,Precipitation = light high fog,322,201,,,,5:22:00
HG04010014B,"Cober, Alvin",Anne Harfenist,HG,2004,6,24,176,3,21,180,121,0,0,Complete,Dawson Harbour,Dawson Harbour 2,Boat Anchorage,Coastal,53.16751355,-132.4844961,Parks Canada (MOE-HG),FR-810I?,5.2,0.5,66,Incoming,66,31,66,66,65,65,29,65,65,Precipitation = light high fog,322,201,,,,5:22:00
HG04010013B,"Cober, Alvin",Anne Harfenist,HG,2004,6,24,176,21,35,120,0,0,0,Complete,Trounce,Trounce,Boat Anchorage,Coastal,53.17249016,-132.3198752,Parks Canada (MOE-HG),FR-810I?,5.2,0.5,27,Incoming,27,26,0,,25,25,25,0,,Precipitation = light high fog,322,1295,,,,5:22:00
HG04010015B,"Cober, Alvin",Anne Harfenist,HG,2004,6,25,177,3,37,180,105,0,0,Complete,Trounce,Trounce,Boat Anchorage,Coastal,53.17249016,-132.3198752,Parks Canada (MOE-HG),FR-810I?,5.2,0.5,67,Incoming,68,57,67,67,65,66,56,65,65,Precipitation = light high fog,322,217,,,,5:22:00
HG04010016B,"Cober, Alvin",Anne Harfenist,HG,2004,6,28,180,21,25,120,0,0,0,Complete,Long,Long,Boat Anchorage,Coastal,53.20457281,-132.2755941,Parks Canada (MOE-HG),FR-810I?,5.2,0.5,73,Incoming,73,53,0,,51,67,51,0,,,324,1285,,,,5:24:00
HG04010017B,"Cober, Alvin",Anne Harfenist,HG,2004,6,29,181,3,57,180,88,0,0,Complete,Long,Long,Boat Anchorage,Coastal,53.20457281,-132.2755941,Parks Canada (MOE-HG),FR-810I?,5.2,0.5,144,Incoming,154,92,144,144,131,139,83,131,131,,325,237,,,,5:25:00
HG04010001A,"Cober, Alvin",Janet Gray,HG,2004,7,6,188,21,35,120,0,0,0,Complete,Windy Bay,Windy Bay,Boat Anchorage,Coastal,52.68992655,-131.4430379,CWS 4,FR-8051,11.3,0.5,58,Outgoing,30,58,0,,51,30,51,0,,,327,1295,,,,5:27:00
HG04010003A,"Cober, Alvin",Janet Gray,HG,2004,7,7,189,3,36,180,116,0,0,Complete,Windy Bay,Windy Bay,Boat Anchorage,Coastal,52.68992655,-131.4430379,CWS 4,FR-8051,11.3,0.5,199,Incoming,203,148,199,,198,202,145,198,,,332,216,,,,5:32:00
HG04010002A,"Cober, Alvin",Janet Gray,HG,2004,7,7,189,21,51,120,0,0,0,Complete,Klunkwoi,Klunkwoi,Boat Anchorage,Coastal,52.717303,-131.807203,CWS 4,FR-8051,11.3,0.5,86,Outgoing,23,86,0,,82,22,82,0,,,332,1311,,,,5:32:00
HG04010005A,"Cober, Alvin",Janet Gray,HG,2004,7,8,190,3,22,180,132,0,0,Complete,Klunkwoi,Klunkwoi,Boat Anchorage,Coastal,52.717303,-131.807203,CWS 4,FR-8051,11.3,0.5,96,Outgoing,45,96,44,96,93,43,93,42,93,,334,202,,,,5:34:00
HG04010004A,"Cober, Alvin",Janet Gray,HG,2004,7,8,190,21,39,120,0,0,0,Complete,Hutton,Hutton,Boat Anchorage,Coastal,52.50099895,-131.5626575,CWS 4,FR-8051,11.3,0.5,26,Incoming,26,23,0,,21,26,21,0,,,334,1299,,,,5:34:00
HG04010007A,"Cober, Alvin",Janet Gray,HG,2004,7,9,191,3,55,180,100,0,0,Complete,Hutton,Hutton,Boat Anchorage,Coastal,52.50099895,-131.5626575,CWS 4,FR-8051,11.3,0.5,86,Incoming,88,45,86,86,86,88,44,86,86,,335,235,,,,5:35:00
HG04010006A,"Cober, Alvin",Janet Gray,HG,2004,7,9,191,21,50,120,0,0,0,Complete,Harriet Hr,Harriet Hr,Boat Anchorage,Coastal,52.297238,-131.221761,CWS 4,FR-8051,11.3,0.5,13,Outgoing,8,13,0,,13,8,13,0,,,335,1310,,,,5:35:00
HG04010009A,"Cober, Alvin",Janet Gray,HG,2004,7,10,192,3,21,180,135,0,0,Complete,Harriet Hr,Harriet Hr,Boat Anchorage,Coastal,52.297238,-131.221761,CWS 4,FR-8051,11.3,0.5,43,Incoming,43,29,43,43,43,43,29,43,43,,336,201,,,,5:36:00
HG04010008A,"Cober, Alvin",Janet Gray,HG,2004,7,10,192,21,51,120,0,0,0,Complete,Huston,Huston,Boat Anchorage,Coastal,52.27425745,-131.2764591,CWS 4,FR-8051,11.3,0.5,84,Incoming,84,80,0,,67,77,67,0,,,336,1311,,,,5:36:00
HG04010011A,"Cober, Alvin",Janet Gray,HG,2004,7,11,193,3,22,180,135,0,0,Complete,Huston,Huston,Boat Anchorage,Coastal,52.27425745,-131.2764591,CWS 4,FR-8051,11.3,0.5,111,Incoming,122,84,111,,111,122,79,111,,,337,202,,,,5:37:00
HG04010010A,"Cober, Alvin",Janet Gray,HG,2004,7,11,193,21,50,120,0,0,0,Complete,Lagoon,Lagoon,Boat Anchorage,Coastal,52.92402045,-131.9171178,CWS 4,FR-8051,11.3,0.5,17,Outgoing,8,17,0,,17,8,17,0,,,337,1310,,,,5:37:00
HG04010012A,"Cober, Alvin",Janet Gray,HG,2004,7,12,194,3,25,180,134,0,0,Complete,Lagoon,Lagoon,Boat Anchorage,Coastal,52.92402045,-131.9171178,CWS 4,FR-8051,11.3,0.5,92,Incoming,92,39,92,92,91,91,39,91,91,,339,205,,,,5:39:00
HG04010013A,"Cober, Alvin",Anne Harfenist,HG,2004,7,13,195,21,38,120,0,0,0,Complete,Windy Bay,Windy Bay,Boat Anchorage,Coastal,52.69020349,-131.4479074,CWS 4,FR-8051,11.3,0.5,46,Incoming,46,32,0,,31,43,31,0,,,339,1298,,,,5:39:00
HG04010014A,"Cober, Alvin",Anne Harfenist,HG,2004,7,14,196,3,43,180,117,0,0,Complete,Windy Bay,Windy Bay,Boat Anchorage,Coastal,52.69020349,-131.4479074,CWS 4,FR-8051,11.3,0.5,237,Incoming,237,142,237,237,223,223,134,223,223,,340,223,,,,5:40:00
HG04010015A,"Cober, Alvin",Anne Harfenist,HG,2004,7,15,197,21,23,120,0,0,0,Complete,Harriet Hr,Harriet Hr,Boat Anchorage,Coastal,52.29761597,-131.2200898,CWS 4,FR-8051,11.3,0.5,12,Incoming,12,7,0,,7,12,7,0,,,341,1283,,,,5:41:00
HG04010017A,"Cober, Alvin",Anne Harfenist,HG,2004,7,16,198,4,2,180,101,0,0,Complete,Harriet Hr,Harriet Hr,Boat Anchorage,Coastal,52.29761597,-131.2200898,CWS 4,FR-8051,11.3,0.5,42,Incoming,43,38,42,,40,41,35,40,,Light mist cleared at 04:40,343,242,,,,5:43:00
HG04010016A,"Cober, Alvin",Anne Harfenist,HG,2004,7,16,198,21,51,120,0,0,0,Complete,Huston,Huston,Boat Anchorage,Coastal,52.27425745,-131.2764591,CWS 4,FR-8051,11.3,0.5,32,Incoming,32,31,0,,27,26,27,0,,,343,1311,,,,5:43:00
HG04010019A,"Cober, Alvin",Anne Harfenist,HG,2004,7,17,199,3,22,180,142,0,0,Complete,Huston,Huston,Boat Anchorage,Coastal,52.27425745,-131.2764591,CWS 4,FR-8051,11.3,0.5,117,Incoming,120,99,117,117,103,106,90,103,111,,344,202,,,,5:44:00
HG04010018A,"Cober, Alvin",Anne Harfenist,HG,2004,7,17,199,21,49,120,0,0,0,Complete,Bigsby,Bigsby,Boat Anchorage,Coastal,52.61798292,-131.7182275,CWS 4,FR-8051,11.3,0.5,63,Outgoing,55,63,0,,56,49,56,0,,,344,1309,,,,5:44:00
HG04010020A,"Cober, Alvin",Anne Harfenist,HG,2004,7,18,200,3,21,180,144,0,0,Complete,Bigsby,Bigsby,Boat Anchorage,Coastal,52.61798292,-131.7182275,CWS 4,FR-8051,11.3,0.5,149,Outgoing,122,149,114,149,138,109,138,102,138,,345,201,,,,5:45:00
HG04010018B,"Cober, Alvin",Janet Gray,HG,2004,7,20,202,21,29,120,0,0,0,Complete,Botany,Botany,Boat Anchorage,Coastal,52.73849806,-131.9406957,Parks Canada (MOE-HG),FR-810I?,5.2,0.5,30,Incoming,30,23,0,,23,30,23,0,,,349,1289,,,,5:49:00
HG04010019B,"Cober, Alvin",Janet Gray,HG,2004,7,21,203,3,52,180,118,0,0,Complete,Botany,Botany,Boat Anchorage,Coastal,52.73849806,-131.9406957,Parks Canada (MOE-HG),FR-810I?,5.2,0.5,41,Incoming,41,17,41,,41,41,17,41,,,350,232,,,,5:50:00
HG04010020B,"Cober, Alvin",Janet Gray,HG,2004,7,22,204,21,18,120,0,0,0,Complete,Mitchell,Mitchell,Boat Anchorage,Coastal,52.95644753,-132.1785925,Parks Canada (MOE-HG),FR-810I?,5.2,0.5,67,Outgoing,13,67,0,67,66,13,66,0,66,,351,1278,,,,5:51:00
HG04010022B,"Cober, Alvin",Janet Gray,HG,2004,7,23,205,3,59,180,113,0,0,Complete,Mitchell,Mitchell,Boat Anchorage,Coastal,52.95644753,-132.1785925,Parks Canada (MOE-HG),FR-810I?,5.2,0.5,27,Incoming,36,10,27,,26,35,10,26,,,352,239,,,,5:52:00
HG04010021B,"Cober, Alvin",Janet Gray,HG,2004,7,23,205,21,21,120,0,0,0,Complete,Security,Security,Boat Anchorage,Coastal,53.04995526,-132.2948976,Parks Canada (MOE-HG),FR-810I?,5.2,0.5,10,Outgoing,0,10,0,,10,0,10,0,,,352,1281,,,,5:52:00
HG04010025B,"Cober, Alvin",Janet Gray,HG,2004,7,24,206,3,58,180,115,0,0,Complete,Security,Security,Boat Anchorage,Coastal,53.04995526,-132.2948976,Parks Canada (MOE-HG),FR-810I?,5.2,0.5,3,Outgoing,1,3,0,,3,1,3,0,,,353,238,,,,5:53:00
HG04010024B,"Cober, Alvin",Janet Gray,HG,2004,7,24,206,21,28,120,0,0,0,Complete,Dawson Inlet,Dawson Inlet,Boat Anchorage,Coastal,53.16738497,-132.484369,Parks Canada (MOE-HG),FR-810I?,5.2,0.5,7,Incoming,7,1,0,,1,7,1,0,,,353,1288,,,,5:53:00
HG04010023B,"Cober, Alvin",Janet Gray,HG,2004,7,24,206,21,39,120,0,0,0,Complete,Dawson Harbour,Dawson Harbour 2,Boat Anchorage,Coastal,53.16738497,-132.484369,Parks Canada (MOE-HG),FR-810I?,5.2,0.5,1,Outgoing,0,1,0,,1,0,1,0,,,353,1299,,,,5:53:00
HG04010027B,"Cober, Alvin",Janet Gray,HG,2004,7,25,207,3,53,180,122,0,0,Complete,Dawson Harbour,Dawson Harbour 2,Boat Anchorage,Coastal,53.16738497,-132.484369,Parks Canada (MOE-HG),FR-810I?,5.2,0.5,1,Outgoing,0,1,0,,1,0,1,0,,,355,233,,,,5:55:00
HG04010002,"Cober, Alvin",Janet Gray,HG,2004,7,25,207,3,59,180,116,0,0,Complete,Dawson Inlet,Dawson Inlet,Boat Anchorage,Coastal,53.167384,-132.484368,Parks Canada (MOE-HG),FR-810I?,5.2,0.5,9,Outgoing,5,9,5,,6,5,6,5,,50-75m rainclouds and fog,355,239,,,,5:55:00
HG04010021A,"Cober, Alvin",Anne Harfenist,HG,2004,7,25,207,21,26,120,0,0,0,Complete,Klunkwoi,Klunkwoi,Boat Anchorage,Coastal,52.71629946,-131.808571,CWS 4,FR-8051,11.3,0.5,23,Outgoing,11,23,0,,23,11,23,0,,,355,1286,,,,5:55:00
HG04010026B,"Cober, Alvin",Janet Gray,HG,2004,7,25,207,21,40,120,0,0,0,Complete,Trounce,Trounce,Boat Anchorage,Coastal,53.17210633,-132.3207971,Parks Canada (MOE-HG),FR-810I?,5.2,0.5,2,Incoming,2,1,0,,1,2,1,0,,,355,1300,,,,5:55:00
HG04010029B,"Cober, Alvin",Janet Gray,HG,2004,7,26,208,3,44,180,132,0,0,Complete,Trounce,Trounce,Boat Anchorage,Coastal,53.17210633,-132.3207971,Parks Canada (MOE-HG),FR-810I?,5.2,0.5,1,Outgoing,0,1,0,,1,0,1,0,,,356,224,,,,5:56:00
HG04010023A,"Cober, Alvin",Anne Harfenist,HG,2004,7,26,208,3,56,180,120,0,0,Complete,Klunkwoi,Klunkwoi,Boat Anchorage,Coastal,52.71629946,-131.808571,CWS 4,FR-8051,11.3,0.5,61,Outgoing,50,61,50,,57,48,57,48,,,356,236,,,,5:56:00
HG04010022A,"Cober, Alvin",Anne Harfenist,HG,2004,7,26,208,21,33,120,0,0,0,Complete,Bigsby,Bigsby,Boat Anchorage,Coastal,52.61798292,-131.7182275,CWS 4,FR-8051,11.3,0.5,25,Outgoing,3,25,0,,24,3,24,0,,,356,1293,,,,5:56:00
HG04010028B,"Cober, Alvin",Janet Gray,HG,2004,7,26,208,21,39,120,0,0,0,Complete,Long,Long,Boat Anchorage,Coastal,53.2063083,-132.2767719,Parks Canada (MOE-HG),FR-810I?,5.2,0.5,26,Outgoing,7,26,0,,25,7,25,0,,,356,1299,,,,5:56:00
HG04010031B,"Cober, Alvin",Janet Gray,HG,2004,7,27,209,3,39,180,138,0,0,Complete,Long,Long,Boat Anchorage,Coastal,53.2063083,-132.2767719,Parks Canada (MOE-HG),FR-810I?,5.2,0.5,108,Incoming,122,25,108,,108,122,25,108,,,357,219,,,,5:57:00
HG04010025A,"Cober, Alvin",Anne Harfenist,HG,2004,7,27,209,3,50,180,127,0,0,Complete,Bigsby,Bigsby,Boat Anchorage,Coastal,52.61798292,-131.7182275,CWS 4,FR-8051,11.3,0.5,75,Outgoing,63,75,62,,69,55,69,54,,,357,230,,,,5:57:00
HG04010030B,"Cober, Alvin",Janet Gray,HG,2004,7,27,209,21,15,120,0,0,0,Complete,Port Chanal,Port Chanal,Boat Anchorage,Coastal,53.59394615,-132.8859446,Parks Canada (MOE-HG),FR-810I?,5.2,0.5,68,Outgoing,42,68,0,,68,41,68,0,,,357,1275,,,,5:57:00
HG04010024A,"Cober, Alvin",Anne Harfenist,HG,2004,7,27,209,21,39,120,0,0,0,Complete,Hutton,Hutton,Boat Anchorage,Coastal,52.50099895,-131.5626575,CWS 4,FR-8051,11.3,0.5,17,Outgoing,1,17,0,,17,1,17,0,,,357,1299,,,,5:57:00
HG04010026A,"Cober, Alvin",Anne Harfenist,HG,2004,7,28,210,3,55,180,124,0,0,Complete,Hutton,Hutton,Boat Anchorage,Coastal,52.50099895,-131.5626575,CWS 4,FR-8051,11.3,0.5,58,Incoming,58,31,58,,52,52,31,52,,,359,235,,,,5:59:00
HG04010032B,"Cober, Alvin",Janet Gray,HG,2004,7,28,210,4,1,180,118,0,0,Complete,Port Chanal,Port Chanal,Boat Anchorage,Coastal,53.59394615,-132.8859446,Parks Canada (MOE-HG),FR-810I?,5.2,0.5,107,Incoming,121,85,107,,107,121,85,107,,"fog at waterlevel, rain at end of survey",359,241,,,,5:59:00
HG04010033B,"Cober, Alvin",Janet Gray,HG,2004,7,29,211,21,40,120,0,0,0,Complete,Tartu,Tartu,Boat Anchorage,Coastal,53.46552537,-132.6739117,Parks Canada (MOE-HG),FR-810I?,5.2,0.5,4,Incoming,4,0,0,,0,4,0,0,,,361,1300,,,,6:01:00
HG04010034B,"Cober, Alvin",Janet Gray,HG,2004,7,30,212,3,40,180,142,0,0,Complete,Tartu,Tartu,Boat Anchorage,Coastal,53.46552537,-132.6739117,Parks Canada (MOE-HG),FR-810I?,5.2,0.5,15,Incoming,15,6,15,,15,15,6,15,,,362,220,,,,6:02:00
HG0501A0001,"Cober, Alvin",Anne Harfenist,HG,2005,5,27,147,20,0,120,0,0,0,Complete,Security,Security,Boat Anchorage,Coastal,53.05020982,-132.293837,Parks Canada (MOE-HG),FR-810I?,5.2,0.5,18,Outgoing,0,18,0,,18,0,18,0,,,333,1200,,,,5:33:58
HG0501A0003,"Cober, Alvin",Anne Harfenist,HG,2005,5,28,148,3,16,180,136,0,0,Complete,Security,Security,Boat Anchorage,Coastal,53.05020982,-132.293837,Parks Canada (MOE-HG),FR-810I?,5.2,0.5,74,Incoming,74,63,74,,74,74,63,74,,,332,196,,,,5:32:53
HG0501A0002,"Cober, Alvin",Anne Harfenist,HG,2005,5,28,148,20,0,120,0,0,0,Complete,Fairfax,Fairfax,Boat Anchorage,Coastal,52.739905,-131.986753,Parks Canada (MOE-HG),FR-810I?,5.2,0.5,13,Outgoing,5,13,0,,13,5,13,0,,,333,1200,,,,5:33:19
HG0501A0005,"Cober, Alvin",Anne Harfenist,HG,2005,5,29,149,3,16,180,136,0,0,Complete,Fairfax,Fairfax,Boat Anchorage,Coastal,52.739905,-131.986753,Parks Canada (MOE-HG),FR-810I?,5.2,0.5,87,Incoming,87,53,87,,87,87,53,87,,,332,196,,,,5:32:19
HG0501A0004,"Cober, Alvin",Anne Harfenist,HG,2005,5,29,149,20,0,120,0,0,0,Complete,Botany,Botany,Boat Anchorage,Coastal,52.73793245,-131.9406576,Parks Canada (MOE-HG),FR-810I?,5.2,0.5,17,Outgoing,11,17,0,,17,11,17,0,,,332,1200,,,,5:32:09
HG0501A0007,"Cober, Alvin",Anne Harfenist,HG,2005,5,31,151,3,16,180,134,0,0,Complete,Botany,Botany,Boat Anchorage,Coastal,52.73793245,-131.9406576,Parks Canada (MOE-HG),FR-810I?,5.2,0.5,59,Incoming,63,52,59,,59,63,52,59,,,330,196,,,,5:30:17
HG0501A0006,"Cober, Alvin",Anne Harfenist,HG,2005,5,31,151,20,0,120,0,0,0,Complete,Trounce,Trounce,Boat Anchorage,Coastal,53.17249016,-132.3198752,Parks Canada (MOE-HG),FR-810I?,5.2,0.5,4,Outgoing,2,4,0,,4,2,4,0,,,329,1200,,,,5:29:23
HG0501A0009,"Cober, Alvin",Anne Harfenist,HG,2005,6,1,152,3,16,180,132,0,0,Complete,Trounce,Trounce,Boat Anchorage,Coastal,53.17249016,-132.3198752,Parks Canada (MOE-HG),FR-810I?,5.2,0.5,60,Incoming,63,33,60,60,60,63,33,60,60,,328,196,,,,5:28:30
HG0501A0008,"Cober, Alvin",Anne Harfenist,HG,2005,6,1,152,20,0,120,0,0,0,Complete,Dawson Inlet,Dawson Inlet,Boat Anchorage,Coastal,53.16738497,-132.484369,Parks Canada (MOE-HG),FR-810I?,5.2,0.5,5,Outgoing,0,5,0,,5,0,5,0,,,329,1200,,,,5:29:11
HG0501A0011,"Cober, Alvin",Anne Harfenist,HG,2005,6,2,153,3,16,180,132,0,0,Complete,Dawson Inlet,Dawson Inlet,Boat Anchorage,Coastal,53.16738497,-132.484369,Parks Canada (MOE-HG),FR-810I?,5.2,0.5,98,Incoming,98,53,98,98,98,98,53,98,98,,328,196,,,,5:28:21
HG0501A0010,"Cober, Alvin",Anne Harfenist,HG,2005,6,2,153,20,0,120,0,0,0,Complete,Tartu,Tartu,Boat Anchorage,Coastal,53.46552537,-132.6739117,Parks Canada (MOE-HG),FR-810I?,5.2,0.5,36,Outgoing,5,36,0,,36,5,36,0,,,327,1200,,,,5:27:24
HG0501A0013,"Cober, Alvin",Anne Harfenist,HG,2005,6,3,154,3,16,180,130,0,0,Complete,Tartu,Tartu,Boat Anchorage,Coastal,53.46552537,-132.6739117,Parks Canada (MOE-HG),FR-810I?,5.2,0.5,93,Incoming,93,70,93,,93,93,70,93,,,326,196,,,,5:26:36
HG0501A0012,"Cober, Alvin",Anne Harfenist,HG,2005,6,3,154,20,0,109,0,11,,Excluded,Port Chanal,Port Chanal,Boat Anchorage,Coastal,53.593916,-132.892536,Parks Canada (MOE-HG),FR-810I?,5.2,0.5,0,,0,0,0,,0,0,0,0,,Incomplete Survey - Rain Interference >10 minutes of interference,326,1200,,,,5:26:43
HG0501A0015,"Cober, Alvin",Anne Harfenist,HG,2005,6,4,155,3,16,180,129,0,0,Complete,Port Chanal,Port Chanal,Boat Anchorage,Coastal,53.593916,-132.892536,Parks Canada (MOE-HG),FR-810I?,5.2,0.5,139,Incoming,139,76,139,,139,139,76,139,,,325,196,,,,5:25:58
HG0501A0014,"Cober, Alvin",Anne Harfenist,HG,2005,6,4,155,20,0,120,0,0,0,Complete,Dawson Harbour,Dawson Harbour 2,Boat Anchorage,Coastal,53.16137073,-132.4574024,Parks Canada (MOE-HG),FR-810I?,5.2,0.5,0,,0,0,0,,0,0,0,0,,Missed start time due to rough seas,326,1200,,,,5:26:46
HG0501A0017,"Cober, Alvin",Anne Harfenist,HG,2005,6,5,156,3,19,180,127,0,0,Complete,Dawson Harbour,Dawson Harbour 2,Boat Anchorage,Coastal,53.16137073,-132.4574024,Parks Canada (MOE-HG),FR-810I?,5.2,0.5,65,Incoming,66,49,65,65,65,66,49,65,65,,326,199,,,,5:26:06
HG0501A0016,"Cober, Alvin",Anne Harfenist,HG,2005,6,5,156,20,0,120,0,0,0,Complete,Mitchell,Mitchell,Boat Anchorage,Coastal,52.95648805,-132.1787835,Parks Canada (MOE-HG),FR-810I?,5.2,0.5,27,Outgoing,7,27,0,,27,7,27,0,,,326,1200,,,,5:26:10
HG0501A0019,"Cober, Alvin",Anne Harfenist,HG,2005,6,6,157,3,19,180,126,0,0,Complete,Mitchell,Mitchell,Boat Anchorage,Coastal,52.95648805,-132.1787835,Parks Canada (MOE-HG),FR-810I?,5.2,0.5,41,Incoming,41,36,41,41,41,41,36,41,41,,325,199,,,,5:25:33
HG0501A0018,"Cober, Alvin",Anne Harfenist,HG,2005,6,6,157,20,0,120,0,0,0,Complete,Long,Long,Boat Anchorage,Coastal,53.20457281,-132.2755941,Parks Canada (MOE-HG),FR-810I?,5.2,0.5,9,Outgoing,0,9,0,,9,0,9,0,,,324,1200,,,,5:24:29
HG0501A0020,"Cober, Alvin",Anne Harfenist,HG,2005,6,7,158,3,19,180,124,0,0,Complete,Long,Long,Boat Anchorage,Coastal,53.20457281,-132.2755941,Parks Canada (MOE-HG),FR-810I?,5.2,0.5,110,Incoming,112,75,110,,110,112,75,110,,,323,199,,,,5:23:55
HG0501B0001,"Cober, Alvin",Anne Harfenist,HG,2005,6,11,162,20,0,109,0,11,,Excluded,Gregory,Gregory,Road,Coastal,53.40359367,-132.5205055,CWS 4,FR-8051,11.3,0.5,0,,0,0,0,,0,0,0,0,,"Incomplete Survey - Rain Interference, Radar facing N, distances measured on SE line. Docking here requires permission from the Wilderness Outpost, which you are not likely to obtain. >10 minutes of interference",321,1200,,,,5:21:55
HG0501B0002,"Cober, Alvin",Anne Harfenist,HG,2005,6,12,163,3,21,180,120,0,0,Complete,Gregory,Gregory,Road,Coastal,53.40359367,-132.5205055,CWS 4,FR-8051,11.3,0.5,5,Incoming,5,1,5,,5,5,1,5,,"Radar faced NE, distances measured on W line.",321,201,,,,5:21:37
HG0501B0003,"Cober, Alvin",Anne Harfenist,HG,2005,6,13,164,20,0,109,0,11,,Excluded,Lagoon,Lagoon,Boat Anchorage,Coastal,52.92402045,-131.9171178,CWS 4,FR-8051,11.3,0.5,0,,0,0,0,,0,0,0,0,,"Incomplete Survey - Rain Interference, Radar faced W, distances measured on E and W lines. Two flight paths: up Moyeha River, & up Cotter Ck. >10 minutes of interference",321,1200,,,,5:21:54
HG0501B0004,"Cober, Alvin",Anne Harfenist,HG,2005,6,14,165,3,21,180,120,0,0,Complete,Lagoon,Lagoon,Boat Anchorage,Coastal,52.92402045,-131.9171178,CWS 4,FR-8051,11.3,0.5,66,Incoming,67,37,66,,66,67,37,66,,"Radar faced W, distances measured on E and W lines. Two flight paths: up Moyeha River, & up Cotter Ck.",321,201,,,,5:21:43
HG0501B0005,"Cober, Alvin",Anne Harfenist,HG,2005,6,17,168,20,0,120,0,0,0,Complete,Gregory,Gregory,Road,Coastal,53.40359367,-132.5205055,CWS 4,FR-8051,11.3,0.5,2,Outgoing,0,2,0,,2,0,2,0,,Radar faced 135°. Heavy wave action makes surveys difficult.,320,1200,,,,5:20:56
HG0501B0006,"Cober, Alvin",Anne Harfenist,HG,2005,6,18,169,3,22,180,118,0,0,Complete,Gregory,Gregory,Road,Coastal,53.40359367,-132.5205055,CWS 4,FR-8051,11.3,0.5,8,Incoming,8,0,8,,8,8,0,8,,"Radar faced NW, distances measured on NW line. AV in meadow 40 m SE of radar. Several bears in estuary.",320,202,,,,5:20:58
HG0501B0007,"Cober, Alvin",Anne Harfenist,HG,2005,6,21,172,20,0,120,0,0,0,Complete,Klunkwoi,Klunkwoi,Boat Anchorage,Coastal,52.71629946,-131.808571,CWS 4,FR-8051,11.3,0.5,54,Outgoing,11,54,0,,54,11,54,0,,"Radar faced E, distances measured on SE line. AV 30-50 m N of radar. Camp high on beach to avoid flooding. Bears frequent estuary.",322,1200,,,,5:22:49
HG0501B0008,"Cober, Alvin",Anne Harfenist,HG,2005,6,22,173,3,21,180,122,0,0,Complete,Klunkwoi,Klunkwoi,Boat Anchorage,Coastal,52.71629946,-131.808571,CWS 4,FR-8051,11.3,0.5,100,Outgoing,55,100,55,100,100,55,100,55,100,"Radar faced N-NE, distances measured on SE line.",323,201,,,,5:23:04
HG0501B0009,"Cober, Alvin",Anne Harfenist,HG,2005,6,23,174,20,0,120,0,0,0,Complete,Hutton,Hutton,Boat Anchorage,Coastal,52.50099895,-131.5626575,CWS 4,FR-8051,11.3,0.5,13,Outgoing,6,13,0,,13,6,13,0,,"Radar faced N, distances measured on 190° line (Watta South) and 300° line (Watta Main). Do not camp here when tides are over 10.8 feet (entire area can flood).",323,1200,,,,5:23:41
HG0501B0011,"Cober, Alvin",Anne Harfenist,HG,2005,6,24,175,3,22,180,121,0,0,Complete,Bigsby,Bigsby,Boat Anchorage,Coastal,52.61825243,-131.715895,CWS 4,FR-8051,11.3,0.5,111,Outgoing,84,111,82,,111,84,111,82,,,323,202,,,,5:23:58
HG0501B0012,"Cober, Alvin",Anne Harfenist,HG,2005,6,24,175,3,23,180,121,0,0,Complete,Hutton,Hutton,Boat Anchorage,Coastal,52.50099895,-131.5626575,CWS 4,FR-8051,11.3,0.5,95,Incoming,95,62,95,,95,95,62,95,,,324,203,,,,5:24:03
HG0501B0010,"Cober, Alvin",Anne Harfenist,HG,2005,6,24,175,20,0,120,0,0,0,Complete,Bigsby,Bigsby,Boat Anchorage,Coastal,52.61825243,-131.715895,CWS 4,FR-8051,11.3,0.5,53,Outgoing,24,53,0,,53,24,53,0,,,323,1200,,,,5:23:58
HG0501B0013,"Cober, Alvin",Anne Harfenist,HG,2005,6,25,176,20,0,109,0,11,,Excluded,Huston,Huston,Boat Anchorage,Coastal,52.27425745,-131.2764591,CWS 4,FR-8051,11.3,0.5,0,,0,0,0,,0,0,0,0,,Incomplete Survey - Rain Interference >10 minutes of interference,324,1200,,,,5:24:39
HG0501B0015,"Cober, Alvin",Anne Harfenist,HG,2005,6,26,177,3,22,180,123,0,0,Complete,Huston,Huston,Boat Anchorage,Coastal,52.27425745,-131.2764591,CWS 4,FR-8051,11.3,0.5,132,Outgoing,51,132,49,132,132,51,132,49,132,,325,202,,,,5:25:07
HG0501B0014,"Cober, Alvin",Anne Harfenist,HG,2005,6,26,177,20,0,120,0,0,0,Complete,Windy Bay,Windy Bay,Boat Anchorage,Coastal,52.69020349,-131.4479074,CWS 4,FR-8051,11.3,0.5,74,Outgoing,73,74,0,,74,73,74,0,,,323,1200,,,,5:23:20
HG0501B0016,"Cober, Alvin",Anne Harfenist,HG,2005,6,27,178,3,22,180,121,0,0,Complete,Windy Bay,Windy Bay,Boat Anchorage,Coastal,52.69020349,-131.4479074,CWS 4,FR-8051,11.3,0.5,192,Incoming,192,138,192,,192,192,138,192,,,323,202,,,,5:23:51
HG0501B0017,"Cober, Alvin",Anne Harfenist,HG,2005,6,28,179,20,0,120,0,0,0,Complete,Gregory,Gregory,Road,Coastal,53.40359367,-132.5205055,CWS 4,FR-8051,11.3,0.5,1,Outgoing,0,1,0,,1,0,1,0,,"Radar faced 235°, distances measured on SW line. Underwater cable/mooring line for fish pens fouled anchor.",324,1200,,,,5:24:21
HG0501B0018,"Cober, Alvin",Anne Harfenist,HG,2005,6,29,180,3,22,180,122,0,0,Complete,Gregory,Gregory,Road,Coastal,53.40359367,-132.5205055,CWS 4,FR-8051,11.3,0.5,18,Incoming,18,3,18,18,18,18,3,18,18,"Radar faced SE, distances measured on line at 165°.  Forest contains clearing good for tenting.",324,202,,,,5:24:58
HG0501A0021,"Cober, Alvin",Anne Harfenist,HG,2005,7,1,182,20,0,120,0,0,0,Complete,Fairfax,Fairfax,Boat Anchorage,Coastal,52.739905,-131.986753,Parks Canada (MOE-HG),FR-810I?,5.2,0.5,44,Outgoing,12,44,0,,44,12,44,0,,,328,1200,,,,5:28:15
HG0501A0022,"Cober, Alvin",Anne Harfenist,HG,2005,7,2,183,3,26,180,123,0,0,Complete,Fairfax,Fairfax,Boat Anchorage,Coastal,52.739905,-131.986753,Parks Canada (MOE-HG),FR-810I?,5.2,0.5,113,Incoming,123,87,113,113,113,123,87,113,113,,329,206,,,,5:29:01
HG0501A0023,"Cober, Alvin",Anne Harfenist,HG,2005,7,3,184,20,0,120,0,0,0,Complete,Botany,Botany,Boat Anchorage,Coastal,52.73793245,-131.9406576,Parks Canada (MOE-HG),FR-810I?,5.2,0.5,41,Outgoing,19,41,0,,41,19,41,0,,,329,1200,,,,5:29:38
HG0501A0024,"Cober, Alvin",Anne Harfenist,HG,2005,7,4,185,3,26,180,124,0,0,Complete,Botany,Botany,Boat Anchorage,Coastal,52.73793245,-131.9406576,Parks Canada (MOE-HG),FR-810I?,5.2,0.5,170,Incoming,182,168,170,170,170,182,168,170,170,,330,206,,,,5:30:29
HG0501A0025,"Cober, Alvin",Anne Harfenist,HG,2005,7,7,188,20,0,109,0,11,,Excluded,Security,Security,Boat Anchorage,Coastal,53.05020982,-132.293837,Parks Canada (MOE-HG),FR-810I?,5.2,0.5,0,,0,0,0,,0,0,0,0,,Incomplete Survey - Rain Interference >10 minutes of interference,332,1200,,,,5:32:53
HG0501A0026,"Cober, Alvin",Anne Harfenist,HG,2005,7,8,189,3,34,180,119,0,0,Complete,Security,Security,Boat Anchorage,Coastal,53.05020982,-132.293837,Parks Canada (MOE-HG),FR-810I?,5.2,0.5,127,Incoming,134,84,127,127,127,134,84,127,127,,333,214,,,,5:33:55
HG0501A0027,"Cober, Alvin",Anne Harfenist,HG,2005,7,9,190,20,0,120,0,0,0,Complete,Trounce,Trounce,Boat Anchorage,Coastal,53.17249016,-132.3198752,Parks Canada (MOE-HG),FR-810I?,5.2,0.5,24,Outgoing,10,24,0,,24,10,24,0,,,334,1200,,,,5:34:23
HG0501B0019,"Cober, Alvin",Anne Harfenist,HG,2005,7,10,191,3,30,180,124,0,0,Complete,Gregory,Gregory,Road,Coastal,53.40359367,-132.5205055,CWS 4,FR-8051,11.3,0.5,5,Incoming,5,5,5,,5,5,5,5,,"Radar faced S or SE, distances measured on SE and W lines. Sea clutter a problem. AV 50 m N of radar. Site hazardous to access by boat due to wave action; road access requires carrying gear down a steep path. Bears frequent beach.",334,210,,,,5:34:57
HG0501A0030,"Cober, Alvin",Anne Harfenist,HG,2005,7,10,191,4,13,180,82,0,0,Complete,Trounce,Trounce,Boat Anchorage,Coastal,53.17249016,-132.3198752,Parks Canada (MOE-HG),FR-810I?,5.2,0.5,42,Outgoing,38,42,28,,42,38,42,28,,,335,253,,,,5:35:29
HG0501A0028,"Cober, Alvin",Anne Harfenist,HG,2005,7,10,191,20,0,120,0,0,0,Complete,Port Chanal,Port Chanal,Boat Anchorage,Coastal,53.593916,-132.892536,Parks Canada (MOE-HG),FR-810I?,5.2,0.5,91,Outgoing,85,91,0,,91,85,91,0,,,335,1200,,,,5:35:20
HG0501A0029,"Cober, Alvin",Anne Harfenist,HG,2005,7,10,191,20,0,120,0,0,0,Complete,Long,Long,Boat Anchorage,Coastal,53.20457281,-132.2755941,Parks Canada (MOE-HG),FR-810I?,5.2,0.5,0,,0,0,0,,0,0,0,0,,Missed Start Time. Distances measured on north and south line. AV conducted 200 m north of radar. Bears frequent estuary.,335,1200,,,,5:35:07
HG0501A0032,"Cober, Alvin",Anne Harfenist,HG,2005,7,11,192,3,37,180,119,0,0,Complete,Port Chanal,Port Chanal,Boat Anchorage,Coastal,53.593916,-132.892536,Parks Canada (MOE-HG),FR-810I?,5.2,0.5,258,Incoming,274,174,258,258,258,274,174,258,258,,336,217,,,,5:36:30
HG0501A0033,"Cober, Alvin",Anne Harfenist,HG,2005,7,11,192,3,37,180,119,0,0,Complete,Long,Long,Boat Anchorage,Coastal,53.20457281,-132.2755941,Parks Canada (MOE-HG),FR-810I?,5.2,0.5,136,Incoming,139,65,136,136,136,139,65,136,136,"Radar facing N-NW, distances measured on SE line. Anchorage problems here, BED04 site is recommended.",336,217,,,,5:36:16
HG0501A0031,"Cober, Alvin",Anne Harfenist,HG,2005,7,11,192,20,0,120,0,0,0,Complete,Tartu,Tartu,Boat Anchorage,Coastal,53.46552537,-132.6739117,Parks Canada (MOE-HG),FR-810I?,5.2,0.5,83,Outgoing,5,83,0,,83,5,83,0,,,336,1200,,,,5:36:22
HG0501A0035,"Cober, Alvin",Anne Harfenist,HG,2005,7,12,193,3,35,180,122,0,0,Complete,Tartu,Tartu,Boat Anchorage,Coastal,53.46552537,-132.6739117,Parks Canada (MOE-HG),FR-810I?,5.2,0.5,154,Incoming,158,93,154,154,154,158,93,154,154,,337,215,,,,5:37:34
HG0501A0034,"Cober, Alvin",Anne Harfenist,HG,2005,7,12,193,20,0,120,0,0,0,Complete,Mitchell,Mitchell,Boat Anchorage,Coastal,52.95648805,-132.1787835,Parks Canada (MOE-HG),FR-810I?,5.2,0.5,20,Outgoing,3,20,0,,20,3,20,0,,,338,1200,,,,5:38:26
HG0501B0020,"Cober, Alvin",Anne Harfenist,HG,2005,7,12,193,20,0,120,0,0,0,Complete,Windy Bay,Windy Bay,Boat Anchorage,Coastal,52.69020349,-131.4479074,CWS 4,FR-8051,11.3,0.5,56,Outgoing,49,56,0,,56,49,56,0,,,336,1200,,,,5:36:58
HG0501A0036,"Cober, Alvin",Anne Harfenist,HG,2005,7,13,194,3,37,180,122,0,0,Complete,Mitchell,Mitchell,Boat Anchorage,Coastal,52.95648805,-132.1787835,Parks Canada (MOE-HG),FR-810I?,5.2,0.5,33,Incoming,43,32,33,,33,43,32,33,,,339,217,,,,5:39:38
HG0501B0022,"Cober, Alvin",Anne Harfenist,HG,2005,7,13,194,3,37,180,121,0,0,Complete,Windy Bay,Windy Bay,Boat Anchorage,Coastal,52.69020349,-131.4479074,CWS 4,FR-8051,11.3,0.5,215,Incoming,216,177,215,215,215,216,177,215,215,,338,217,,,,5:38:09
HG0501B0021,"Cober, Alvin",Anne Harfenist,HG,2005,7,13,194,20,0,109,0,11,,Excluded,Klunkwoi,Klunkwoi,Boat Anchorage,Coastal,52.71629946,-131.808571,CWS 4,FR-8051,11.3,0.5,0,,0,0,0,,0,0,0,0,,"Incomplete Survey - Rain Interference, Radar faced 60°, distances measured on 300° line. >10 minutes of interference",339,1200,,,,5:39:27
HG0501B0024,"Cober, Alvin",Anne Harfenist,HG,2005,7,14,195,3,37,180,123,0,0,Complete,Klunkwoi,Klunkwoi,Boat Anchorage,Coastal,52.71629946,-131.808571,CWS 4,FR-8051,11.3,0.5,84,Outgoing,49,84,49,,84,49,84,49,,"Radar faced N, distances measured on 190° line (Watta South) and 300° line (Watta Main). Do not camp here when tides are over 10.8 feet (entire area can flood).",340,217,,,,5:40:41
HG0501B0023,"Cober, Alvin",Anne Harfenist,HG,2005,7,14,195,20,0,109,0,11,,Excluded,Hutton,Hutton,Boat Anchorage,Coastal,52.50099895,-131.5626575,CWS 4,FR-8051,11.3,0.5,0,,0,0,0,,0,0,0,0,,Incomplete Survey - Rain Interference >10 minutes of interference,340,1200,,,,5:40:50
HG0501A0037,"Cober, Alvin",Anne Harfenist,HG,2005,7,15,196,3,38,180,124,0,0,Complete,Dawson Inlet,Dawson Inlet,Boat Anchorage,Coastal,53.16738497,-132.484369,Parks Canada (MOE-HG),FR-810I?,5.2,0.5,40,Incoming,42,33,40,,40,42,33,40,,,342,218,,,,5:42:13
HG0501B0026,"Cober, Alvin",Anne Harfenist,HG,2005,7,15,196,3,38,180,124,0,0,Complete,Hutton,Hutton,Boat Anchorage,Coastal,52.50099895,-131.5626575,CWS 4,FR-8051,11.3,0.5,96,Outgoing,89,96,86,96,96,89,96,86,96,,342,218,,,,5:42:04
HG0501B0025,"Cober, Alvin",Anne Harfenist,HG,2005,7,15,196,20,0,120,0,0,0,Complete,Huston,Huston,Boat Anchorage,Coastal,52.27425745,-131.2764591,CWS 4,FR-8051,11.3,0.5,28,Incoming,28,20,0,,20,28,20,0,,,342,1200,,,,5:42:05
HG0501B0028,"Cober, Alvin",Anne Harfenist,HG,2005,7,16,197,3,43,180,120,0,0,Complete,Huston,Huston,Boat Anchorage,Coastal,52.27425745,-131.2764591,CWS 4,FR-8051,11.3,0.5,110,Incoming,113,78,110,,110,113,78,110,,,343,223,,,,5:43:21
HG0501B0027,"Cober, Alvin",Anne Harfenist,HG,2005,7,16,197,20,0,120,0,0,0,Complete,Bigsby,Bigsby,Boat Anchorage,Coastal,52.61825243,-131.715895,CWS 4,FR-8051,11.3,0.5,54,Incoming,54,47,0,,47,54,47,0,,,343,1200,,,,5:43:21
HG0501A0038,"Cober, Alvin",Anne Harfenist,HG,2005,7,17,198,3,44,180,120,0,0,Complete,Dawson Harbour,Dawson Harbour 2,Boat Anchorage,Coastal,53.16137073,-132.4574024,Parks Canada (MOE-HG),FR-810I?,5.2,0.5,49,Incoming,50,18,49,,49,50,18,49,,,344,224,,,,5:44:47
HG0501B0029,"Cober, Alvin",Anne Harfenist,HG,2005,7,17,198,3,44,180,120,0,0,Complete,Bigsby,Bigsby,Boat Anchorage,Coastal,52.61825243,-131.715895,CWS 4,FR-8051,11.3,0.5,138,Incoming,142,109,138,138,138,142,109,138,138,,344,224,,,,5:44:39
HG0501B0030,"Cober, Alvin",Anne Harfenist,HG,2005,7,18,199,3,45,180,120,0,0,Complete,Gregory,Gregory,Road,Coastal,53.40359367,-132.5205055,CWS 4,FR-8051,11.3,0.5,3,Incoming,3,2,3,,3,3,2,3,,"Radar faced 140°, distances measured on SE line. Sea clutter a problem. Poor view. Site accessed by boat from N side of Hesquiaht Pt - sheltered from waves. Radar equipment carried 500 m to site.",345,225,,,,5:45:08
HG0501B0031,"Cober, Alvin",Anne Harfenist,HG,2005,7,20,201,20,0,120,0,0,0,Complete,Lagoon,Lagoon,Boat Anchorage,Coastal,52.92402045,-131.9171178,CWS 4,FR-8051,11.3,0.5,16,Outgoing,3,16,0,,16,3,16,0,,"Radar faced 250°, distances measured on W and ENE lines. AV 150 m W of radar. Creek in SE provides best access to campsite. At low tide gear must be carried 500 m through estuary.",347,1200,,,,5:47:59
HG0501B0032,"Cober, Alvin",Anne Harfenist,HG,2005,7,21,202,3,50,180,119,0,0,Complete,Lagoon,Lagoon,Boat Anchorage,Coastal,52.92402045,-131.9171178,CWS 4,FR-8051,11.3,0.5,82,Incoming,82,48,82,82,82,82,48,82,82,"Radar faced 135°, distances measured on NE line.",349,230,,,,5:49:24
HG0501A0039,"Cober, Alvin",Anne Harfenist,HG,2005,7,24,205,20,0,109,0,11,,Excluded,Dawson Inlet,Dawson Inlet,Boat Anchorage,Coastal,53.16738497,-132.484369,Parks Canada (MOE-HG),FR-810I?,5.2,0.5,0,,0,0,0,,0,0,0,0,,Incomplete Survey - Rain Interference >10 minutes of interference,354,1200,,,,5:54:55
HG0501A0040,"Cober, Alvin",Anne Harfenist,HG,2005,7,24,205,20,0,109,0,11,,Excluded,Dawson Harbour,Dawson Harbour 2,Boat Anchorage,Coastal,53.16137073,-132.4574024,Parks Canada (MOE-HG),FR-810I?,5.2,0.5,0,,0,0,0,,0,0,0,0,,Incomplete Survey - Rain Interference >10 minutes of interference,354,1200,,,,5:54:50
HG0501B0033,"Cober, Alvin",Anne Harfenist,HG,2005,7,31,212,3,56,240,129,0,0,Complete,Gregory,Gregory,Road,Coastal,53.40359367,-132.5205055,CWS 4,FR-8051,11.3,0.5,6,Incoming,6,2,6,,6,6,2,6,,"Radar faced 340°, distances measured on E and W lines.",365,236,,,,6:05:01
HG06010001,"Cober, Alvin",Anne Harfenist,HG,2006,6,16,167,3,21,180,119,0,0,Complete,Gregory,Gregory,Road,Coastal,53.40359367,-132.5205055,CWS 4,FR-8051,11.3,0.5,153,Incoming,183,106,153,,153,183,106,153,,,320,201,,,,5:20:58
HG06010002,"Cober, Alvin",Anne Harfenist,HG,2006,6,20,171,3,23,180,118,0,0,Complete,Gregory,Gregory,Road,Coastal,53.40359367,-132.5205055,CWS 4,FR-8051,11.3,0.5,167,Incoming,169,91,167,,167,169,91,167,,,321,203,,,,5:21:10
HG06010003,"Cober, Alvin",Anne Harfenist,HG,2006,6,30,181,3,25,180,120,0,0,Complete,Gregory,Gregory,Road,Coastal,53.40359367,-132.5205055,CWS 4,FR-8051,11.3,0.5,89,Incoming,97,46,89,,89,97,46,89,,,325,205,,,,5:25:29
HG06010004,"Cober, Alvin",Anne Harfenist,HG,2006,7,13,194,3,37,180,121,0,0,Complete,Gregory,Gregory,Road,Coastal,53.40359367,-132.5205055,CWS 4,FR-8051,11.3,0.5,175,Incoming,175,42,175,175,175,175,42,175,175,,338,217,,,,5:38:14
HG06010005,"Cober, Alvin",Anne Harfenist,HG,2006,7,16,197,3,43,180,119,0,0,Complete,Gregory,Gregory,Road,Coastal,53.40359367,-132.5205055,CWS 4,FR-8051,11.3,0.5,142,Incoming,145,82,142,,142,145,82,142,,,342,223,,,,5:42:05
HG06010006,"Cober, Alvin",Anne Harfenist,HG,2006,8,19,231,3,48,180,168,0,0,Complete,Gregory,Gregory,Road,Coastal,53.40359367,-132.5205055,CWS 4,FR-8051,11.3,0.5,10,Incoming,11,10,10,,10,11,10,10,,,396,228,,,,6:36:59
HG07010009,"Bertram, Doug",Janet Gray,HG,2007,6,16,167,22,18,60,0,0,0,Complete,Dawson Inlet,Dawson Inlet,Boat Anchorage,Coastal,53.17298667,-132.4890394,CWS 4,FR-8051,11.3,0.5,10,Outgoing,2,10,0,,10,2,10,0,,,1338,1338,,,,22:18:00
HG07010010,"Bertram, Doug",Janet Gray,HG,2007,6,17,168,3,22,180,120,0,0,Complete,Dawson Inlet,Dawson Inlet,Boat Anchorage,Coastal,53.172986,-132.489039,CWS 4,FR-8051,11.3,0.5,90,Incoming,90,34,90,,87,87,34,87,,,322,202,90,,,5:22:00
HG07010011,"Bertram, Doug",Janet Gray,HG,2007,6,18,169,3,22,180,120,0,0,Complete,Dawson Inlet,Dawson Inlet,Boat Anchorage,Coastal,53.172986,-132.489039,CWS 4,FR-8051,11.3,0.5,117,Incoming,118,54,117,117,115,116,48,115,115,,322,202,110,7,30,5:22:00
HG07010037,"Bertram, Doug",Janet Gray,HG,2007,6,18,169,22,26,55,0,5,,Complete,Port Chanal,Port Chanal,Boat Anchorage,Coastal,53.5939,-132.892535,CWS 4,FR-8051,11.3,0.5,21,Outgoing,9,21,0,,21,9,21,0,,,1346,1346,,,,22:26:00
HG07010038,"Bertram, Doug",Janet Gray,HG,2007,6,20,171,3,23,102,120,83,,Complete,Port Chanal,Port Chanal,Boat Anchorage,Coastal,53.5939,-132.892535,CWS 4,FR-8051,11.3,0.5,422,Incoming,450,365,422,,419,446,358,419,,PERIODIC RAIN INTERFERENCE; BUT OK COUNT,323,203,419,3,30,5:23:00
HG07010039,"Bertram, Doug",Janet Gray,HG,2007,6,22,173,3,21,133,120,47,,Complete,Port Chanal,Port Chanal,Boat Anchorage,Coastal,53.5939,-132.892535,CWS 4,FR-8051,11.3,0.5,485,Incoming,496,430,485,,474,485,413,474,,PERIODIC RAIN INTERFERENCE; BUT OK COUNT,321,201,473,12,30,5:21:00
HG07010013,"Bertram, Doug",Janet Gray,HG,2007,6,23,174,3,21,147,120,33,,Complete,Fairfax,Fairfax,Boat Anchorage,Coastal,52.739905,-131.986753,CWS 4,FR-8051,11.3,0.5,134,Incoming,139,106,134,,129,133,101,129,,PERIODIC RAIN INTERFERENCE; BUT OK COUNT,321,201,133,1,30,5:21:00
HG07010014,"Bertram, Doug",Janet Gray,HG,2007,6,23,174,22,16,60,0,0,0,Complete,Fairfax,Fairfax,Boat Anchorage,Coastal,52.739905,-131.986753,CWS 4,FR-8051,11.3,0.5,105,Outgoing,73,105,0,,95,71,95,0,,,1336,1336,,,,22:16:00
HG07010015,"Bertram, Doug",Janet Gray,HG,2007,6,24,175,3,23,180,120,0,0,Complete,Fairfax,Fairfax,Boat Anchorage,Coastal,52.739905,-131.986753,CWS 4,FR-8051,11.3,0.5,150,Incoming,169,95,150,150,143,161,92,143,143,,323,203,146,4,30,5:23:00
HG07010006,"Bertram, Doug",Janet Gray,HG,2007,6,25,176,3,23,180,120,0,0,Complete,Botany,Botany,Boat Anchorage,Coastal,52.737932,-131.940657,CWS 4,FR-8051,11.3,0.5,83,Incoming,84,80,83,83,81,82,79,81,81,,323,203,83,,,5:23:00
HG07010005,"Bertram, Doug",Janet Gray,HG,2007,6,25,176,21,16,60,0,0,0,Complete,Botany,Botany,Boat Anchorage,Coastal,52.737932,-131.940657,CWS 4,FR-8051,11.3,0.5,49,Outgoing,17,49,0,,49,17,49,0,,,323,1276,,,,5:23:00
HG07010033,"Bertram, Doug",Janet Gray,HG,2007,6,26,177,22,20,55,0,5,,Complete,Long,Long,Boat Anchorage,Coastal,53.204636,-132.275634,CWS 4,FR-8051,11.3,0.5,40,Outgoing,29,40,0,,39,27,39,0,,,1340,1340,,,,22:20:00
HG07010034,"Bertram, Doug",Janet Gray,HG,2007,6,28,179,3,22,180,120,0,0,Complete,Long,Long,Boat Anchorage,Coastal,53.204636,-132.275634,CWS 4,FR-8051,11.3,0.5,118,Outgoing,93,118,85,118,115,90,115,83,115,,322,202,82,3,30,5:22:00
HG07010029,"Bertram, Doug",Janet Gray,HG,2007,6,28,179,22,16,50,0,10,,Complete,Lagoon,Lagoon,Boat Anchorage,Coastal,52.92402045,-131.9171178,CWS 4,FR-8051,11.3,0.5,40,Outgoing,8,40,0,,37,8,37,0,,,324,1336,,,,5:24:00
HG07010030,"Bertram, Doug",Janet Gray,HG,2007,6,29,180,3,24,180,120,0,0,Complete,Lagoon,Lagoon,Boat Anchorage,Coastal,52.92402045,-131.9171178,CWS 4,FR-8051,11.3,0.5,61,Incoming,61,41,61,,61,61,41,61,,,324,204,59,2,30,5:24:00
HG07010031,"Bertram, Doug",Janet Gray,HG,2007,6,30,181,3,24,152,120,28,,Complete,Lagoon,Lagoon,Boat Anchorage,Coastal,52.92402045,-131.9171178,CWS 4,FR-8051,11.3,0.5,110,Incoming,111,100,110,110,105,106,96,105,105,PERIODIC RAIN INTERFERENCE; BUT OK COUNT,324,204,110,,,5:24:00
HG07010025,"Bertram, Doug",Janet Gray,HG,2007,6,30,181,22,16,60,0,0,0,Complete,Klunkwoi,Klunkwoi,Boat Anchorage,Coastal,52.716455,-131.807292,CWS 4,FR-8051,11.3,0.5,66,Outgoing,32,66,0,,65,31,65,0,,,1336,1336,,,,22:16:00
HG07010026,"Bertram, Doug",Janet Gray,HG,2007,7,1,182,3,26,180,120,0,0,Complete,Klunkwoi,Klunkwoi,Boat Anchorage,Coastal,52.716455,-131.807292,CWS 4,FR-8051,11.3,0.5,171,Incoming,172,164,171,171,166,167,155,166,166,,326,206,167,4,30,5:26:00
HG07010021,"Bertram, Doug",Janet Gray,HG,2007,7,2,183,22,12,60,0,0,0,Complete,Hutton,Hutton,Boat Anchorage,Coastal,52.50088187,-131.5626654,CWS 4,FR-8051,11.3,0.5,11,Outgoing,7,11,0,,11,7,11,0,,,1332,1332,,,,22:12:00
HG07010022,"Bertram, Doug",Janet Gray,HG,2007,7,4,185,3,27,114,120,66,,Complete,Hutton,Hutton,Boat Anchorage,Coastal,52.50088187,-131.5626654,CWS 4,FR-8051,11.3,0.5,50,Outgoing,49,50,41,,49,49,49,41,,PERIODIC RAIN INTERFERENCE; BUT OK COUNT,327,207,41,,,5:27:00
HG07010001,"Bertram, Doug",Janet Gray,HG,2007,7,4,185,22,12,10,0,50,,Complete,Bigsby,Bigsby,Boat Anchorage,Coastal,52.61825243,-131.715895,CWS 4,FR-8051,11.3,0.5,25,Outgoing,17,25,0,,25,16,25,0,,,1332,1332,,,,22:12:00
HG07010002,"Bertram, Doug",Janet Gray,HG,2007,7,5,186,3,29,168,120,12,,Complete,Bigsby,Bigsby,Boat Anchorage,Coastal,52.61825243,-131.715895,CWS 4,FR-8051,11.3,0.5,171,Incoming,173,84,171,171,167,169,79,167,167,PERIODIC RAIN INTERFERENCE; BUT OK COUNT,329,209,165,6,30,5:29:00
HG07010017,"Bertram, Doug",Janet Gray,HG,2007,7,5,186,22,12,60,0,0,0,Complete,Huston,Huston,Boat Anchorage,Coastal,52.27425745,-131.2764591,CWS 4,FR-8051,11.3,0.5,82,Outgoing,35,82,0,,81,35,81,0,,,330,1332,,,,5:30:00
HG07010018,"Bertram, Doug",Janet Gray,HG,2007,7,6,187,3,30,180,120,0,0,Complete,Huston,Huston,Boat Anchorage,Coastal,52.27425745,-131.2764591,CWS 4,FR-8051,11.3,0.5,88,Outgoing,80,88,80,,85,78,85,78,,,330,210,75,5,30,5:30:00
HG07010019,"Bertram, Doug",Janet Gray,HG,2007,7,7,188,3,30,180,120,0,0,Complete,Huston,Huston,Boat Anchorage,Coastal,52.27425745,-131.2764591,CWS 4,FR-8051,11.3,0.5,113,Outgoing,88,113,83,113,104,88,104,83,104,,330,210,78,5,30,5:30:00
HG07010041,"Bertram, Doug",Janet Gray,HG,2007,7,8,189,22,10,60,0,0,0,Complete,Windy Bay,Windy Bay,Boat Anchorage,Coastal,52.69020349,-131.4479074,CWS 4,FR-8051,11.3,0.5,42,Outgoing,31,42,0,,41,31,41,0,,,1330,1330,,,,22:10:00
HG07010042,"Bertram, Doug",Janet Gray,HG,2007,7,9,190,3,30,173,120,7,,Complete,Windy Bay,Windy Bay,Boat Anchorage,Coastal,52.69020349,-131.4479074,CWS 4,FR-8051,11.3,0.5,192,Incoming,192,126,192,192,184,184,120,184,184,PERIODIC RAIN INTERFERENCE; BUT OK COUNT,330,210,190,2,30,5:30:00
HG07010035,"Bertram, Doug",Janet Gray,HG,2007,7,10,191,4,13,129,80,23,,Complete,Long,Long,Boat Anchorage,Coastal,53.204636,-132.275634,CWS 4,FR-8051,11.3,0.5,89,Incoming,90,77,89,,87,88,75,87,,PERIODIC RAIN INTERFERENCE; BUT OK COUNT,333,253,89,,,5:33:00
HG07010012,"Bertram, Doug",Janet Gray,HG,2007,7,11,192,3,34,170,120,10,,Complete,Dawson Inlet,Dawson Inlet,Boat Anchorage,Coastal,53.172986,-132.489039,CWS 4,FR-8051,11.3,0.5,97,Incoming,98,69,97,,95,96,69,95,,PERIODIC RAIN INTERFERENCE; BUT OK COUNT,334,214,92,5,30,5:34:00
HG07010040,"Bertram, Doug",Janet Gray,HG,2007,7,12,193,3,35,195,120,0,0,Complete,Port Chanal,Port Chanal,Boat Anchorage,Coastal,53.5939,-132.892535,CWS 4,FR-8051,11.3,0.5,684,Outgoing,692,684,676,684,652,667,645,652,652,,335,215,650,26,30,5:35:00
HG07010016,"Bertram, Doug",Janet Gray,HG,2007,7,13,194,3,37,161,120,19,,Complete,Fairfax,Fairfax,Boat Anchorage,Coastal,52.739905,-131.986753,CWS 4,FR-8051,11.3,0.5,75,Incoming,80,47,75,,74,79,44,74,,PERIODIC RAIN INTERFERENCE; BUT OK COUNT,337,217,75,,,5:37:00
HG07010007,"Bertram, Doug",Janet Gray,HG,2007,7,14,195,3,37,180,120,0,0,Complete,Botany,Botany,Boat Anchorage,Coastal,52.737932,-131.940657,CWS 4,FR-8051,11.3,0.5,58,Incoming,61,57,58,,57,60,54,57,,,337,217,58,,,5:37:00
HG07010008,"Bertram, Doug",Janet Gray,HG,2007,7,15,196,3,38,172,120,8,,Complete,Botany,Botany,Boat Anchorage,Coastal,52.737932,-131.940657,CWS 4,FR-8051,11.3,0.5,48,Incoming,52,47,48,,46,49,46,45,,PERIODIC RAIN INTERFERENCE; BUT OK COUNT,338,218,48,,,5:38:00
HG07010036,"Bertram, Doug",Janet Gray,HG,2007,7,16,197,3,40,174,120,6,,Complete,Long,Long,Boat Anchorage,Coastal,53.204636,-132.275634,CWS 4,FR-8051,11.3,0.5,100,Outgoing,60,100,58,,99,57,99,55,,PERIODIC RAIN INTERFERENCE; BUT OK COUNT,340,220,56,2,30,5:40:00
HG07010032,"Bertram, Doug",Janet Gray,HG,2007,7,17,198,3,40,180,120,0,0,Complete,Lagoon,Lagoon,Boat Anchorage,Coastal,52.92402045,-131.9171178,CWS 4,FR-8051,11.3,0.5,50,Incoming,52,40,50,,45,47,40,45,,,340,220,48,2,30,5:40:00
HG07010020,"Bertram, Doug",Janet Gray,HG,2007,7,18,199,3,41,180,120,0,0,Complete,Huston,Huston,Boat Anchorage,Coastal,52.27425745,-131.2764591,CWS 4,FR-8051,11.3,0.5,101,Incoming,101,67,101,,96,96,56,96,,,341,221,100,1,30,5:41:00
HG07010023,"Bertram, Doug",Janet Gray,HG,2007,7,19,200,3,44,180,120,0,0,Complete,Hutton,Hutton,Boat Anchorage,Coastal,52.50088187,-131.5626654,CWS 4,FR-8051,11.3,0.5,54,Outgoing,14,54,14,54,51,13,51,13,51,,344,224,14,,,5:44:00
HG07010027,"Bertram, Doug",Janet Gray,HG,2007,7,20,201,3,45,103,101,77,,Complete,Klunkwoi,Klunkwoi,Boat Anchorage,Coastal,52.716455,-131.807292,CWS 4,FR-8051,11.3,0.5,50,Outgoing,25,50,23,,49,24,49,23,,PERIODIC RAIN INTERFERENCE; BUT OK COUNT,326,225,23,,,5:26:00
HG07010028,"Bertram, Doug",Bernard K. Schroeder,HG,2007,7,24,205,3,52,180,120,0,0,Complete,Klunkwoi,Klunkwoi,Boat Anchorage,Coastal,52.716455,-131.807292,CWS 4,FR-8051,11.3,0.75,83,Incoming,83,55,83,,61,61,34,61,,LATE IN SEASON,352,232,82,1,30,5:52:00
HG07010024,"Bertram, Doug",Bernard K. Schroeder,HG,2007,7,25,206,3,52,197,120,0,0,Complete,Hutton,Hutton,Boat Anchorage,Coastal,52.50088187,-131.5626654,CWS 4,FR-8051,11.3,0.5,33,Incoming,33,19,33,,24,24,13,24,,LATE IN SEASON,352,232,30,3,30,5:52:00
HG07010003,"Bertram, Doug",Bernard K. Schroeder,HG,2007,7,26,207,3,53,132,120,90,,Excluded,Bigsby,Bigsby,Boat Anchorage,Coastal,52.61825243,-131.715895,CWS 4,FR-8051,11.3,0.5,71,Outgoing,54,71,38,,52,46,52,35,,,353,233,36,2,30,5:53:00
HG07010004,"Bertram, Doug",Bernard K. Schroeder,HG,2007,7,27,208,3,53,177,123,35,,Complete,Bigsby,Bigsby,Boat Anchorage,Coastal,52.61825243,-131.715895,CWS 4,FR-8051,11.3,0.5,58,Incoming,66,51,58,,52,59,36,52,,PERIODIC RAIN INTERFERENCE; BUT OK COUNT; LATE IN SEASON,356,233,58,,,5:56:00
HG07010043,"Bertram, Doug",Bernard K. Schroeder,HG,2007,7,28,209,3,54,183,122,0,0,Complete,Windy Bay,Windy Bay,Boat Anchorage,Coastal,52.69020349,-131.4479074,CWS 4,FR-8051,11.3,0.75,71,Incoming,75,45,71,,65,68,37,65,,LATE IN SEASON,356,234,69,2,32,5:56:00
NC0901B0030,"Bertram, Doug",Bernard K. Schroeder,CC,2009,6,29,180,3,9,95,120,85,,Excluded,Aaltanhash,Aaltanhash River,Shore,Coastal,53.14175506,-128.478144,RESL 2,FR-8122,25,0.75,101,Outgoing,102,101,76,101,77,85,77,68,80,,309,189,76,,,5:09:00
NC0901A0041,"Bertram, Doug",Lisa L. Bland,NC,2009,6,30,181,3,7,182,120,0,,Complete,Brim River,Brim River,Shore,Coastal,53.50836872,-128.3690954,CWS 5,FR-8050D,10,0.75,156,Incoming,157,42,156,,137,138,39,137,,NO AV SURVEY - a few other species detections noted from inside boat.,307,187,141,15,30,5:07:00
NC0901B0031,"Bertram, Doug",Bernard K. Schroeder,NC,2009,6,30,181,3,7,182,120,0,,Complete,Brim River,Brim River,Shore,Coastal,53.50836872,-128.3690954,RESL 2,FR-8122,25,0.75,229,Incoming,232,52,229,,197,200,45,197,,,307,187,211,18,30,5:07:00
NC0901A0042,"Bertram, Doug",Lisa L. Bland,NC,2009,7,1,182,3,8,227,120,0,,Complete,Gilttoyees,Gilttoyees Creek,Shore,Coastal,53.89086139,-128.9905966,CWS 5,FR-8050D,10,0.75,220,Outgoing,118,220,118,,197,105,197,105,,AV survey conducted from zodiac 600m SW of station.,308,188,110,8,30,5:08:00
NC0901B0032,"Bertram, Doug",Bernard K. Schroeder,NC,2009,7,1,182,3,8,227,120,0,,Complete,Gilttoyees,Gilttoyees Creek,Shore,Coastal,53.89086139,-128.9905966,RESL 2,FR-8122,25,0.75,357,Outgoing,333,357,309,,263,247,263,229,,,308,188,282,27,30,5:08:00
NC0901A0043,"Bertram, Doug",Lisa L. Bland,NC,2009,7,2,183,3,9,194,120,0,,Complete,Gilttoyees,Gilttoyees Creek,Shore,Coastal,53.89086139,-128.9905966,CWS 5,FR-8050D,10,0.75,255,Outgoing,34,255,33,,225,34,225,33,,NO AV SURVEY,309,189,30,3,30,5:09:00
NC0901B0033,"Bertram, Doug",Bernard K. Schroeder,NC,2009,7,2,183,3,9,194,120,0,,Complete,Gilttoyees,Gilttoyees Creek,Shore,Coastal,53.89086139,-128.9905966,RESL 2,FR-8122,25,0.75,405,Outgoing,208,405,203,,289,169,289,165,,,309,189,188,15,30,5:09:00
NC0901A0044,"Bertram, Doug",Lisa L. Bland,NC,2009,7,3,184,3,13,175,120,0,,Complete,Baker Inlet,Baker Inlet,Shore,Coastal,53.80950635,-129.8503712,CWS 5,FR-8050D,10,0.75,35,Incoming,37,30,35,,35,37,25,35,,NO AV SURVEY,313,193,32,3,30,5:13:00
NC0901B0034,"Bertram, Doug",Bernard K. Schroeder,NC,2009,7,3,184,3,13,175,120,0,,Complete,Baker Inlet,Baker Inlet,Shore,Coastal,53.80950635,-129.8503712,RESL 2,FR-8122,25,0.75,113,Incoming,118,61,113,113,86,91,46,86,86,,313,193,106,7,30,5:13:00
NC14010001,"Schroeder, Bernard",Bernard K. Schroeder,NC,2014,7,9,190,3,19,180,120,0,,Complete,East Inlet,East Inlet,Shore,Coastal,53.70684682,-129.7112546,RESL 2,FR-8122,25,0.75,107,Incoming,116,45,107,107,102,110,39,102,102,"Flight speed cutoff is used as a guide and combined with size of target, flight behaviour, wind speed and direction and visual confirmation; so some flight speeds estimated and/or confirmed as MAMU may be slightly lower than 65 km/h",319,199,106,1,30,5:19:00
WC02020026,"Deal, John",Unknown,WC,2002,6,22,173,21,0,60,0,0,0,Complete,Apollo Road,Apollo Road - approx. Coords,Shore,Inland,50.155,-126.934,CWS 1(Grampa),FR-8050D,0,0.75,0,,0,0,0,,0,0,0,0,,,317,1260,,,,5:17:49
WC02020027,"Deal, John",Unknown,WC,2002,6,23,174,3,18,180,120,0,0,Complete,Apollo Road,Apollo Road - approx. Coords,Shore,Inland,50.155,-126.934,CWS 1(Grampa),FR-8050D,0,0.75,2,Incoming,2,1,2,2,2,2,1,2,2,,318,198,,,,5:18:06
WC02020028,"Deal, John",Unknown,WC,2002,6,23,174,21,0,60,0,0,0,Complete,Schoen Lake,Schoen Lake,Shore,Inland,50.164,-126.305,CWS 1(Grampa),FR-8050D,0,0.75,1,Incoming,1,0,0,,0,1,0,0,,,315,1260,,,,5:15:32
WC02020029,"Deal, John",Unknown,WC,2002,6,24,175,3,15,180,120,0,0,Complete,Schoen Lake,Schoen Lake,Shore,Inland,50.164,-126.305,CWS 1(Grampa),FR-8050D,0,0.75,7,Incoming,7,4,7,7,6,6,4,6,6,,315,195,,,,5:15:52
WC02020030,"Deal, John",Unknown,WC,2002,6,24,175,21,0,60,0,0,0,Complete,Schoen Lake,Schoen Lake,Shore,Inland,50.164,-126.305,CWS 1(Grampa),FR-8050D,0,0.75,0,,0,0,0,,0,0,0,0,,,315,1260,,,,5:15:52
WC02020031,"Deal, John",Unknown,WC,2002,6,25,176,3,16,180,120,0,0,Complete,Schoen Lake,Schoen Lake,Shore,Inland,50.164,-126.305,CWS 1(Grampa),FR-8050D,0,0.75,5,Incoming,5,1,5,,4,4,1,4,,,316,196,,,,5:16:14
WC02010014,"Burger, Alan",Bernard K. Schroeder,EV,2002,6,28,179,3,20,186,120,0,0,Excluded,Snow Creek,Snow Creek at Sproat Lake,Shore,Inland,49.27396635,-125.1810502,Alans,FR-810D,25,0.75,19,Incoming,22,11,19,19,19,22,11,19,19,MAMU's were observed flying to and from habitat area on north side of Sproat Lk,320,200,,,,5:20:00
WC02010015,"Burger, Alan",Bernard K. Schroeder,EV,2002,6,28,179,3,20,186,120,0,0,Excluded,Snow Creek,Snow Creek (Snow Creek),Shore,Inland,49.273966,-125.18105,Alans,FR-810D,25,0.75,0,,0,0,0,0,0,0,0,0,0,No MAMU's detected flying into Snow Cr; access could be from south,320,200,,,,5:20:00
WC02010016,"Burger, Alan",Bernard K. Schroeder,EV,2002,6,29,180,3,20,169,120,11,,Excluded,Somass River,Somass River,Shore,Coastal,49.23785364,-124.8368012,Alans,FR-810D,25,0.75,4,Incoming,5,1,4,4,4,5,1,4,4,Rain >10 min Sea clutter due to high winds in addition to rain squalls - sea clutter more disruptive from an elevated station location.,320,200,,,,5:20:00
WC02010017,"Burger, Alan",Bernard K. Schroeder,WC,2002,6,30,181,3,21,234,120,0,0,Complete,Toquart,Toquart 1,Shore,Coastal,49.0223051,-125.3601861,Alans,FR-810D,25,0.75,424,Incoming,446,167,424,424,385,406,147,385,385,Radar view reaches past river mouth but does not reach opposite side of Bay,321,201,,,,5:21:00
WC02010018,"Burger, Alan",Bernard K. Schroeder,WC,2002,7,1,182,3,21,180,120,0,0,Excluded,Maggie Lake,Maggie Lake,Shore,Inland,49.01809591,-125.4335505,Alans,FR-810D,25,0.75,17,Incoming,17,8,17,17,17,17,6,17,17,Flight path not specified but assumed to be East and over lake (not south),321,201,,,,5:21:00
WC02010019,"Burger, Alan",Bernard K. Schroeder,WC,2002,7,2,183,3,22,193,120,0,0,Excluded,Nahmint Bay,Nahmint Bay Road,Shore,Coastal,49.06690534,-124.8712488,Alans,FR-810D,25,0.75,29,Incoming,31,13,29,29,29,31,12,29,29,"5 boats anchored in Bay, high MEGU activity in Bay, and limited view to Bay",322,202,,,,5:22:00
WC02010020,"Burger, Alan",Bernard K. Schroeder,WC,2002,7,3,184,3,22,181,120,0,0,Complete,Nahmint Lake,Nahmint Lake,Shore,Inland,49.18222222,-125.0517735,Alans,FR-810D,25,0.75,55,Incoming,56,16,55,55,53,54,15,53,53,,322,202,,,,5:22:00
WC02010021,"Burger, Alan",Bernard K. Schroeder,EV,2002,7,4,185,3,23,180,120,0,0,Excluded,China Creek,China Creek Campsite,Shore,Coastal,49.15311412,-124.7978277,Alans,FR-810D,25,0.75,10,Incoming,13,7,10,10,9,12,6,9,9,Very high sport-fishing boat traffic on Inlet throughout survey,323,203,,,,5:23:00
WC02010022,"Burger, Alan",Bernard K. Schroeder,EV,2002,7,4,185,3,23,180,120,0,0,Complete,China Creek,China Creek Camp (China Creek),Shore,Coastal,49.153114,-124.797827,Alans,FR-810D,25,0.75,2,Incoming,2,0,2,2,1,1,0,1,1,,323,203,,,,5:23:00
WC02010023,"Burger, Alan",Bernard K. Schroeder,WC,2002,7,5,186,3,24,180,120,0,0,Excluded,Darling River,Darling River,Shore,Coastal,48.7315504,-125.0132232,Alans,FR-810D,25,0.75,15,Incoming,18,14,15,15,15,18,12,15,15,Some MaMu obviously missed - single hits (not included),324,204,,,,5:24:00
WC02010024,"Burger, Alan",Bernard K. Schroeder,WC,2002,7,13,194,3,31,184,120,0,0,Complete,Walbran,Walbran (Mid Walbran),Shore,Inland,48.63562496,-124.6056414,Alans,FR-810D,25,0.75,371,Incoming,423,169,371,371,325,359,119,325,325,"Most activity seen over river corridor, no view of habitat area on opposite slope",331,211,,,,5:31:00
WC02010025,"Burger, Alan",Bernard K. Schroeder,WC,2002,7,14,195,3,32,248,120,0,0,Complete,Caycuse,Caycuse,Shore,Inland,48.79148268,-124.678036,Alans,FR-810D,25,0.75,171,Incoming,178,0,171,171,129,136,0,129,138,"Scanning 0.5 nm to focus on Caycuse, possibly missing some birds flying up lake",332,212,,,,5:32:00
WC02010026,"Burger, Alan",Bernard K. Schroeder,WC,2002,7,14,195,3,32,248,120,0,0,Complete,Caycuse,Caycuse,Shore,Inland,48.791482,-124.678035,Alans,FR-810D,25,0.75,144,Incoming,152,62,144,,112,120,46,112,,,332,212,,,,5:32:00
WC02010027,"Burger, Alan",Bernard K. Schroeder,WC,2002,7,15,196,3,33,209,120,0,0,Complete,Nitinat,Nitinat Village & Camp,Shore,Inland,48.8086076,-124.6752432,Alans,FR-810D,25,0.75,203,Incoming,224,111,203,,171,187,93,171,,,333,213,,,,5:33:00
WC02010028,"Burger, Alan",Bernard K. Schroeder,WC,2002,7,16,197,3,34,180,120,0,0,Excluded,Gorge Creek,Gorge Creek,Shore,Inland,48.77825197,-124.9537656,Alans,FR-810D,25,0.75,83,Outgoing,74,83,67,83,67,59,67,54,67,,334,214,,,,5:34:00
WC02020032,"Deal, John",Unknown,WC,2002,7,16,197,21,0,60,0,0,0,Complete,Vernon Lake,Vernon Lake N,Shore,Inland,50.054,-126.443,CWS 1(Grampa),FR-8050D,0,0.75,1,Incoming,1,0,0,,0,1,0,0,,,334,1260,,,,5:34:14
WC02010029,"Burger, Alan",Bernard K. Schroeder,WC,2002,7,17,198,3,34,215,122,11,,Excluded,Bottard Creek,Bottard Creek,Shore,Inland,48.77003303,-125.0058061,Alans,FR-810D,25,0.75,37,Outgoing,87,37,33,37,33,66,23,33,33,"Rain >10 min High localized MAMU activity, not always detected on radar screen. Freq. Rain.",336,214,,,,5:36:00
WC02020033,"Deal, John",Unknown,WC,2002,7,17,198,3,35,180,120,0,0,Complete,Vernon Lake,Vernon Lake N,Shore,Inland,50.054,-126.443,CWS 1(Grampa),FR-8050D,0,0.75,26,Incoming,26,2,26,26,17,17,2,17,17,,335,215,,,,5:35:23
WC02020034,"Deal, John",Unknown,WC,2002,7,18,199,3,35,180,120,0,0,Complete,Tsitika Hwy 19,Tsitika Hwy 19 - approx. Coords,Shore,Inland,50.31,-126.507,CWS 1(Grampa),FR-8050D,0,0.75,1,Incoming,1,1,1,1,1,1,1,1,1,,335,215,,,,5:35:42
WC02010030,"Burger, Alan",Bernard K. Schroeder,WC,2002,7,18,199,3,37,165,120,15,6,Complete,Sarita Log Sort,Sarita Log Sort,Shore,Coastal,48.88266267,-125.0344527,Alans,FR-810D,25,0.75,144,Incoming,148,18,144,,107,111,11,107,,"6 min interference early in survey, 9 min late in survey, only affecting 30-50% of radar view",337,217,,,,5:37:00
WC02020035,"Deal, John",Unknown,WC,2002,7,18,199,21,0,60,0,0,0,Complete,Sutton Road,Sutton Road - approx coords,Shore,Inland,50.024,-126.264,CWS 1(Grampa),FR-8050D,0,0.75,1,Incoming,1,0,0,,0,1,0,0,,,335,1260,,,,5:35:59
WC02020036,"Deal, John",Unknown,WC,2002,7,19,200,3,37,126,120,54,,Complete,Sutton Road,Sutton Road - approx coords,Shore,Inland,50.024,-126.264,CWS 1(Grampa),FR-8050D,0,0.75,2,Incoming,2,1,2,2,1,1,1,1,1,,337,217,,,,5:37:11
WC02010031,"Burger, Alan",Bernard K. Schroeder,WC,2002,7,19,200,3,38,180,120,0,0,Complete,Pachena Bay,Pachena Bay,Shore,Coastal,48.7936252,-125.1121964,Alans,FR-810D,25,0.75,30,Incoming,30,26,30,,27,27,20,27,,High gull activity - might have obscured MaMu. Very late in season - likely unrepresentative.,338,218,,,,5:38:00
WC02010032,"Burger, Alan",Bernard K. Schroeder,EV,2002,7,20,201,4,39,120,60,0,0,Excluded,Alberni Quay,Alberni Quay,Shore,Coastal,49.23510584,-124.8160377,Alans,FR-810D,25,0.75,0,,0,0,0,0,0,0,0,0,0,Steady stream of sport fishing boats leaving Alberni Marina and Somass rivermouth throughout survey; other bird activity observed on screen,339,279,,,,5:39:00
WC02020037,"Deal, John",Unknown,WC,2002,7,20,201,21,0,60,0,0,0,Complete,Tahsish Inlet,Tahsish Inlet NW,Shore,Coastal,50.144441,-127.102584,CWS 1(Grampa),FR-8050D,0,0.75,11,Outgoing,8,11,0,,10,4,10,0,,,341,1260,,,,5:41:14
WC02020038,"Deal, John",Unknown,WC,2002,7,21,202,3,42,180,120,0,0,Complete,Tahsish Inlet,Tahsish Inlet NW,Shore,Coastal,50.144441,-127.102584,CWS 1(Grampa),FR-8050D,0,0.75,164,Incoming,164,9,164,,164,164,9,164,,,342,222,,,,5:42:29
WC02010033,"Burger, Alan",Bernard K. Schroeder,WC,2002,7,21,202,3,45,180,115,0,0,Complete,Toquart,Toquart 1,Shore,Coastal,49.0223051,-125.3601861,Alans,FR-810D,25,0.75,284,Incoming,285,69,284,,237,238,58,237,,Late in season.,340,225,,,,5:40:00
WC02020039,"Deal, John",Unknown,WC,2002,7,21,202,21,0,60,0,0,0,Complete,Nimpkish Lake,Nimpkish Lake S,Shore,Inland,50.322,-126.92,CWS 1(Grampa),FR-8050D,0,0.75,0,,0,0,0,,0,0,0,0,,,340,1260,,,,5:40:10
WC02020040,"Deal, John",Unknown,WC,2002,7,22,203,3,41,180,120,0,0,Complete,Nimpkish Lake,Nimpkish Lake S,Shore,Inland,50.322,-126.92,CWS 1(Grampa),FR-8050D,0,0.75,8,Outgoing,6,8,6,8,8,6,8,6,8,,341,221,,,,5:41:28
WC02020041,"Deal, John",Unknown,WC,2002,7,22,203,21,0,60,0,0,0,Complete,Vernon Lake,Vernon Lake S - approx. Coords,Shore,Inland,50.0003,-126.438,CWS 1(Grampa),FR-8050D,0,0.75,0,,0,0,0,,0,0,0,0,,,341,1260,,,,5:41:42
WC02020042,"Deal, John",Unknown,WC,2002,7,23,204,3,42,180,120,0,0,Complete,Vernon Lake,Vernon Lake S - approx. Coords,Shore,Inland,50.0003,-126.438,CWS 1(Grampa),FR-8050D,0,0.75,1,Incoming,1,1,1,1,1,1,1,1,1,,342,222,,,,5:42:58
WC02020043,"Deal, John",Unknown,WC,2002,7,23,204,21,0,60,0,0,0,Complete,Husan Lake S,Husan Lake S - approx. Coords,Shore,Inland,50.251,-126.94,CWS 1(Grampa),FR-8050D,0,0.75,2,Outgoing,1,2,0,,2,1,2,0,,,343,1260,,,,5:43:57
WC02020045,"Deal, John",Unknown,WC,2002,7,24,205,3,45,180,120,0,0,Complete,Husan Lake S,Husan Lake S - approx. Coords,Shore,Inland,50.251,-126.94,CWS 1(Grampa),FR-8050D,0,0.75,5,Incoming,5,3,5,5,4,4,3,4,4,,345,225,,,,5:45:15
WC02020044,"Deal, John",Unknown,WC,2002,7,24,205,21,0,60,0,0,0,Complete,Woss Lake,Woss Lake N,Shore,Inland,50.175,-126.6,CWS 1(Grampa),FR-8050D,0,0.75,2,Outgoing,0,2,0,,2,0,2,0,,,344,1260,,,,5:44:12
WC02020046,"Deal, John",Unknown,WC,2002,7,25,206,3,45,180,120,0,0,Complete,Woss Lake,Woss Lake N,Shore,Inland,50.175,-126.6,CWS 1(Grampa),FR-8050D,0,0.75,10,Incoming,10,1,10,10,9,9,1,9,9,,345,225,,,,5:45:31
WC02020047,"Deal, John",Unknown,WC,2002,7,25,206,21,0,60,0,0,0,Complete,Kelsey Bay,Kelsey Bay,Shore,Coastal,50.397637,-125.960798,CWS 1(Grampa),FR-8050D,0,0.75,1,Incoming,1,1,0,,1,1,1,0,,,342,1260,,,,5:42:04
WC02020048,"Deal, John",Unknown,WC,2002,7,26,207,3,43,180,120,0,0,Complete,Kelsey Bay,Kelsey Bay,Shore,Coastal,50.397637,-125.960798,CWS 1(Grampa),FR-8050D,0,0.75,17,Incoming,17,5,17,17,13,13,4,13,13,,343,223,,,,5:43:25
WC03020001,"Deal, John",Unknown,WC,2003,5,11,131,3,47,180,120,0,0,Complete,Tahsish Inlet,Tahsish Park,Shore,Coastal,50.14661,-127.098368,Trudys (MOE),FR-7111,25,0.75,111,Incoming,111,47,111,111,101,101,39,101,101,- Lat and Lon Corrected Apr 2023,347,227,,,,5:47:28
WC03020002,"Deal, John",Unknown,WC,2003,5,12,132,3,45,180,120,0,0,Complete,Tahsis,Tahsis Govt Dock,Shore,Coastal,49.911736,-126.661575,Trudys (MOE),FR-7111,25,0.75,192,Incoming,192,87,192,192,191,191,85,191,191,,345,225,,,,5:45:00
WC03010001,"Burger, Alan",Catherine J. Conroy,WC,2003,5,18,138,3,48,176,108,0,0,Complete,Klanawa River,Klanawa River,Shore,Inland,48.75729013,-124.9157644,Trudys (MOE),FR-7111,25,0.75,121,Incoming,123,85,121,,120,126,81,120,,Birds following Klanawa River into watershed.,336,228,,,,5:36:00
WC03010002,"Burger, Alan",Catherine J. Conroy,WC,2003,5,18,138,3,48,176,108,0,0,Complete,Klanawa River,Klanawa River (West Klanawa),Shore,Inland,48.75729,-124.915764,Trudys (MOE),FR-7111,25,0.75,35,Incoming,37,5,35,35,35,37,5,35,35,Birds following West Klanawa River into watershed.,336,228,,,,5:36:00
WC03010003,"Burger, Alan",Catherine J. Conroy,WC,2003,5,19,139,3,51,164,104,0,0,Complete,Walbran,Walbran (Mid Walbran),Shore,Inland,48.63562496,-124.6056414,Trudys (MOE),FR-7111,25,0.75,233,Incoming,238,142,233,,227,231,139,227,,"Full moon, bright morning at survey start",335,231,,,,5:35:00
WC03010004,"Burger, Alan",Catherine J. Conroy,WC,2003,5,20,140,3,50,180,104,0,0,Complete,Nitinat,Nitinat Camp (Nitinat River),Shore,Inland,48.80434694,-124.6749923,Trudys (MOE),FR-7111,25,0.75,299,Incoming,301,194,299,,267,269,168,267,,Suspect that birds were counted taking off water. Rain from 6:27-end.,334,230,,,,5:34:00
WC03010005,"Burger, Alan",Catherine J. Conroy,WC,2003,5,22,142,3,54,148,98,11,,Excluded,Pachena Bay,Pachena Bay,Shore,Coastal,48.7936252,-125.1121964,Trudys (MOE),FR-7111,25,0.75,41,Incoming,41,39,41,,37,37,31,37,,Rain >10 min Rain from approx 3:50-4:20 and 5:34-end obscured view.,332,234,,,,5:32:00
HG07010044,"Bertram, Doug",Bernard K. Schroeder,HG,2007,7,29,210,3,56,126,120,56,,Excluded,Windy Bay,Windy Bay,Boat Anchorage,Coastal,52.69020349,-131.4479074,CWS 4,FR-8051,11.3,0.75,52,Outgoing,25,52,16,,34,19,34,14,,Rainout,356,236,16,,,5:56:00
HG07010045,"Bertram, Doug",Bernard K. Schroeder,HG,2007,7,30,211,3,56,180,122,4,,Complete,Windy Bay,Windy Bay,Boat Anchorage,Coastal,52.69020349,-131.4479074,CWS 4,FR-8051,11.3,0.75,45,Incoming,47,31,45,,37,39,27,37,,PERIODIC RAIN INTERFERENCE; BUT OK COUNT; LATE IN SEASON,358,236,44,1,32,5:58:00
HG1001A0002,"Bertram, Doug",Bernard K. Schroeder,HG,2010,5,26,146,3,36,177,120,27,,Complete,Long,Long,Boat Anchorage,Coastal,53.20442999,-132.2768162,CWS 6 (Dunbar),FR-7112,25,0.75,155,Incoming,196,134,155,,140,169,111,140,,,336,216,151,4,30,5:36:00
HG1001B0001,"Bertram, Doug",Lisa L. Bland,HG,2010,5,26,146,3,36,177,120,27,,Complete,Long,Long,Boat Anchorage,Coastal,53.20442999,-132.2768162,CWS 4,FR-8051,11.3,0.75,98,Incoming,114,87,98,,88,101,73,88,,,336,216,98,,,5:36:00
HG1001A0003,"Bertram, Doug",Bernard K. Schroeder,HG,2010,5,26,146,21,52,65,4,0,0,Complete,Long,Long,Boat Anchorage,Coastal,53.20442999,-132.2768162,CWS 6 (Dunbar),FR-7112,25,0.75,31,Outgoing,22,31,0,,24,14,24,0,,,1316,1312,,,,21:56:00
HG1001A0005,"Bertram, Doug",Bernard K. Schroeder,HG,2010,5,27,147,3,34,108,120,83,,Complete,Long,Long,Boat Anchorage,Coastal,53.20442999,-132.2768162,CWS 6 (Dunbar),FR-7112,25,0.75,127,Incoming,127,46,127,,101,101,36,101,,,334,214,127,,,5:34:00
HG1001B0004,"Bertram, Doug",Lisa L. Bland,HG,2010,5,27,147,3,34,91,120,72,,Complete,Long,Long,Boat Anchorage,Coastal,53.20442999,-132.2768162,CWS 4,FR-8051,11.3,0.75,57,Incoming,58,37,57,,56,57,35,56,,,334,214,57,,,5:34:00
HG1001A0007,"Bertram, Doug",Bernard K. Schroeder,HG,2010,5,28,148,3,33,180,120,0,0,Complete,Port Chanal,Port Chanal,Boat Anchorage,Coastal,53.59394289,-132.8928812,CWS 6 (Dunbar),FR-7112,25,0.75,488,Incoming,509,238,488,,442,458,200,442,,,333,213,488,,,5:33:00
HG1001B0006,"Bertram, Doug",Lisa L. Bland,HG,2010,5,28,148,3,33,180,120,0,0,Complete,Port Chanal,Port Chanal,Boat Anchorage,Coastal,53.59394289,-132.8928812,CWS 4,FR-8051,11.3,0.75,344,Incoming,361,307,344,,330,345,279,330,,,333,213,344,,,5:33:00
HG1001A0008,"Bertram, Doug",Bernard K. Schroeder,HG,2010,5,28,148,22,15,57,0,0,0,Complete,Port Chanal,Port Chanal,Boat Anchorage,Coastal,53.59394289,-132.8928812,CWS 6 (Dunbar),FR-7112,25,0.75,25,Outgoing,4,25,0,,21,3,21,0,,,1323,1335,,,,22:03:00
HG1001A0010,"Bertram, Doug",Bernard K. Schroeder,HG,2010,5,29,149,3,32,208,120,0,0,Complete,Port Chanal,Port Chanal,Boat Anchorage,Coastal,53.59394289,-132.8928812,CWS 6 (Dunbar),FR-7112,25,0.75,612,Incoming,630,312,612,,558,573,261,558,,,332,212,603,9,30,5:32:00
HG1001B0009,"Bertram, Doug",Lisa L. Bland,HG,2010,5,29,149,3,32,208,120,0,0,Complete,Port Chanal,Port Chanal,Boat Anchorage,Coastal,53.59394289,-132.8928812,CWS 4,FR-8051,11.3,0.75,453,Incoming,465,301,453,,443,453,274,443,,,332,212,447,6,30,5:32:00
HG1001A0012,"Bertram, Doug",Bernard K. Schroeder,HG,2010,5,30,150,3,32,180,120,0,0,Complete,Fairfax,Fairfax,Boat Anchorage,Coastal,52.74013392,-131.9869622,CWS 6 (Dunbar),FR-7112,25,0.75,84,Outgoing,66,84,60,84,63,48,63,45,63,,332,212,57,3,30,5:32:00
HG1001B0011,"Bertram, Doug",Lisa L. Bland,HG,2010,5,30,150,3,32,180,120,0,0,Complete,Fairfax,Fairfax,Boat Anchorage,Coastal,52.74013392,-131.9869622,CWS 4,FR-8051,11.3,0.75,39,Outgoing,32,39,31,,39,32,39,31,,,332,212,30,1,30,5:32:00
HG1001A0014,"Bertram, Doug",Bernard K. Schroeder,HG,2010,5,31,151,3,31,177,120,4,,Complete,Fairfax,Fairfax,Boat Anchorage,Coastal,52.74013392,-131.9869622,CWS 6 (Dunbar),FR-7112,25,0.75,65,Outgoing,66,65,37,,52,52,52,34,,,331,211,37,,,5:31:00
HG1001B0013,"Bertram, Doug",Lisa L. Bland,HG,2010,5,31,151,3,31,181,120,0,0,Complete,Fairfax,Fairfax,Boat Anchorage,Coastal,52.74013392,-131.9869622,CWS 4,FR-8051,11.3,0.75,48,Outgoing,39,48,31,,47,39,47,31,,,331,211,31,,,5:31:00
HG1001B0015,"Bertram, Doug",Lisa L. Bland,HG,2010,5,31,151,21,50,70,9,0,0,Complete,Botany,Botany,Boat Anchorage,Coastal,52.73694598,-131.9405467,CWS 4,FR-8051,11.3,0.75,24,Incoming,24,18,0,,18,22,18,0,,,1319,1310,,,,21:59:00
HG1001A0017,"Bertram, Doug",Bernard K. Schroeder,HG,2010,6,1,152,3,30,180,120,0,0,Complete,Botany,Botany,Boat Anchorage,Coastal,52.73694598,-131.9405467,CWS 6 (Dunbar),FR-7112,25,0.75,96,Incoming,113,88,96,96,72,82,67,72,72,,330,210,95,1,30,5:30:00
HG1001B0016,"Bertram, Doug",Lisa L. Bland,HG,2010,6,1,152,3,30,180,120,0,0,Complete,Botany,Botany,Boat Anchorage,Coastal,52.73694598,-131.9405467,CWS 4,FR-8051,11.3,0.75,32,Outgoing,33,32,30,,31,32,31,29,,,330,210,30,,,5:30:00
HG1001A0019,"Bertram, Doug",Bernard K. Schroeder,HG,2010,6,2,153,3,29,0,120,180,,Excluded,Botany,Botany,Boat Anchorage,Coastal,52.73694598,-131.9405467,CWS 6 (Dunbar),FR-7112,25,0.75,0,,0,0,0,,0,0,0,0,,HARD RAIN THROUGHOUT SURVEY. RAINOUT.,329,209,,,,5:29:00
HG1001B0018,"Bertram, Doug",Lisa L. Bland,HG,2010,6,2,153,3,29,0,120,180,,Excluded,Botany,Botany,Boat Anchorage,Coastal,52.73694598,-131.9405467,CWS 4,FR-8051,11.3,0.75,0,,0,0,0,,0,0,0,0,,HARD RAIN THROUGHOUT SURVEY. RAINOUT.,329,209,,,,5:29:00
HG1001A0021,"Bertram, Doug",Bernard K. Schroeder,HG,2010,6,3,154,3,28,21,120,159,,Excluded,Dawson Inlet,Dawson Inlet,Boat Anchorage,Coastal,53.17307977,-132.4887646,CWS 6 (Dunbar),FR-7112,25,0.75,11,Incoming,11,3,11,,11,11,3,11,,CONTINUOUS RAINSQUALLS THROUGHOUT SURVEY. RAINOUT.,328,208,11,,,5:28:00
HG1001B0020,"Bertram, Doug",Lisa L. Bland,HG,2010,6,3,154,3,28,24,120,156,,Excluded,Dawson Inlet,Dawson Inlet,Boat Anchorage,Coastal,53.17307977,-132.4887646,CWS 4,FR-8051,11.3,0.75,6,Incoming,6,3,6,,6,6,3,6,,CONTINUOUS RAINSQUALLS THROUGHOUT SURVEY. RAINOUT.,328,208,6,,,5:28:00
HG1001A0022,"Bertram, Doug",Bernard K. Schroeder,HG,2010,6,3,154,21,45,35,23,35,,Complete,Dawson Inlet,Dawson Inlet,Boat Anchorage,Coastal,53.17307977,-132.4887646,CWS 6 (Dunbar),FR-7112,25,0.75,9,Outgoing,2,9,0,,9,2,9,0,,,1328,1305,,,,22:08:00
HG1001A0024,"Bertram, Doug",Bernard K. Schroeder,HG,2010,6,4,155,3,27,180,120,0,0,Complete,Dawson Inlet,Dawson Inlet,Boat Anchorage,Coastal,53.17307977,-132.4887646,CWS 6 (Dunbar),FR-7112,25,0.75,110,Incoming,110,53,110,,93,93,37,93,,,327,207,107,3,30,5:27:00
HG1001B0023,"Bertram, Doug",Lisa L. Bland,HG,2010,6,4,155,3,27,180,120,0,0,Complete,Dawson Inlet,Dawson Inlet,Boat Anchorage,Coastal,53.17307977,-132.4887646,CWS 4,FR-8051,11.3,0.75,55,Incoming,55,27,55,,51,51,26,51,,,327,207,54,1,30,5:27:00
HG1001A0026,"Bertram, Doug",Bernard K. Schroeder,HG,2010,6,5,156,3,26,118,120,62,,Excluded,Tartu,Tartu,Boat Anchorage,Coastal,53.47331011,-132.675686,CWS 6 (Dunbar),FR-7112,25,0.75,87,Outgoing,75,87,64,,74,69,74,61,,INTERMITTENT RAINSQUALLS DURING PEAK ACTIVITY - PERIODS OF EXTENSIVE RAIN-CLUTTER. RAINOUT.,326,206,60,4,30,5:26:00
HG1001B0025,"Bertram, Doug",Lisa L. Bland,HG,2010,6,5,156,3,26,147,120,33,,Excluded,Tartu,Tartu,Boat Anchorage,Coastal,53.47331011,-132.675686,CWS 4,FR-8051,11.3,0.75,47,Outgoing,37,47,36,,46,37,46,36,,INTERMITTENT RAINSQUALLS DURING PEAK ACTIVITY - PERIODS OF EXTENSIVE RAIN-CLUTTER. RAINOUT.,326,206,35,1,30,5:26:00
HG1001A0027,"Bertram, Doug",Bernard K. Schroeder,HG,2010,6,5,156,22,10,64,2,0,0,Complete,Tartu,Tartu,Boat Anchorage,Coastal,53.47331011,-132.675686,CWS 6 (Dunbar),FR-7112,25,0.75,12,Incoming,12,11,0,,11,8,11,0,,,1332,1330,,,,22:12:00
HG1001A0029,"Bertram, Doug",Bernard K. Schroeder,HG,2010,6,6,157,3,25,180,120,0,0,Complete,Tartu,Tartu,Boat Anchorage,Coastal,53.47331011,-132.675686,CWS 6 (Dunbar),FR-7112,25,0.75,141,Incoming,147,124,141,,116,119,102,116,,,325,205,139,2,30,5:25:00
HG1001B0028,"Bertram, Doug",Lisa L. Bland,HG,2010,6,6,157,3,25,180,120,0,0,Complete,Tartu,Tartu,Boat Anchorage,Coastal,53.47331011,-132.675686,CWS 4,FR-8051,11.3,0.75,106,Incoming,108,91,106,,100,102,82,100,,,325,205,103,3,30,5:25:00
HG1001A0031,"Bertram, Doug",Bernard K. Schroeder,HG,2010,6,7,158,3,24,182,120,0,0,Complete,Tartu,Tartu,Boat Anchorage,Coastal,53.47331011,-132.675686,CWS 6 (Dunbar),FR-7112,25,0.75,140,Incoming,143,105,140,,115,117,80,115,,,324,204,131,9,30,5:24:00
HG1001B0030,"Bertram, Doug",Lisa L. Bland,HG,2010,6,7,158,3,24,182,120,0,0,Complete,Tartu,Tartu,Boat Anchorage,Coastal,53.47331011,-132.675686,CWS 4,FR-8051,11.3,0.75,100,Incoming,100,63,100,,89,89,60,89,,,324,204,97,3,30,5:24:00
HG1001A0033,"Bertram, Doug",Bernard K. Schroeder,HG,2010,6,9,160,3,23,180,120,0,0,Complete,Lagoon,Lagoon,Boat Anchorage,Coastal,52.92347112,-131.932794,CWS 6 (Dunbar),FR-7112,25,0.75,197,Outgoing,195,197,188,,152,157,149,152,,,323,203,186,2,30,5:23:00
HG1001B0032,"Bertram, Doug",Lisa L. Bland,HG,2010,6,9,160,3,23,180,120,0,0,Complete,Lagoon,Lagoon,Boat Anchorage,Coastal,52.92347112,-131.932794,CWS 4,FR-8051,11.3,0.75,126,Incoming,132,116,126,,124,130,103,124,,,323,203,124,2,30,5:23:00
HG1001A0034,"Bertram, Doug",Bernard K. Schroeder,HG,2010,6,9,160,22,9,61,0,0,0,Complete,Lagoon,Lagoon,Boat Anchorage,Coastal,52.92347112,-131.932794,CWS 6 (Dunbar),FR-7112,25,0.75,25,Outgoing,7,25,0,,19,5,19,0,,,1329,1329,,,,22:09:00
HG1001A0036,"Bertram, Doug",Bernard K. Schroeder,HG,2010,6,10,161,3,23,180,120,0,0,Complete,Lagoon,Lagoon,Boat Anchorage,Coastal,52.92347112,-131.932794,CWS 6 (Dunbar),FR-7112,25,0.75,227,Outgoing,113,227,108,227,160,104,160,100,160,"TOTAL DETECTIONS OUTGOING BEFORE SUNRISE: 125, TOTAL BIRDS OUTGOING BEFORE SUNRISE: 168",323,203,104,4,30,5:23:00
HG1001B0035,"Bertram, Doug",Lisa L. Bland,HG,2010,6,10,161,3,23,180,120,0,0,Complete,Lagoon,Lagoon,Boat Anchorage,Coastal,52.92347112,-131.932794,CWS 4,FR-8051,11.3,0.75,129,Outgoing,68,129,67,,117,66,117,65,,,323,203,65,2,30,5:23:00
HG1001A0038,"Bertram, Doug",Bernard K. Schroeder,HG,2010,6,11,162,3,23,180,120,0,0,Complete,Klunkwoi,Klunkwoi,Boat Anchorage,Coastal,52.716455,-131.807292,CWS 6 (Dunbar),FR-7112,25,0.75,258,Outgoing,250,258,242,,208,213,176,208,,,323,203,226,16,30,5:23:00
HG1001B0037,"Bertram, Doug",Lisa L. Bland,HG,2010,6,11,162,3,23,180,120,0,0,Complete,Klunkwoi,Klunkwoi,Boat Anchorage,Coastal,52.716455,-131.807292,CWS 4,FR-8051,11.3,0.75,172,Incoming,174,96,172,,168,170,92,168,,,323,203,169,3,30,5:23:00
HG1001A0040,"Bertram, Doug",Bernard K. Schroeder,HG,2010,6,12,163,3,23,-60,120,180,,Excluded,Klunkwoi,Klunkwoi,Boat Anchorage,Coastal,52.716455,-131.807292,CWS 6 (Dunbar),FR-7112,25,0.75,0,,0,0,0,,0,0,0,0,,RAINOUT. STEADY RAIN; NO BREAKS DURING SURVEY PERIOD. No radar or AV survey.,323,203,,,,5:23:00
HG1001B0039,"Bertram, Doug",Lisa L. Bland,HG,2010,6,12,163,3,23,-60,120,180,,Excluded,Klunkwoi,Klunkwoi,Boat Anchorage,Coastal,52.716455,-131.807292,CWS 4,FR-8051,11.3,0.75,0,,0,0,0,,0,0,0,0,,RAINOUT. STEADY RAIN; NO BREAKS DURING SURVEY PERIOD. No radar or AV survey.,323,203,,,,5:23:00
HG1001A0041,"Bertram, Doug",Bernard K. Schroeder,HG,2010,6,12,163,22,0,36,9,24,,Complete,Bigsby,Bigsby,Boat Anchorage,Coastal,52.61825243,-131.715895,CWS 6 (Dunbar),FR-7112,25,0.75,41,Incoming,41,7,0,,7,38,7,0,,,1329,1320,,,,22:09:00
HG1001A0043,"Bertram, Doug",Bernard K. Schroeder,HG,2010,6,13,164,3,23,33,120,108,,Complete,Bigsby,Bigsby,Boat Anchorage,Coastal,52.61825243,-131.715895,CWS 6 (Dunbar),FR-7112,25,0.75,62,Incoming,62,35,62,,59,59,28,59,,AS ABOVE,323,203,62,,,5:23:00
HG1001B0042,"Bertram, Doug",Lisa L. Bland,HG,2010,6,13,164,3,23,45,120,96,,Excluded,Bigsby,Bigsby,Boat Anchorage,Coastal,52.61825243,-131.715895,CWS 4,FR-8051,11.3,0.75,32,Outgoing,31,32,31,,31,30,31,30,,END OF SURVEY DUE TO RAIN. RAINOUT.,323,203,31,,,5:23:00
HG1001A0045,"Bertram, Doug",Bernard K. Schroeder,HG,2010,6,14,165,3,22,20,120,100,,Complete,Bigsby,Bigsby,Boat Anchorage,Coastal,52.61825243,-131.715895,CWS 6 (Dunbar),FR-7112,25,0.75,91,Incoming,91,6,91,,86,86,6,86,,AS ABOVE,322,202,89,2,30,5:22:00
HG1001B0044,"Bertram, Doug",Lisa L. Bland,HG,2010,6,14,165,3,22,30,120,90,,Excluded,Bigsby,Bigsby,Boat Anchorage,Coastal,52.61825243,-131.715895,CWS 4,FR-8051,11.3,0.75,64,Incoming,64,8,64,,62,62,8,62,,END OF SURVEY DUE TO RAIN. RAINOUT.,322,202,64,,,5:22:00
HG1001A0047,"Bertram, Doug",Bernard K. Schroeder,HG,2010,6,15,166,3,22,180,120,0,0,Complete,Bigsby,Bigsby,Boat Anchorage,Coastal,52.61825243,-131.715895,CWS 6 (Dunbar),FR-7112,25,0.75,200,Incoming,204,186,200,,171,175,142,171,,,322,202,187,13,30,5:22:00
HG1001B0046,"Bertram, Doug",Lisa L. Bland,HG,2010,6,15,166,3,22,180,120,0,0,Complete,Bigsby,Bigsby,Boat Anchorage,Coastal,52.61825243,-131.715895,CWS 4,FR-8051,11.3,0.75,144,Incoming,148,123,144,,130,134,107,130,,,322,202,137,7,30,5:22:00
HG1001A0049,"Bertram, Doug",Bernard K. Schroeder,HG,2010,6,16,167,3,22,180,120,0,0,Complete,Hutton,Hutton,Boat Anchorage,Coastal,52.50099895,-131.5626575,CWS 6 (Dunbar),FR-7112,25,0.75,109,Outgoing,87,109,82,,90,71,90,67,,,322,202,79,3,30,5:22:00
HG1001B0048,"Bertram, Doug",Lisa L. Bland,HG,2010,6,16,167,3,22,180,120,0,0,Complete,Hutton,Hutton,Boat Anchorage,Coastal,52.50099895,-131.5626575,CWS 4,FR-8051,11.3,0.75,87,Outgoing,64,87,63,,74,52,74,51,,,322,202,59,4,30,5:22:00
HG1001A0051,"Bertram, Doug",Bernard K. Schroeder,HG,2010,6,17,168,3,22,157,120,23,,Complete,Huston,Huston,Boat Anchorage,Coastal,52.2606822,-131.2566685,CWS 6 (Dunbar),FR-7112,25,0.75,50,Incoming,64,47,50,,36,46,36,36,,,322,202,48,2,30,5:22:00
HG1001B0050,"Bertram, Doug",Lisa L. Bland,HG,2010,6,17,168,3,22,180,120,0,0,Complete,Huston,Huston,Boat Anchorage,Coastal,52.2606822,-131.2566685,CWS 4,FR-8051,11.3,0.75,44,Outgoing,52,44,39,,42,51,42,38,,,322,202,39,,,5:22:00
HG1001B0052,"Bertram, Doug",Lisa L. Bland,HG,2010,6,17,168,22,6,60,3,0,0,Complete,Huston,Huston,Boat Anchorage,Coastal,52.2606822,-131.2566685,CWS 4,FR-8051,11.3,0.75,42,Outgoing,26,42,0,,39,25,39,0,,,1329,1326,,,,22:09:00
HG1001A0054,"Bertram, Doug",Bernard K. Schroeder,HG,2010,6,18,169,3,22,180,120,0,0,Complete,Huston,Huston,Boat Anchorage,Coastal,52.2606822,-131.2566685,CWS 6 (Dunbar),FR-7112,25,0.75,155,Outgoing,178,155,139,155,109,133,109,106,109,,322,202,135,4,30,5:22:00
HG1001B0053,"Bertram, Doug",Lisa L. Bland,HG,2010,6,18,169,3,22,180,120,0,0,Complete,Huston,Huston,Boat Anchorage,Coastal,52.2606822,-131.2566685,CWS 4,FR-8051,11.3,0.75,126,Outgoing,111,126,91,,105,95,105,80,,,322,202,88,3,30,5:22:00
HG1001A0056,"Bertram, Doug",Bernard K. Schroeder,HG,2010,6,19,170,3,21,180,120,0,0,Complete,Lagoon,Lagoon,Boat Anchorage,Coastal,52.92347112,-131.932794,CWS 6 (Dunbar),FR-7112,25,0.75,178,Incoming,190,164,178,,156,168,135,156,,,321,201,171,7,30,5:21:00
HG1001B0055,"Bertram, Doug",Lisa L. Bland,HG,2010,6,19,170,3,21,180,120,0,0,Complete,Lagoon,Lagoon,Boat Anchorage,Coastal,52.92347112,-131.932794,CWS 4,FR-8051,11.3,0.75,135,Incoming,145,114,135,,131,141,105,131,,,321,201,133,2,30,5:21:00
HG1001A0058,"Bertram, Doug",Bernard K. Schroeder,HG,2010,6,21,172,3,22,180,120,0,0,Complete,Dawson Inlet,Dawson Inlet,Boat Anchorage,Coastal,53.17307977,-132.4887646,CWS 6 (Dunbar),FR-7112,25,0.75,198,Incoming,213,88,198,198,175,186,71,175,175,,322,202,193,5,30,5:22:00
HG1001B0057,"Bertram, Doug",Lisa L. Bland,HG,2010,6,21,172,3,22,180,120,0,0,Complete,Dawson Inlet,Dawson Inlet,Boat Anchorage,Coastal,53.17307977,-132.4887646,CWS 4,FR-8051,11.3,0.75,139,Incoming,147,60,139,,136,143,59,136,,,322,202,136,3,30,5:22:00
HG1001A0060,"Bertram, Doug",Bernard K. Schroeder,HG,2010,6,22,173,3,22,0,120,120,,Excluded,Dawson Inlet,Dawson Inlet,Boat Anchorage,Coastal,53.17307977,-132.4887646,CWS 6 (Dunbar),FR-7112,25,0.75,2,Incoming,2,2,2,,2,2,2,2,,CONTINUOUS RAIN THROUGHOUT SURVEY. RAINOUT.,322,202,2,,,5:22:00
HG1001B0059,"Bertram, Doug",Lisa L. Bland,HG,2010,6,22,173,3,22,0,120,120,,Excluded,Dawson Inlet,Dawson Inlet,Boat Anchorage,Coastal,53.17307977,-132.4887646,CWS 4,FR-8051,11.3,0.75,0,,0,0,0,,0,0,0,0,,CONTINUOUS RAIN THROUGHOUT SURVEY. RAINOUT.,322,202,,,,5:22:00
HG1001A0062,"Bertram, Doug",Bernard K. Schroeder,HG,2010,6,23,174,3,21,190,120,5,,Complete,Long,Long,Boat Anchorage,Coastal,53.20442999,-132.2768162,CWS 6 (Dunbar),FR-7112,25,0.75,254,Incoming,308,200,254,254,211,253,154,211,211,,321,201,254,,,5:21:00
HG1001B0061,"Bertram, Doug",Lisa L. Bland,HG,2010,6,23,174,3,21,195,120,0,0,Complete,Long,Long,Boat Anchorage,Coastal,53.20442999,-132.2768162,CWS 4,FR-8051,11.3,0.75,192,Outgoing,191,192,162,,159,174,159,147,,,321,201,162,,,5:21:00
HG1001A0064,"Bertram, Doug",Bernard K. Schroeder,HG,2010,6,24,175,3,22,237,120,3,,Complete,Port Chanal,Port Chanal,Boat Anchorage,Coastal,53.59394289,-132.8928812,CWS 6 (Dunbar),FR-7112,25,0.75,727,Incoming,901,712,727,727,653,787,549,653,653,,322,202,708,19,30,5:22:00
HG1001B0063,"Bertram, Doug",Lisa L. Bland,HG,2010,6,24,175,3,22,240,120,0,0,Complete,Port Chanal,Port Chanal,Boat Anchorage,Coastal,53.59394289,-132.8928812,CWS 4,FR-8051,11.3,0.75,606,Outgoing,653,606,567,,537,613,537,530,,,322,202,547,20,30,5:22:00
HG1001A0066,"Bertram, Doug",Bernard K. Schroeder,HG,2010,6,25,176,3,22,180,120,0,0,Complete,Tartu,Tartu,Boat Anchorage,Coastal,53.47331011,-132.675686,CWS 6 (Dunbar),FR-7112,25,0.75,165,Incoming,198,93,165,165,145,172,81,145,147,,322,202,163,2,30,5:22:00
HG1001B0065,"Bertram, Doug",Lisa L. Bland,HG,2010,6,25,176,3,22,180,120,0,0,Complete,Tartu,Tartu,Boat Anchorage,Coastal,53.47331011,-132.675686,CWS 4,FR-8051,11.3,0.75,151,Incoming,172,104,151,,147,168,99,147,,,322,202,151,,,5:22:00
HG1001A0068,"Bertram, Doug",Bernard K. Schroeder,HG,2010,6,26,177,3,24,180,120,0,0,Complete,Klunkwoi,Klunkwoi,Boat Anchorage,Coastal,52.716455,-131.807292,CWS 6 (Dunbar),FR-7112,25,0.75,309,Incoming,348,172,309,,257,280,124,257,,,324,204,289,20,30,5:24:00
HG1001B0067,"Bertram, Doug",Lisa L. Bland,HG,2010,6,26,177,3,24,156,120,24,,Complete,Klunkwoi,Klunkwoi,Boat Anchorage,Coastal,52.716455,-131.807292,CWS 4,FR-8051,11.3,0.75,369,Incoming,406,146,369,,330,360,131,330,,,324,204,361,8,30,5:24:00
HG1001A0069,"Bertram, Doug",Bernard K. Schroeder,HG,2010,6,26,177,22,10,65,5,0,0,Complete,Klunkwoi,Klunkwoi,Boat Anchorage,Coastal,52.716455,-131.807292,CWS 6 (Dunbar),FR-7112,25,0.75,51,Incoming,51,45,0,,29,40,29,0,,,1335,1330,,,,22:15:00
HG1001A0071,"Bertram, Doug",Bernard K. Schroeder,HG,2010,6,27,178,3,24,180,120,0,0,Complete,Klunkwoi,Klunkwoi,Boat Anchorage,Coastal,52.716455,-131.807292,CWS 6 (Dunbar),FR-7112,25,0.75,343,Incoming,356,227,343,,319,328,162,319,,,324,204,335,8,30,5:24:00
HG1001B0070,"Bertram, Doug",Lisa L. Bland,HG,2010,6,27,178,3,24,144,120,36,,Complete,Klunkwoi,Klunkwoi,Boat Anchorage,Coastal,52.716455,-131.807292,CWS 4,FR-8051,11.3,0.75,391,Incoming,403,161,391,391,383,394,148,383,383,,324,204,384,7,30,5:24:00
HG1001A0073,"Bertram, Doug",Bernard K. Schroeder,HG,2010,6,28,179,3,25,180,120,0,0,Complete,Huston,Huston,Boat Anchorage,Coastal,52.2606822,-131.2566685,CWS 6 (Dunbar),FR-7112,25,0.75,80,Outgoing,42,80,30,,55,31,55,21,,AS ABOVE,325,205,30,,,5:25:00
HG1001B0072,"Bertram, Doug",Lisa L. Bland,HG,2010,6,28,179,3,25,102,120,78,,Excluded,Huston,Huston,Boat Anchorage,Coastal,52.2606822,-131.2566685,CWS 4,FR-8051,11.3,0.75,75,Outgoing,43,75,34,,67,39,67,31,,RAINOUT DUE TO RAINSQUALLS AND SCREEN OBSTRUCTION DURING PEAK ACTIVITY.,325,205,34,,,5:25:00
HG1001A0075,"Bertram, Doug",Bernard K. Schroeder,HG,2010,6,29,180,3,25,180,120,0,0,Complete,Bigsby,Bigsby,Boat Anchorage,Coastal,52.61825243,-131.715895,CWS 6 (Dunbar),FR-7112,25,0.75,229,Incoming,248,222,229,229,198,211,167,198,198,,325,205,224,5,30,5:25:00
HG1001B0074,"Bertram, Doug",Lisa L. Bland,HG,2010,6,29,180,3,25,180,120,0,0,Complete,Bigsby,Bigsby,Boat Anchorage,Coastal,52.61825243,-131.715895,CWS 4,FR-8051,11.3,0.75,197,Incoming,202,156,197,,185,190,126,185,,,325,205,190,7,30,5:25:00
HG1001A0077,"Bertram, Doug",Bernard K. Schroeder,HG,2010,6,30,181,3,26,180,120,0,0,Complete,Bigsby,Bigsby,Boat Anchorage,Coastal,52.61825243,-131.715895,CWS 6 (Dunbar),FR-7112,25,0.75,169,Incoming,172,162,169,,144,146,121,144,,,326,206,147,22,30,5:26:00
HG1001B0076,"Bertram, Doug",Lisa L. Bland,HG,2010,6,30,181,3,26,180,120,0,0,Complete,Bigsby,Bigsby,Boat Anchorage,Coastal,52.61825243,-131.715895,CWS 4,FR-8051,11.3,0.75,157,Incoming,158,140,157,,141,142,112,141,,,326,206,140,17,30,5:26:00
HG1001A0079,"Bertram, Doug",Bernard K. Schroeder,HG,2010,7,1,182,3,27,180,120,0,0,Complete,Hutton,Hutton,Boat Anchorage,Coastal,52.50099895,-131.5626575,CWS 6 (Dunbar),FR-7112,25,0.75,67,Incoming,74,62,67,,55,61,51,55,,AS ABOVE,327,207,54,13,30,5:27:00
HG1001B0078,"Bertram, Doug",Lisa L. Bland,HG,2010,7,1,182,3,27,180,120,0,0,Complete,Hutton,Hutton,Boat Anchorage,Coastal,52.50099895,-131.5626575,CWS 4,FR-8051,11.3,0.75,58,Outgoing,61,58,55,,53,54,53,49,,"MANY TARGETS FLYING INBOUND, 2.6MM AND SLOWER STARTED AT 3:28.",327,207,51,4,30,5:27:00
HG1001A0080,"Bertram, Doug",Bernard K. Schroeder,HG,2010,7,1,182,22,10,62,2,0,0,Complete,Hutton,Hutton,Boat Anchorage,Coastal,52.50099895,-131.5626575,CWS 6 (Dunbar),FR-7112,25,0.75,31,Outgoing,22,31,0,,26,20,26,0,,,1332,1330,,,,22:12:00
HG1001A0082,"Bertram, Doug",Bernard K. Schroeder,HG,2010,7,2,183,3,27,180,120,0,0,Complete,Hutton,Hutton,Boat Anchorage,Coastal,52.50099895,-131.5626575,CWS 6 (Dunbar),FR-7112,25,0.75,112,Outgoing,105,112,86,112,74,74,74,62,90,,327,207,81,5,30,5:27:00
HG1001B0081,"Bertram, Doug",Lisa L. Bland,HG,2010,7,2,183,3,27,180,120,0,0,Complete,Hutton,Hutton,Boat Anchorage,Coastal,52.50099895,-131.5626575,CWS 4,FR-8051,11.3,0.75,98,Outgoing,82,98,71,,78,66,78,59,,3:27 - 4:00 - Many small targets ingoing 2.2 - 2.8mm.,327,207,71,,,5:27:00
HG17010009,"Bertram, Doug",Bernard K. Schroeder,HG,2017,6,10,161,3,33,182,122,0,,Complete,Bigsby,Bigsby,Boat Anchorage,Coastal,52.61810253,-131.7185009,CWS 4,FR-8051,11.3,0.75,92,Incoming,98,41,92,,88,93,35,88,,,335,213,70,22,32,5:35:00
HG17010001,"Bertram, Doug",Bernard K. Schroeder,HG,2017,7,2,183,3,26,180,120,0,,Complete,Long,Long,Boat Anchorage,Coastal,53.2042582,-132.2755991,CWS 4,FR-8051,11.3,0.75,81,Incoming,107,69,81,,73,91,59,73,,,326,206,80,1,30,5:26:00
HG17010002,"Bertram, Doug",Bernard K. Schroeder,HG,2017,7,3,184,3,27,180,120,0,,Complete,Long,Long,Boat Anchorage,Coastal,53.2042582,-132.2755991,CWS 4,FR-8051,11.3,0.75,113,Incoming,133,81,113,113,95,107,70,95,95,,327,207,107,7,30,5:27:00
HG17010003,"Bertram, Doug",Bernard K. Schroeder,HG,2017,7,4,185,3,29,180,120,0,,Complete,Klunkwoi,Klunkwoi,Boat Anchorage,Coastal,52.71674061,-131.8074146,CWS 4,FR-8051,11.3,0.75,153,Incoming,161,98,153,153,141,148,80,141,141,,329,209,148,5,30,5:29:00
HG17010004,"Bertram, Doug",Bernard K. Schroeder,HG,2017,7,5,186,3,30,180,120,0,,Complete,Klunkwoi,Klunkwoi,Boat Anchorage,Coastal,52.71674061,-131.8074146,CWS 4,FR-8051,11.3,0.75,135,Incoming,139,72,135,,119,123,51,119,,,330,210,132,3,30,5:30:00
HG17010005,"Bertram, Doug",Bernard K. Schroeder,HG,2017,7,6,187,3,31,180,120,0,,Complete,Bigsby,Bigsby,Boat Anchorage,Coastal,52.61810253,-131.7185009,CWS 4,FR-8051,11.3,0.75,117,Incoming,122,46,117,117,112,116,40,112,112,,331,211,105,12,30,5:31:00
HG17010006,"Bertram, Doug",Bernard K. Schroeder,HG,2017,7,7,188,3,32,180,120,0,,Complete,Bigsby,Bigsby,Boat Anchorage,Coastal,52.61810253,-131.7185009,CWS 4,FR-8051,11.3,0.75,70,Incoming,73,33,70,,66,69,30,66,,,332,212,69,1,30,5:32:00
HG17010007,"Bertram, Doug",Bernard K. Schroeder,HG,2017,7,8,189,3,32,180,120,0,,Complete,Long,Long,Boat Anchorage,Coastal,53.2042582,-132.2755991,CWS 4,FR-8051,11.3,0.75,98,Incoming,100,77,98,,91,93,58,91,,,332,212,94,4,30,5:32:00
HG17010008,"Bertram, Doug",Bernard K. Schroeder,HG,2017,7,9,190,3,34,180,120,0,,Complete,Klunkwoi,Klunkwoi,Boat Anchorage,Coastal,52.71674061,-131.8074146,CWS 4,FR-8051,11.3,0.75,85,Incoming,87,73,85,,75,77,60,75,,,334,214,81,4,30,5:34:00
CC98010081,"Chatwin, Trudy",Monica Lamm,CC,1998,7,15,196,20,42,138,0,0,0,Complete,Green,Green,Shore,Coastal,52.93902074,-128.4100847,Trudys (MOE),FR-7111,25,0.5,115,Outgoing,70,115,0,,66,41,66,0,,,326,1242,,,,5:26:43
CC98010082,"Chatwin, Trudy",Kate A. Paul,CC,1998,7,16,197,3,22,2,122,180,,Excluded,Green,Green,Shore,Coastal,52.93902074,-128.4100847,Trudys (MOE),FR-7111,25,0.5,0,,0,0,0,,0,0,0,0,,screen obscured for whole survey,324,202,,,,5:24:00
CC98010083,"Chatwin, Trudy",Kate A. Paul,CC,1998,7,16,197,20,41,-41,0,120,,Excluded,Green,Green,Shore,Coastal,52.93902074,-128.4100847,Trudys (MOE),FR-7111,25,0.5,0,,0,0,0,,0,0,0,0,,,328,1241,,,,5:28:00
CC98010084,"Chatwin, Trudy",Kate A. Paul,CC,1998,7,17,198,3,25,183,121,0,0,Complete,Green,Green,Shore,Coastal,52.93902074,-128.4100847,Trudys (MOE),FR-7111,25,0.5,201,Incoming,230,82,201,201,63,74,45,63,66,,326,205,196,5,31,5:26:00
CC98010085,"Chatwin, Trudy",Bernard K. Schroeder,CC,1998,7,17,198,20,40,120,0,0,0,Complete,Aaltanhash,Aaltanhash,Shore,Coastal,53.13504274,-128.4787635,Trudys (MOE),FR-7111,25,0.5,17,Incoming,17,12,0,,11,11,11,0,,,328,1240,,,,5:28:34
CC98010086,"Chatwin, Trudy",Bernard K. Schroeder,CC,1998,7,18,199,3,27,193,120,0,0,Complete,Aaltanhash,Aaltanhash,Shore,Coastal,53.13504274,-128.4787635,Trudys (MOE),FR-7111,25,0.5,39,Incoming,40,20,39,39,27,28,16,27,27,,327,207,35,4,30,5:27:00
CC98010087,"Chatwin, Trudy",Kate A. Paul,CC,1998,7,18,199,20,39,-1,0,120,,Excluded,Aaltanhash,Aaltanhash,Shore,Coastal,53.13504274,-128.4787635,Trudys (MOE),FR-7111,25,0.5,2,Outgoing,0,2,0,,1,0,1,0,,,329,1239,,,,5:29:55
CC98010088,"Chatwin, Trudy",Monica Lamm,CC,1998,7,19,200,3,28,0,120,180,,Excluded,Aaltanhash,Aaltanhash,Shore,Coastal,53.13504274,-128.4787635,Trudys (MOE),FR-7111,25,0.5,0,,0,0,0,,0,0,0,0,,screen obscured for whole survey,328,208,,,,5:28:00
CC98010089,"Chatwin, Trudy",Monica Lamm,CC,1998,7,19,200,20,38,130,0,0,0,Complete,Khutze,Khutze,Shore,Coastal,53.08485133,-128.4327278,Trudys (MOE),FR-7111,25,0.5,51,Incoming,51,29,0,,22,32,22,0,,,331,1238,,,,5:31:22
CC98010090,"Chatwin, Trudy",Kate A. Paul,CC,1998,7,20,201,3,30,181,120,0,0,Complete,Khutze,Khutze,Shore,Coastal,53.08485133,-128.4327278,Trudys (MOE),FR-7111,25,0.5,136,Incoming,145,27,136,136,52,57,20,52,58,,330,210,133,3,30,5:30:00
CC98010091,"Chatwin, Trudy",Kate A. Paul,CC,1998,7,20,201,20,38,125,0,0,0,Complete,Khutze,Khutze,Shore,Coastal,53.08485133,-128.4327278,Trudys (MOE),FR-7111,25,0.5,63,Incoming,63,23,0,,17,30,17,0,,,332,1238,,,,5:32:46
CC98010092,"Chatwin, Trudy",Bernard K. Schroeder,CC,1998,7,21,202,3,31,196,120,0,0,Complete,Khutze,Khutze,Shore,Coastal,53.08485133,-128.4327278,Trudys (MOE),FR-7111,25,0.5,125,Incoming,128,55,125,,58,61,39,58,,,331,211,121,4,30,5:31:00
NC01010055,"Stevenson, Doug",N.P. Holmes,NC,2001,5,1,121,3,46,150,84,0,0,Complete,Leverson Creek A,Leverson Creek A,Shore,Coastal,54.30639,-129.98598,CWS 1(Grampa),FR-8050D,0,0.5,104,Outgoing,65,104,46,,98,61,98,45,,,310,226,46,,,5:10:00
NC01010001,"Stevenson, Doug",N.P. Holmes,CC,2001,5,22,142,3,57,154,88,0,0,Complete,Aaltanhash,Aaltanhash River,Shore,Coastal,53.14232247,-128.4783913,CWS 1(Grampa),FR-8050D,0,0.5,28,Outgoing,30,28,19,28,28,30,28,19,28,,325,237,19,,,5:25:00
NC01010002,"Stevenson, Doug",N.P. Holmes,CC,2001,5,23,143,3,56,160,88,0,0,Complete,Aaltanhash,Aaltanhash River,Shore,Coastal,53.14232247,-128.4783913,CWS 1(Grampa),FR-8050D,0,0.5,21,Outgoing,27,21,13,,18,22,18,11,,,324,236,13,,,5:24:00
NC01010003,"Stevenson, Doug",N.P. Holmes,CC,2001,5,24,144,3,55,145,87,0,0,Complete,McIsaac_River,McIsaac_River,Shore,Coastal,53.13506755,-128.54395,CWS 1(Grampa),FR-8050D,0,0.5,29,Incoming,39,22,29,29,28,38,22,28,28,,322,235,29,,,5:22:00
NC01010004,"Stevenson, Doug",N.P. Holmes,CC,2001,5,25,145,3,54,146,87,0,0,Complete,McIsaac_River,McIsaac_River,Shore,Coastal,53.13506755,-128.54395,CWS 1(Grampa),FR-8050D,0,0.5,23,Outgoing,25,23,19,,20,25,20,19,,,321,234,19,,,5:21:00
NC01010005,"Stevenson, Doug",N.P. Holmes,CC,2001,5,26,146,3,55,136,85,0,0,Complete,Klekane,Klekane,Shore,Coastal,53.2411,-128.6846,CWS 1(Grampa),FR-8050D,0,0.5,22,Outgoing,21,22,16,22,20,21,20,16,20,,320,235,16,,,5:20:00
NC01010006,"Stevenson, Doug",N.P. Holmes,CC,2001,5,27,147,4,15,119,65,0,0,Complete,Klekane,Klekane,Shore,Coastal,53.2411,-128.6846,CWS 1(Grampa),FR-8050D,0,0.5,10,Outgoing,12,10,8,,10,11,10,7,,,320,255,8,,,5:20:00
NC01010007,"Stevenson, Doug",N.P. Holmes,NC,2001,5,31,151,3,57,114,77,0,0,Complete,Triumph_River,Triumph_River,Shore,Coastal,53.45174713,-128.6842686,CWS 1(Grampa),FR-8050D,0,0.5,7,Incoming,8,3,7,,7,8,3,7,,,314,237,7,,,5:14:00
NC01010008,"Stevenson, Doug",N.P. Holmes,NC,2001,6,1,152,3,59,135,75,0,0,Complete,Triumph_River,Triumph_River,Shore,Coastal,53.45174713,-128.6842686,CWS 1(Grampa),FR-8050D,0,0.5,16,Outgoing,23,16,13,16,16,21,16,13,16,,314,239,13,,,5:14:00
NC01010009,"Stevenson, Doug",N.P. Holmes,NC,2001,6,2,153,3,59,126,75,0,0,Complete,Unknown_5,Unknown_5,Shore,Coastal,53.69604543,-128.9411445,CWS 1(Grampa),FR-8050D,0,0.5,27,Incoming,35,18,27,,27,35,18,27,,,314,239,27,,,5:14:00
NC01010010,"Stevenson, Doug",N.P. Holmes,NC,2001,6,3,154,3,14,174,115,0,0,Complete,Kowesas River,Kowesas River,Shore,Coastal,53.33862601,-128.1102732,CWS 1(Grampa),FR-8050D,0,0.5,37,Outgoing,28,37,26,37,36,28,36,26,36,,309,194,25,1,25,5:09:00
NC01010011,"Stevenson, Doug",N.P. Holmes,NC,2001,6,4,155,3,45,111,83,0,0,Complete,Kowesas River,Kowesas River,Shore,Coastal,53.33862601,-128.1102732,CWS 1(Grampa),FR-8050D,0,0.5,33,Outgoing,28,33,27,,31,28,31,27,,,308,225,27,,,5:08:00
NC01010012,"Stevenson, Doug",N.P. Holmes,NC,2001,6,5,156,3,45,127,83,0,0,Complete,Kemano River,Kemano River,Shore,Coastal,53.47930648,-128.1373345,CWS 1(Grampa),FR-8050D,0,0.5,32,Outgoing,33,32,31,32,32,33,32,31,32,,308,225,31,,,5:08:00
NC01010013,"Stevenson, Doug",N.P. Holmes,NC,2001,6,6,157,3,44,110,83,0,0,Complete,Kemano River,Kemano River,Shore,Coastal,53.47930648,-128.1373345,CWS 1(Grampa),FR-8050D,0,0.5,26,Outgoing,14,26,14,,26,14,26,14,,,307,224,14,,,5:07:00
NC01010014,"Stevenson, Doug",N.P. Holmes,CC,2001,6,6,157,4,6,139,64,0,0,Complete,Khutze,Khutze,Shore,Coastal,53.08645497,-128.4334682,CWS 1(Grampa),FR-8050D,0,0.5,16,Outgoing,8,16,6,,16,8,16,6,,,310,246,6,,,5:10:00
NC01010015,"Stevenson, Doug",N.P. Holmes,NC,2001,6,7,158,3,42,150,84,0,0,Complete,Barrie Creek,Barrie Creek,Shore,Coastal,53.44774982,-128.278912,CWS 1(Grampa),FR-8050D,0,0.5,12,Outgoing,13,12,10,12,12,13,12,10,12,,306,222,10,,,5:06:00
NC01010016,"Stevenson, Doug",N.P. Holmes,NC,2001,6,8,159,3,42,150,84,0,0,Complete,Barrie Creek,Barrie Creek,Shore,Coastal,53.44774982,-128.278912,CWS 1(Grampa),FR-8050D,0,0.5,8,Outgoing,1,8,0,,8,1,8,0,,,306,222,,,,5:06:00
NC01010017,"Stevenson, Doug",N.P. Holmes,NC,2001,6,9,160,3,41,150,84,0,0,Complete,Brim River,Brim River,Shore,Coastal,53.50822275,-128.3703943,CWS 1(Grampa),FR-8050D,0,0.5,37,Outgoing,21,37,21,,35,21,35,21,,,305,221,21,,,5:05:00
NC01010018,"Stevenson, Doug",N.P. Holmes,NC,2001,6,11,162,3,40,150,84,0,0,Complete,Brim River,Brim River,Shore,Coastal,53.50822275,-128.3703943,CWS 1(Grampa),FR-8050D,0,0.5,49,Outgoing,26,49,25,49,49,26,49,25,49,,304,220,25,,,5:04:00
NC01010019,"Stevenson, Doug",N.P. Holmes,NC,2001,6,12,163,3,47,141,77,0,0,Complete,Kiltuish River,Kiltuish River,Shore,Coastal,53.33116026,-128.4871876,CWS 1(Grampa),FR-8050D,0,0.5,41,Outgoing,20,41,18,41,41,20,41,18,41,,304,227,18,,,5:04:00
NC01010020,"Stevenson, Doug",N.P. Holmes,NC,2001,6,13,164,3,49,139,75,0,0,Complete,Kiltuish River,Kiltuish River,Shore,Coastal,53.33116026,-128.4871876,CWS 1(Grampa),FR-8050D,0,0.5,38,Outgoing,28,38,20,,38,28,38,20,,,304,229,20,,,5:04:00
NC01010021,"Stevenson, Doug",N.P. Holmes,NC,2001,6,14,165,3,41,132,87,0,0,Complete,Unknown_5,Unknown_5,Shore,Coastal,53.69604543,-128.9411445,CWS 1(Grampa),FR-8050D,0,0.5,38,Outgoing,22,38,20,38,38,22,38,20,38,,308,221,20,,,5:08:00
NC01010023,"Stevenson, Doug",N.P. Holmes,NC,2001,6,15,166,3,47,138,80,0,0,Complete,Unknown_1,Unknown_1,Shore,Coastal,53.51567076,-129.0783163,CWS 1(Grampa),FR-8050D,0,0.5,32,Incoming,33,18,32,32,32,33,18,32,32,,307,227,32,,,5:07:00
NC01010022,"Stevenson, Doug",N.P. Holmes,NC,2001,6,15,166,3,58,150,66,0,0,Complete,Baker Inlet,Baker Inlet,Shore,Coastal,53.81570333,-129.8586533,CWS 1(Grampa),FR-8050D,0,0.5,38,Outgoing,49,38,36,38,34,45,32,34,34,,304,238,36,,,5:04:00
NC01010025,"Stevenson, Doug",N.P. Holmes,NC,2001,6,16,167,3,43,143,84,0,0,Complete,Unknown_1,Unknown_1,Shore,Coastal,53.51567076,-129.0783163,CWS 1(Grampa),FR-8050D,0,0.5,11,Incoming,13,10,11,,10,13,10,3,,,307,223,11,,,5:07:00
NC01010024,"Stevenson, Doug",N.P. Holmes,NC,2001,6,16,167,3,59,150,68,0,0,Complete,Baker Inlet,Baker Inlet,Shore,Coastal,53.81570333,-129.8586533,CWS 1(Grampa),FR-8050D,0,0.5,32,Incoming,38,28,32,,31,37,27,31,,,307,239,32,,,5:07:00
NC01010026,"Stevenson, Doug",N.P. Holmes,NC,2001,6,19,170,3,37,150,85,0,0,Complete,Chambers Creek,Chambers Creek #3,Shore,Coastal,54.93953775,-129.9262962,CWS 1(Grampa),FR-8050D,0,0.5,19,Outgoing,21,19,18,,19,21,19,18,,,302,217,18,,,5:02:00
NC01010027,"Stevenson, Doug",N.P. Holmes,NC,2001,6,20,171,3,37,117,85,11,,Excluded,Chambers Creek,Chambers Creek #2,Shore,Coastal,54.92199404,-129.9880562,CWS 1(Grampa),FR-8050D,0,0.5,22,Outgoing,14,22,14,,22,14,22,14,,Survey was ended early due to excessive rain.  Only 4 targets on the northwest side of bay. >10 minutes of interference,302,217,14,,,5:02:00
NC01010028,"Stevenson, Doug",N.P. Holmes,NC,2001,6,21,172,3,37,150,85,0,0,Complete,Chambers Creek,Chambers Creek #2,Shore,Coastal,54.92199404,-129.9880562,CWS 1(Grampa),FR-8050D,0,0.5,32,Outgoing,24,32,21,32,32,24,32,21,32,,302,217,21,,,5:02:00
NC01010029,"Stevenson, Doug",N.P. Holmes,NC,2001,6,22,173,3,38,82,84,15,0,Complete,Chambers Creek,Chambers Creek #2,Shore,Coastal,54.92199404,-129.9880562,CWS 1(Grampa),FR-8050D,0,0.5,31,Incoming,31,25,31,,31,31,24,31,,The survey was terminated at 5:15 due to heavy rain obscuring the screen for 15 minutes plus the cumulative other precipitation,302,218,31,,,5:02:00
NC01010030,"Stevenson, Doug",N.P. Holmes,NC,2001,6,23,174,3,38,150,85,0,0,Complete,Chambers Creek,Chambers Creek #3,Shore,Coastal,54.93953775,-129.9262962,CWS 1(Grampa),FR-8050D,0,0.5,56,Incoming,60,26,56,56,56,60,26,56,56,,303,218,56,,,5:03:00
NC01010031,"Stevenson, Doug",N.P. Holmes,NC,2001,6,24,175,3,34,153,89,0,0,Complete,Kwinamass River,Kwinamass River,Shore,Coastal,54.78271029,-130.1700723,CWS 1(Grampa),FR-8050D,0,0.5,244,Outgoing,32,244,19,,194,27,194,18,,,303,214,19,,,5:03:00
NC01010032,"Stevenson, Doug",N.P. Holmes,NC,2001,6,26,177,3,39,150,85,0,0,Complete,Kwinamass River,Kwinamass River,Shore,Coastal,54.78271029,-130.1700723,CWS 1(Grampa),FR-8050D,0,0.5,437,Outgoing,41,437,35,437,349,36,349,30,349,,304,219,35,,,5:04:00
NC01010033,"Stevenson, Doug",N.P. Holmes,NC,2001,6,27,178,3,43,146,81,0,0,Complete,Kwinamass River,Kwinamass River,Shore,Coastal,54.78271029,-130.1700723,CWS 1(Grampa),FR-8050D,0,0.5,401,Outgoing,44,401,28,,342,40,342,27,,,304,223,28,,,5:04:00
NC01010034,"Stevenson, Doug",N.P. Holmes,NC,2001,6,28,179,3,40,149,86,0,0,Complete,Leverson Creek A,Leverson Creek A,Shore,Coastal,54.30639,-129.98598,CWS 1(Grampa),FR-8050D,0,0.5,163,Outgoing,116,163,99,163,139,110,139,97,139,,306,220,99,,,5:06:00
NC01010035,"Stevenson, Doug",N.P. Holmes,NC,2001,6,29,180,3,41,148,86,0,0,Complete,Toon River,Toon River,Shore,Coastal,54.501614,-130.003383,CWS 1(Grampa),FR-8050D,0,0.5,120,Outgoing,78,120,69,120,119,77,119,68,119,,307,221,69,,,5:07:00
NC01010036,"Stevenson, Doug",N.P. Holmes,NC,2001,6,30,181,3,43,131,84,0,0,Complete,Toon River,Toon River,Shore,Coastal,54.501614,-130.003383,CWS 1(Grampa),FR-8050D,0,0.5,112,Outgoing,85,112,72,,108,84,108,71,,,307,223,72,,,5:07:00
NC01010037,"Stevenson, Doug",N.P. Holmes,NC,2001,7,1,182,3,59,107,69,0,0,Complete,McShane_Creek,McShane_Creek,Shore,Coastal,54.49358965,-130.045476,CWS 1(Grampa),FR-8050D,0,0.5,21,Outgoing,21,21,20,21,21,21,21,20,21,,308,239,20,,,5:08:00
NC01010038,"Stevenson, Doug",N.P. Holmes,NC,2001,7,2,183,3,57,109,72,0,0,Complete,McShane_Creek,McShane_Creek,Shore,Coastal,54.49358965,-130.045476,CWS 1(Grampa),FR-8050D,0,0.5,5,Incoming,5,3,5,,5,5,3,5,,,309,237,5,,,5:09:00
NC01010039,"Stevenson, Doug",N.P. Holmes,NC,2001,7,4,185,4,30,63,40,0,0,Complete,Leverson Creek A,Leverson Creek A,Shore,Coastal,54.30639,-129.98598,CWS 1(Grampa),FR-8050D,0,0.5,8,Outgoing,8,8,4,,7,7,7,4,,,310,270,4,,,5:10:00
NC01010040,"Stevenson, Doug",N.P. Holmes,NC,2001,7,8,189,3,58,82,75,58,,Complete,Khutzeymateen River,Khutzeymateen River,Shore,Coastal,54.600823,-129.93887,CWS 1(Grampa),FR-8050D,0,0.5,159,Outgoing,50,159,45,,137,49,137,45,,,313,238,45,,,5:13:00
NC01010041,"Stevenson, Doug",N.P. Holmes,NC,2001,7,9,190,3,59,140,76,0,0,Complete,Khutzeymateen River,Khutzeymateen River,Shore,Coastal,54.600823,-129.93887,CWS 1(Grampa),FR-8050D,0,0.5,176,Outgoing,36,176,33,176,152,36,152,33,152,,315,239,33,,,5:15:00
NC01010042,"Stevenson, Doug",N.P. Holmes,NC,2001,7,10,191,3,51,150,85,0,0,Complete,Cedar Creek,Cedar Creek,Shore,Coastal,54.60068871,-129.9639289,CWS 1(Grampa),FR-8050D,0,0.5,259,Outgoing,109,259,99,259,256,109,256,99,256,,316,231,99,,,5:16:00
NC01010043,"Stevenson, Doug",N.P. Holmes,NC,2001,7,11,192,4,17,116,60,0,0,Complete,Union_Inlet,Union_Inlet,Shore,Coastal,54.66254,-130.29716,CWS 1(Grampa),FR-8050D,0,0.5,21,Outgoing,14,21,13,21,20,14,20,13,20,,317,257,13,,,5:17:00
NC01010044,"Stevenson, Doug",N.P. Holmes,NC,2001,7,12,193,4,0,100,78,0,0,Complete,Union_Inlet,Union_Inlet,Shore,Coastal,54.66254,-130.29716,CWS 1(Grampa),FR-8050D,0,0.5,21,Incoming,21,14,21,21,20,20,14,20,20,,318,240,21,,,5:18:00
NC01010045,"Stevenson, Doug",N.P. Holmes,NC,2001,7,18,199,4,8,129,82,0,0,Complete,East Inlet,East Inlet,Shore,Coastal,53.70366979,-129.7149579,CWS 1(Grampa),FR-8050D,0,0.5,61,Incoming,69,45,61,61,49,55,37,49,49,,330,248,61,,,5:30:00
NC01010046,"Stevenson, Doug",N.P. Holmes,NC,2001,7,19,200,4,9,123,83,20,,Complete,East Inlet,East Inlet,Shore,Coastal,53.70366979,-129.7149579,CWS 1(Grampa),FR-8050D,0,0.5,51,Incoming,53,25,51,,31,32,21,31,,,332,249,51,,,5:32:00
NC01010047,"Stevenson, Doug",N.P. Holmes,NC,2001,7,20,201,4,20,57,73,27,,Complete,Kiskosh Creek,Kiskosh Creek,Shore,Coastal,53.55934384,-129.3412151,CWS 1(Grampa),FR-8050D,0,0.5,11,Outgoing,6,11,5,11,10,5,10,4,10,,333,260,5,,,5:33:00
NC01010048,"Stevenson, Doug",N.P. Holmes,CC,2001,7,21,202,4,16,150,79,0,0,Complete,Bay of Plenty,Bay of Plenty,Shore,Coastal,52.84002111,-128.771015,CWS 1(Grampa),FR-8050D,0,0.5,31,Outgoing,15,31,13,31,28,13,28,11,28,,335,256,13,,,5:35:00
NC01010049,"Stevenson, Doug",N.P. Holmes,NC,2001,7,21,202,4,21,75,74,0,0,Complete,Kiskosh Creek,Kiskosh Creek,Shore,Coastal,53.55934384,-129.3412151,CWS 1(Grampa),FR-8050D,0,0.5,9,Outgoing,4,9,4,,9,4,9,4,,,335,261,4,,,5:35:00
NC01010050,"Stevenson, Doug",N.P. Holmes,NC,2001,7,22,203,4,10,147,82,0,0,Complete,Gilttoyees,Gilttoyees Creek,Shore,Coastal,53.89086139,-128.9905966,CWS 1(Grampa),FR-8050D,0,0.5,94,Outgoing,79,94,73,94,83,75,83,70,83,,332,250,73,,,5:32:00
NC01010051,"Stevenson, Doug",N.P. Holmes,NC,2001,7,23,204,4,12,147,82,0,0,Complete,Gilttoyees,Gilttoyees Creek,Shore,Coastal,53.89086139,-128.9905966,CWS 1(Grampa),FR-8050D,0,0.5,85,Incoming,97,82,85,,81,92,76,81,,,334,252,85,,,5:34:00
NC01010052,"Stevenson, Doug",N.P. Holmes,CC,2001,7,24,205,4,17,139,80,0,0,Complete,Khutze,Khutze,Shore,Coastal,53.08645497,-128.4334682,CWS 1(Grampa),FR-8050D,0,0.5,89,Outgoing,55,89,55,89,87,47,87,47,87,,337,257,55,,,5:37:00
NC01010053,"Stevenson, Doug",N.P. Holmes,CC,2001,7,25,206,4,18,136,81,0,0,Complete,Green,Green,Shore,Coastal,52.94001234,-128.4106367,CWS 1(Grampa),FR-8050D,0,0.5,59,Incoming,69,32,59,59,47,55,28,47,47,,339,258,59,,,5:39:00
NC01010054,"Stevenson, Doug",N.P. Holmes,CC,2001,7,26,207,4,26,137,75,0,0,Complete,Green,Green,Shore,Coastal,52.94001234,-128.4106367,CWS 1(Grampa),FR-8050D,0,0.5,58,Incoming,64,54,58,,40,45,37,40,,,341,266,58,,,5:41:00
NC03010001,"Bertram, Doug",Judith Shapiro,NC,2003,6,6,157,3,9,180,120,0,0,Complete,Skeena,Skeena,Shore,Coastal,54.1736,-130.0176,CWS 1(Grampa),FR-8050D,0,0,40,Incoming,40,0,40,40,40,40,0,40,40,Estimated start and end times,309,189,,,,5:09:52
NC03010002,"Bertram, Doug",Judith Shapiro,NC,2003,6,15,166,3,9,165,120,15,,Complete,Newcombe Harbour,Newcombe Harbour,Shore,Coastal,53.7178,-130.0796,CWS 1(Grampa),FR-8050D,0,0,33,Incoming,33,0,33,33,33,33,0,33,33,Estimated start and end times,309,189,,,,5:09:20
NC03010003,"Bertram, Doug",Judith Shapiro,NC,2003,6,17,168,3,9,163,120,17,,Complete,Hevenor Inlet,Hevenor Inlet,Shore,Coastal,53.6528,-129.938,CWS 1(Grampa),FR-8050D,0,0,5,Incoming,5,0,5,5,5,5,0,5,5,Estimated start and end times,309,189,,,,5:09:01
NC03010004,"Bertram, Doug",Judith Shapiro,NC,2003,6,19,170,3,5,180,120,0,0,Complete,Ecstall,Ecstall,Shore,Coastal,54.159,-129.9535,CWS 1(Grampa),FR-8050D,0,0,9,Incoming,9,0,9,9,9,9,0,9,9,Estimated start and end times,305,185,,,,5:05:49
NC03010005,"Bertram, Doug",Judith Shapiro,NC,2003,6,20,171,3,6,152,120,28,,Complete,Kitkiata Inlet,Kitkiata Inlet,Shore,Coastal,53.6353,-129.2524,CWS 1(Grampa),FR-8050D,0,0,22,Incoming,22,0,22,,22,22,0,22,,Estimated start and end times,306,186,,,,5:06:33
NC03010006,"Bertram, Doug",Judith Shapiro,NC,2003,6,21,172,3,6,132,120,48,,Complete,Kitkiata Inlet,Kitkiata Inlet,Shore,Coastal,53.6353,-129.2524,CWS 1(Grampa),FR-8050D,0,0,32,Incoming,32,0,32,32,32,32,0,32,32,Estimated start and end times,306,186,,,,5:06:44
NC03010007,"Bertram, Doug",Judith Shapiro,CC,2003,6,22,173,3,9,180,120,0,0,Complete,Surf Inlet,Surf Inlet,Shore,Coastal,53.0232,-128.9115,CWS 1(Grampa),FR-8050D,0,0,85,Incoming,85,0,85,,85,85,0,85,,Estimated start and end times,309,189,,,,5:09:27
NC03010008,"Bertram, Doug",Judith Shapiro,CC,2003,6,23,174,3,9,180,120,0,0,Complete,Surf Inlet,Surf Inlet,Shore,Coastal,53.0232,-128.9115,CWS 1(Grampa),FR-8050D,0,0,87,Incoming,87,0,87,87,87,87,0,87,87,Estimated start and end times,309,189,,,,5:09:44
NC03010009,"Bertram, Doug",Judith Shapiro,CC,2003,6,24,175,3,10,180,120,0,0,Complete,Mellis Inlet,Mellis Inlet,Shore,Coastal,52.9016,-128.7197,CWS 1(Grampa),FR-8050D,0,0,58,Incoming,58,0,58,,58,58,0,58,,Estimated start and end times,310,190,,,,5:10:03
NC03010010,"Bertram, Doug",Judith Shapiro,CC,2003,6,25,176,3,10,180,120,0,0,Complete,Mellis Inlet,Mellis Inlet,Shore,Coastal,52.9016,-128.7197,CWS 1(Grampa),FR-8050D,0,0,154,Incoming,154,0,154,154,154,154,0,154,154,Estimated start and end times,310,190,,,,5:10:27
NC03010011,"Bertram, Doug",Judith Shapiro,CC,2003,6,28,179,3,9,180,120,0,0,Complete,Kynoch Inlet,Kynoch Inlet,Shore,Coastal,52.7561,-127.8888,CWS 1(Grampa),FR-8050D,0,0,107,Incoming,107,0,107,107,107,107,0,107,107,Estimated start and end times,309,189,,,,5:09:28
NC05010001A,"Bertram, Doug",Gary Kaiser,CC,2005,6,15,166,3,8,196,120,0,0,Complete,Green,Green,Shore,Coastal,52.940012,-128.410637,CWS 1(Grampa),FR-8050D,0,0.5,66,Outgoing,25,66,23,,66,25,66,23,,,308,188,,,,5:08:00
NC05010002A,"Bertram, Doug",Gary Kaiser,CC,2005,6,16,167,3,7,180,120,0,0,Complete,Green,Green,Shore,Coastal,52.940012,-128.410637,CWS 1(Grampa),FR-8050D,0,0.5,59,Outgoing,35,59,33,,59,35,59,33,,,307,187,,,,5:07:00
NC05010003A,"Bertram, Doug",N.P. Holmes,CC,2005,6,17,168,3,6,180,120,0,0,Complete,Khutze,Khutze,Shore,Coastal,53.08485133,-128.4327278,CWS 1(Grampa),FR-8050D,0,0.5,14,Incoming,25,8,14,,14,25,8,14,,,306,186,,,,5:06:00
NC05010004A,"Bertram, Doug",Gary Kaiser,CC,2005,6,17,168,3,6,180,120,0,0,Complete,Khutze,Khutze,Shore,Coastal,53.08485133,-128.4327278,CWS 1(Grampa),FR-8050D,0,0.5,14,Incoming,24,11,14,,14,24,11,14,,,306,186,,,,5:06:00
NC05010005A,"Bertram, Doug",N.P. Holmes,CC,2005,6,18,169,3,6,180,120,0,0,Complete,Khutze,Khutze,Shore,Coastal,53.08485133,-128.4327278,CWS 1(Grampa),FR-8050D,0,0.5,27,Incoming,27,26,27,27,27,27,26,27,27,,306,186,,,,5:06:00
NC05010006A,"Bertram, Doug",Gary Kaiser,CC,2005,6,18,169,3,6,180,120,0,0,Complete,Khutze,Khutze,Shore,Coastal,53.08485133,-128.4327278,CWS 1(Grampa),FR-8050D,0,0.5,24,Outgoing,23,24,21,,24,23,24,21,,,306,186,,,,5:06:00
NC05010001B,"Bertram, Doug",Gary Kaiser,NC,2005,6,19,170,3,4,180,120,0,0,Complete,Brim River,Brim River,Shore,Coastal,53.508223,-128.370394,CWS 5,FR-8050D,10,0.5,24,Incoming,24,15,24,,24,24,15,24,,,304,184,,,,5:04:00
NC05010001C,"Bertram, Doug",N.P. Holmes,NC,2005,6,19,170,3,4,180,120,0,0,Complete,Brim River,Brim River,Shore,Coastal,53.508223,-128.370394,CWS 5,FR-8050D,0,0.5,15,Incoming,15,14,15,,15,15,14,15,,,304,184,,,,5:04:00
NC05010002B,"Bertram, Doug",Gary Kaiser,NC,2005,6,20,171,3,4,180,120,0,0,Complete,Brim River,Brim River,Shore,Coastal,53.508223,-128.370394,CWS 5,FR-8050D,10,0.5,20,Outgoing,4,20,4,,20,4,20,4,,,304,184,,,,5:04:00
NC05010002C,"Bertram, Doug",N.P. Holmes,NC,2005,6,20,171,3,4,180,120,0,0,Complete,Brim River,Brim River,Shore,Coastal,53.508223,-128.370394,CWS 5,FR-8050D,0,0.5,21,Outgoing,1,21,1,,21,1,21,1,,,304,184,,,,5:04:00
NC05010003B,"Bertram, Doug",Gary Kaiser,NC,2005,6,21,172,3,4,180,120,0,0,Complete,Gilttoyees,Gilttoyees Creek,Shore,Coastal,53.89086139,-128.9905966,CWS 5,FR-8050D,10,0.5,23,Outgoing,20,23,20,,23,20,23,20,,,304,184,,,,5:04:00
NC05010003C,"Bertram, Doug",N.P. Holmes,NC,2005,6,21,172,3,4,180,120,0,0,Complete,Gilttoyees,Gilttoyees Creek,Shore,Coastal,53.89086139,-128.9905966,CWS 5,FR-8050D,0,0.5,48,Outgoing,8,48,8,,48,8,48,8,,,304,184,,,,5:04:00
NC05010004B,"Bertram, Doug",Gary Kaiser,NC,2005,6,22,173,3,6,180,120,0,0,Complete,Gilttoyees,Gilttoyees Creek,Shore,Coastal,53.89086139,-128.9905966,CWS 5,FR-8050D,10,0.5,108,Outgoing,49,108,49,108,108,49,108,49,108,,306,186,,,,5:06:00
NC05010004C,"Bertram, Doug",N.P. Holmes,NC,2005,6,23,174,3,8,180,120,0,0,Complete,East Inlet,East Inlet,Shore,Coastal,53.70367,-129.714958,CWS 5,FR-8050D,0,0.5,25,Outgoing,23,25,22,,25,23,25,22,,,308,188,,,,5:08:00
NC05010005B,"Bertram, Doug",Gary Kaiser,NC,2005,6,23,174,3,8,180,120,0,0,Complete,East Inlet,East Inlet,Shore,Coastal,53.70367,-129.714958,CWS 5,FR-8050D,10,0.5,84,Incoming,87,30,84,,84,87,30,84,,,308,188,,,,5:08:00
NC05010005C,"Bertram, Doug",N.P. Holmes,NC,2005,6,24,175,3,9,111,120,0,0,Complete,East Inlet,East Inlet,Shore,Coastal,53.70367,-129.714958,CWS 5,FR-8050D,0,0.5,34,Incoming,34,11,34,,34,34,11,34,,,309,189,,,,5:09:00
NC05010006B,"Bertram, Doug",Gary Kaiser,NC,2005,6,24,175,3,9,111,120,0,0,Complete,East Inlet,East Inlet,Shore,Coastal,53.70367,-129.714958,CWS 5,FR-8050D,10,0.5,83,Incoming,83,18,83,,83,83,18,83,,,309,189,,,,5:09:00
NC05010006C,"Bertram, Doug",N.P. Holmes,NC,2005,6,25,176,3,9,180,120,0,0,Complete,East Inlet,East Inlet,Shore,Coastal,53.70367,-129.714958,CWS 5,FR-8050D,0,0.5,32,Outgoing,19,32,19,,32,19,32,19,,,309,189,,,,5:09:00
NC05010007B,"Bertram, Doug",Gary Kaiser,NC,2005,6,25,176,3,9,180,120,0,0,Complete,East Inlet,East Inlet,Shore,Coastal,53.70367,-129.714958,CWS 5,FR-8050D,10,0.5,96,Incoming,100,78,96,96,96,100,78,96,96,,309,189,,,,5:09:00
NC05010007C,"Bertram, Doug",N.P. Holmes,NC,2005,6,26,177,3,9,180,120,0,0,Complete,Baker Inlet,Baker Inlet,Shore,Coastal,53.815704,-129.858653,CWS 5,FR-8050D,0,0.5,9,Incoming,9,9,9,,9,9,9,9,,,309,189,,,,5:09:00
NC05010008B,"Bertram, Doug",Gary Kaiser,NC,2005,6,26,177,3,9,180,120,0,0,Complete,Baker Inlet,Baker Inlet,Shore,Coastal,53.815704,-129.858653,CWS 5,FR-8050D,10,0.5,25,Incoming,25,19,25,,25,25,19,25,,,309,189,,,,5:09:00
NC05010008C,"Bertram, Doug",N.P. Holmes,NC,2005,6,27,178,3,10,180,120,0,0,Complete,Baker Inlet,Baker Inlet,Shore,Coastal,53.815704,-129.858653,CWS 5,FR-8050D,0,0.5,27,Incoming,27,9,27,,27,27,9,27,,,310,190,,,,5:10:00
NC05010009B,"Bertram, Doug",Gary Kaiser,NC,2005,6,27,178,3,10,180,120,0,0,Complete,Baker Inlet,Baker Inlet,Shore,Coastal,53.815704,-129.858653,CWS 5,FR-8050D,10,0.5,44,Incoming,44,21,44,,44,44,21,44,,,310,190,,,,5:10:00
NC05010009C,"Bertram, Doug",N.P. Holmes,NC,2005,6,29,180,3,7,180,120,0,0,Complete,Toon River,Toon River,Shore,Coastal,54.501614,-130.003383,CWS 5,FR-8050D,0,0.5,95,Outgoing,92,95,92,,95,92,95,92,,,307,187,,,,5:07:00
NC05010010B,"Bertram, Doug",Lillian Ball,NC,2005,6,29,180,3,7,180,120,0,0,Complete,Toon River,Toon River,Shore,Coastal,54.501614,-130.003383,CWS 5,FR-8050D,10,0.5,198,Incoming,199,143,198,,198,199,143,198,,,307,187,,,,5:07:00
NC05010010C,"Bertram, Doug",N.P. Holmes,NC,2005,6,30,181,3,8,167,120,13,,Complete,Toon River,Toon River,Shore,Coastal,54.501614,-130.003383,CWS 5,FR-8050D,0,0.5,95,Outgoing,87,95,85,,95,87,95,85,,,308,188,,,,5:08:00
NC05010011B,"Bertram, Doug",Lillian Ball,NC,2005,6,30,181,3,8,167,120,13,,Complete,Toon River,Toon River,Shore,Coastal,54.501614,-130.003383,CWS 5,FR-8050D,10,0.5,260,Incoming,267,254,260,260,260,267,254,260,260,,308,188,,,,5:08:00
NC05010011C,"Bertram, Doug",N.P. Holmes,NC,2005,7,1,182,3,7,180,120,0,0,Complete,Kwinamass River,Kwinamass River,Shore,Coastal,54.782712,-130.170072,CWS 5,FR-8050D,0,0.5,487,Outgoing,71,487,65,,487,71,487,65,,,307,187,,,,5:07:00
NC05010012B,"Bertram, Doug",Lillian Ball,NC,2005,7,1,182,3,7,180,120,0,0,Complete,Kwinamass River,Kwinamass River,Shore,Coastal,54.782712,-130.170072,CWS 5,FR-8050D,10,0.5,536,Outgoing,302,536,254,,536,302,536,254,,,307,187,,,,5:07:00
NC05010012C,"Bertram, Doug",N.P. Holmes,NC,2005,7,2,183,3,8,173,120,7,,Complete,Kwinamass River,Kwinamass River,Shore,Coastal,54.782712,-130.170072,CWS 5,FR-8050D,0,0.5,529,Outgoing,168,529,165,,529,168,529,165,,,308,188,,,,5:08:00
NC05010013B,"Bertram, Doug",Lillian Ball,NC,2005,7,2,183,3,8,170,120,10,,Complete,Kwinamass River,Kwinamass River,Shore,Coastal,54.782712,-130.170072,CWS 5,FR-8050D,10,0.5,604,Outgoing,375,604,366,,604,375,604,366,,,308,188,,,,5:08:00
NC05010013C,"Bertram, Doug",Nikki Krocker,NC,2005,7,3,184,3,10,137,120,43,,Complete,Khutzeymateen River,Khutzeymateen River,Shore,Coastal,54.600823,-129.93887,CWS 5,FR-8050D,0,0.5,142,Outgoing,45,142,41,,142,45,142,41,,,310,190,,,,5:10:00
NC05010014B,"Bertram, Doug",N.P. Holmes,NC,2005,7,3,184,3,10,36,120,144,,Complete,Khutzeymateen River,Khutzeymateen River,Shore,Coastal,54.600823,-129.93887,CWS 5,FR-8050D,10,0.5,134,Outgoing,23,134,21,,134,23,134,21,,,310,190,,,,5:10:00
NC05010014C,"Bertram, Doug",N.P. Holmes,NC,2005,7,5,186,21,17,120,60,0,0,Complete,Khutzeymateen River,Khutzeymateen River,Shore,Coastal,54.600823,-129.93887,CWS 5,FR-8050D,0,0.5,302,Outgoing,20,302,0,302,302,20,302,0,302,,1337,1277,,,,22:17:00
NC05010015C,"Bertram, Doug",N.P. Holmes,NC,2005,7,6,187,3,12,153,120,27,,Complete,Khutzeymateen River,Khutzeymateen River,Shore,Coastal,54.600823,-129.93887,CWS 5,FR-8050D,0,0.5,209,Outgoing,28,209,21,,209,28,209,21,,,312,192,,,,5:12:00
NC05010015B,"Bertram, Doug",N.P. Holmes,NC,2005,7,7,188,21,16,120,60,0,0,Complete,Toon River,Toon River,Shore,Coastal,54.501614,-130.003383,CWS 5,FR-8050D,10,0.5,84,Outgoing,37,84,0,,84,37,84,0,,,1336,1276,,,,22:16:00
NC05010016B,"Bertram, Doug",Nikki Krocker,NC,2005,7,9,190,3,16,85,120,95,,Complete,Toon River,Toon River,Shore,Coastal,54.501614,-130.003383,CWS 5,FR-8050D,10,0.5,83,Incoming,90,62,83,,83,90,62,83,,,316,196,,,,5:16:00
NC05010016C,"Bertram, Doug",N.P. Holmes,NC,2005,7,9,190,3,16,63,120,117,,Complete,Toon River,Toon River,Shore,Coastal,54.501614,-130.003383,CWS 5,FR-8050D,0,0.5,105,Incoming,115,61,105,,105,115,61,105,,,316,196,,,,5:16:00
NC05010017B,"Bertram, Doug",N.P. Holmes,NC,2005,7,11,192,3,17,180,120,0,0,Complete,Kwinamass River,Kwinamass River,Shore,Coastal,54.782712,-130.170072,CWS 5,FR-8050D,10,0.5,1281,Outgoing,186,1281,180,1281,1281,186,1281,180,1281,,317,197,,,,5:17:00
NC05010018B,"Bertram, Doug",Lillian Ball,NC,2005,7,12,193,3,18,180,120,0,0,Complete,Kwinamass River,Kwinamass River,Shore,Coastal,54.782712,-130.170072,CWS 5,FR-8050D,10,0.5,745,Outgoing,174,745,174,,745,174,745,174,,,318,198,,,,5:18:00
NC05010019B,"Bertram, Doug",N.P. Holmes,NC,2005,7,12,193,21,12,120,60,0,0,Complete,Khutzeymateen River,Khutzeymateen River,Shore,Coastal,54.600823,-129.93887,CWS 5,FR-8050D,10,0.5,130,Outgoing,51,130,0,,130,51,130,0,,,1332,1272,,,,22:12:00
NC05010020B,"Bertram, Doug",Lillian Ball,NC,2005,7,13,194,3,19,150,120,30,,Complete,Khutzeymateen River,Khutzeymateen River,Shore,Coastal,54.600823,-129.93887,CWS 5,FR-8050D,10,0.5,208,Outgoing,50,208,31,,208,50,208,31,,,319,199,,,,5:19:00
NC05010017C,"Bertram, Doug",N.P. Holmes,NC,2005,7,16,197,3,28,180,120,0,0,Complete,Baker Inlet,Baker Inlet,Shore,Coastal,53.815704,-129.858653,CWS 5,FR-8050D,0,0.5,38,Incoming,41,33,38,,38,41,33,38,,,328,208,,,,5:28:00
NC05010021B,"Bertram, Doug",Nikki Krocker,NC,2005,7,16,197,3,28,180,120,0,0,Complete,Baker Inlet,Baker Inlet,Shore,Coastal,53.815704,-129.858653,CWS 5,FR-8050D,10,0.5,46,Incoming,53,35,46,46,46,53,35,46,46,,328,208,,,,5:28:00
NC05010018C,"Bertram, Doug",N.P. Holmes,NC,2005,7,17,198,3,29,180,120,0,0,Complete,Baker Inlet,Baker Inlet,Shore,Coastal,53.815704,-129.858653,CWS 5,FR-8050D,0,0.5,23,Outgoing,19,23,18,,23,19,23,18,,,329,209,,,,5:29:00
NC05010022B,"Bertram, Doug",Nikki Krocker,NC,2005,7,17,198,3,29,180,120,0,0,Complete,Baker Inlet,Baker Inlet,Shore,Coastal,53.815704,-129.858653,CWS 5,FR-8050D,10,0.5,22,Outgoing,19,22,19,,22,19,22,19,,,329,209,,,,5:29:00
NC05010019C,"Bertram, Doug",N.P. Holmes,NC,2005,7,18,199,3,30,180,120,0,0,Complete,East Inlet,East Inlet,Shore,Coastal,53.70367,-129.714958,CWS 5,FR-8050D,0,0.5,63,Outgoing,22,63,22,,63,22,63,22,,,330,210,,,,5:30:00
NC05010023B,"Bertram, Doug",Nikki Krocker,NC,2005,7,18,199,3,30,180,120,0,0,Complete,East Inlet,East Inlet,Shore,Coastal,53.70367,-129.714958,CWS 5,FR-8050D,10,0.5,80,Outgoing,69,80,69,,80,69,80,69,,,330,210,,,,5:30:00
NC05010020C,"Bertram, Doug",Nikki Krocker,NC,2005,7,19,200,3,31,180,120,0,0,Complete,East Inlet,East Inlet,Shore,Coastal,53.70367,-129.714958,CWS 5,FR-8050D,0,0.5,37,Outgoing,13,37,13,,37,13,37,13,,,331,211,,,,5:31:00
NC05010024B,"Bertram, Doug",Lillian Ball,NC,2005,7,19,200,3,31,180,120,0,0,Complete,East Inlet,East Inlet,Shore,Coastal,53.70367,-129.714958,CWS 5,FR-8050D,10,0.5,94,Incoming,97,81,94,,94,97,81,94,,,331,211,,,,5:31:00
NC05010021C,"Bertram, Doug",N.P. Holmes,NC,2005,7,20,201,3,29,180,120,0,0,Complete,Brim River,Brim River,Shore,Coastal,53.508223,-128.370394,CWS 5,FR-8050D,0,0.5,9,Outgoing,9,9,8,,9,9,9,8,,,329,209,,,,5:29:00
NC05010025B,"Bertram, Doug",Nikki Krocker,NC,2005,7,20,201,3,29,180,120,0,0,Complete,Brim River,Brim River,Shore,Coastal,53.508223,-128.370394,CWS 5,FR-8050D,10,0.5,11,Incoming,12,11,11,,11,12,11,11,,,329,209,,,,5:29:00
NC05010022C,"Bertram, Doug",Nikki Krocker,NC,2005,7,21,202,3,31,180,120,0,0,Complete,Brim River,Brim River,Shore,Coastal,53.508223,-128.370394,CWS 5,FR-8050D,0,0.5,20,Outgoing,15,20,15,,20,15,20,15,,,331,211,,,,5:31:00
NC05010026B,"Bertram, Doug",Lillian Ball,NC,2005,7,21,202,3,31,180,120,0,0,Complete,Brim River,Brim River,Shore,Coastal,53.508223,-128.370394,CWS 5,FR-8050D,10,0.5,75,Incoming,79,51,75,75,75,79,51,75,75,,331,211,,,,5:31:00
NC05010023C,"Bertram, Doug",N.P. Holmes,NC,2005,7,22,203,3,33,180,120,0,0,Complete,Gilttoyees,Gilttoyees Creek,Shore,Coastal,53.89086139,-128.9905966,CWS 5,FR-8050D,0,0.5,20,Incoming,20,17,20,,20,20,17,20,,,333,213,,,,5:33:00
NC05010027B,"Bertram, Doug",Nikki Krocker,NC,2005,7,22,203,3,33,180,120,0,0,Complete,Gilttoyees,Gilttoyees Inlet,Shore,Coastal,53.891338,-128.990825,CWS 5,FR-8050D,10,0.5,40,Outgoing,8,40,8,40,40,8,40,8,40,,333,213,,,,5:33:00
NC05010024C,"Bertram, Doug",Nikki Krocker,NC,2005,7,23,204,3,34,180,120,0,0,Complete,Gilttoyees,Gilttoyees Creek,Shore,Coastal,53.89086139,-128.9905966,CWS 5,FR-8050D,0,0.5,70,Outgoing,29,70,27,,70,29,70,27,,,334,214,,,,5:34:00
NC05010028B,"Bertram, Doug",Lillian Ball,NC,2005,7,23,204,3,34,180,120,0,0,Complete,Gilttoyees,Gilttoyees Creek,Shore,Coastal,53.89086139,-128.9905966,CWS 5,FR-8050D,10,0.5,78,Incoming,87,70,78,,78,87,70,78,,,334,214,,,,5:34:00
NC05010025C,"Bertram, Doug",N.P. Holmes,CC,2005,7,24,205,3,38,180,120,0,0,Complete,Aaltanhash,Aaltanhash River,Shore,Coastal,53.142,-128.4783913,CWS 5,FR-8050D,0,0.5,25,Outgoing,20,25,15,,25,20,25,15,,,338,218,,,,5:38:00
NC05010029B,"Bertram, Doug",Lillian Ball,CC,2005,7,24,205,3,38,180,120,0,0,Complete,Aaltanhash,Aaltanhash River,Shore,Coastal,53.142,-128.4783913,CWS 5,FR-8050D,10,0.5,41,Outgoing,42,41,37,41,41,42,41,37,41,,338,218,,,,5:38:00
NC05010026C,"Bertram, Doug",N.P. Holmes,CC,2005,7,25,206,3,39,180,120,0,0,Complete,Aaltanhash,Aaltanhash River,Shore,Coastal,53.142,-128.4783913,CWS 5,FR-8050D,0,0.5,15,Outgoing,14,15,14,,15,14,15,14,,,339,219,,,,5:39:00
NC05010030B,"Bertram, Doug",Lillian Ball,CC,2005,7,25,206,3,39,180,120,0,0,Complete,Aaltanhash,Aaltanhash River,Shore,Coastal,53.142,-128.4783913,CWS 5,FR-8050D,10,0.5,31,Incoming,33,24,31,,31,33,24,31,,,339,219,,,,5:39:00
NC05010027C,"Bertram, Doug",N.P. Holmes,CC,2005,7,26,207,3,41,180,120,0,0,Complete,Khutze,Khutze Inlet,Shore,Coastal,53.086455,-128.433468,CWS 5,FR-8050D,0,0.5,22,Incoming,25,20,22,,22,25,20,22,,,341,221,,,,5:41:00
NC05010031B,"Bertram, Doug",Lillian Ball,CC,2005,7,26,207,3,41,180,120,0,0,Complete,Khutze,Khutze Inlet,Shore,Coastal,53.086455,-128.433468,CWS 5,FR-8050D,10,0.5,46,Incoming,50,35,46,,46,50,35,46,,,341,221,,,,5:41:00
NC05010028C,"Bertram, Doug",N.P. Holmes,CC,2005,7,27,208,3,42,161,120,19,,Complete,Khutze,Khutze Inlet,Shore,Coastal,53.086455,-128.433468,CWS 5,FR-8050D,0,0.5,22,Outgoing,17,22,15,,22,17,22,15,,,342,222,,,,5:42:00
NC05010032B,"Bertram, Doug",Lillian Ball,CC,2005,7,27,208,3,42,168,120,12,,Complete,Khutze,Khutze Inlet,Shore,Coastal,53.086455,-128.433468,CWS 5,FR-8050D,10,0.5,47,Incoming,54,32,47,47,47,54,32,47,47,,342,222,,,,5:42:00
NC05010029C,"Bertram, Doug",N.P. Holmes,CC,2005,7,28,209,3,44,180,120,0,0,Complete,Green,Green,Shore,Coastal,52.940012,-128.410637,CWS 5,FR-8050D,0,0.5,79,Incoming,82,22,79,,79,82,22,79,,,344,224,,,,5:44:00
NC05010033B,"Bertram, Doug",Lillian Ball,CC,2005,7,28,209,3,44,180,120,0,0,Complete,Green,Green,Shore,Coastal,52.940012,-128.410637,CWS 5,FR-8050D,10,0.5,160,Incoming,171,25,160,160,160,171,25,160,160,,344,224,,,,5:44:00
NC05010030C,"Bertram, Doug",Lillian Ball,CC,2005,7,29,210,3,46,180,120,0,0,Complete,Green,Green,Shore,Coastal,52.940012,-128.410637,CWS 5,FR-8050D,0,0.5,84,Incoming,104,35,84,,84,104,35,84,,,346,226,,,,5:46:00
NC05010034B,"Bertram, Doug",N.P. Holmes,CC,2005,7,29,210,3,46,180,120,0,0,Complete,Green,Green,Shore,Coastal,52.940012,-128.410637,CWS 5,FR-8050D,10,0.5,44,Incoming,54,26,44,,44,54,26,44,,,346,226,,,,5:46:00
NC05010035B,"Bertram, Doug",N.P. Holmes,NC,2005,8,7,219,3,15,127,120,53,,Complete,Toon River,Toon River,Shore,Coastal,54.501614,-130.003383,CWS 5,FR-8050D,10,0.5,139,Outgoing,114,139,99,,139,114,139,99,,,315,195,,,,5:15:00
NC0901A0001,"Bertram, Doug",Bernard K. Schroeder,NC,2009,5,29,149,3,14,0,120,120,,Excluded,Kwinamass River,Kwinamass River,Shore,Coastal,54.78476078,-130.1699293,CWS 5,FR-8050D,10,0.75,0,,0,0,0,,0,0,0,0,,Hard rain throughout survey.,314,194,,,,5:14:00
NC0901A0002,"Bertram, Doug",Lisa L. Bland,NC,2009,5,30,150,3,13,53,120,70,,Excluded,Kwinamass River,Kwinamass River,Shore,Coastal,54.78476078,-130.1699293,CWS 5,FR-8050D,10,0.75,50,Outgoing,20,50,20,,50,20,50,20,,"Intermittent rain throughout survey, 40 min screen obstruction during peak - RAINOUT",313,193,17,3,30,5:13:00
NC0901B0001,"Bertram, Doug",Bernard K. Schroeder,NC,2009,5,30,150,3,13,53,120,70,,Excluded,Kwinamass River,Kwinamass River,Shore,Coastal,54.78476078,-130.1699293,RESL 2,FR-8122,25,0.75,106,Incoming,106,100,106,,86,86,73,86,,EXTENSIVE RAIN SQUALLS FROM WEST,313,193,95,11,30,5:13:00
NC0901A0003,"Bertram, Doug",Lisa L. Bland,NC,2009,5,31,151,3,12,210,120,0,,Complete,Kwinamass River,Kwinamass River,Shore,Coastal,54.78476078,-130.1699293,CWS 5,FR-8050D,10,0.75,356,Outgoing,154,356,151,,249,138,249,136,,NO AV SURVEY,312,192,141,10,30,5:12:00
NC0901B0002,"Bertram, Doug",Bernard K. Schroeder,NC,2009,5,31,151,3,12,210,120,0,,Complete,Kwinamass River,Kwinamass River,Shore,Coastal,54.78476078,-130.1699293,RESL 2,FR-8122,25,0.75,553,Incoming,559,425,553,,405,409,287,405,,most MAMU's are flying across the headland at some elevation and are being missed by the 10°TILT radar,312,192,516,37,30,5:12:00
NC0901A0004,"Bertram, Doug",Lisa L. Bland,NC,2009,6,1,152,3,11,210,120,0,,Complete,Khutzeymateen River,Khutzeymateen River,Shore,Coastal,54.60391185,-129.9333986,CWS 5,FR-8050D,10,0.75,246,Outgoing,63,246,63,,183,52,183,52,,AV survey conducted from boat.,311,191,62,1,30,5:11:00
NC0901B0003,"Bertram, Doug",Bernard K. Schroeder,NC,2009,6,1,152,3,11,210,120,0,,Complete,Khutzeymateen River,Khutzeymateen River,Shore,Coastal,54.60391185,-129.9333986,RESL 2,FR-8122,25,0.75,358,Outgoing,308,358,308,,254,214,254,214,,most MAMU are flying across ridgeline just west of estuary to access Khutzeymateen,311,191,276,32,30,5:11:00
NC0901A0005,"Bertram, Doug",Bernard K. Schroeder,NC,2009,6,1,152,21,33,90,0,0,,Complete,Khutzeymateen River,Khutzeymateen River,Shore,Coastal,54.60391185,-129.9333986,CWS 5,FR-8050D,10,0.75,6,Outgoing,0,6,0,,6,0,6,0,,AV survey conducted from boat.,311,1293,,,,5:11:00
NC0901A0006,"Bertram, Doug",Lisa L. Bland,NC,2009,6,2,153,3,10,180,120,0,,Complete,Khutzeymateen River,Khutzeymateen River,Shore,Coastal,54.60391185,-129.9333986,CWS 5,FR-8050D,10,0.75,224,Outgoing,60,224,60,,191,52,191,52,,AV survey conducted from boat.,310,190,57,3,30,5:10:00
NC0901B0004,"Bertram, Doug",Bernard K. Schroeder,NC,2009,6,2,153,3,10,180,120,0,,Complete,Khutzeymateen River,Khutzeymateen River,Shore,Coastal,54.60391185,-129.9333986,RESL 2,FR-8122,25,0.75,372,Outgoing,302,372,302,,270,231,270,231,,Flying across hillside inland,310,190,271,31,30,5:10:00
NC0901A0007,"Bertram, Doug",Lisa L. Bland,NC,2009,6,3,154,3,10,150,120,0,,Complete,Toon River,Toon River,Shore,Coastal,54.50518413,-129.9997488,CWS 5,FR-8050D,10,0.75,140,Outgoing,100,140,100,,94,90,94,90,,AV survey conducted from boat.,310,190,90,10,30,5:10:00
NC0901B0005,"Bertram, Doug",Bernard K. Schroeder,NC,2009,6,3,154,3,10,150,120,0,,Complete,Toon River,Toon River,Shore,Coastal,54.50518413,-129.9997488,RESL 2,FR-8122,25,0.75,269,Outgoing,221,269,221,,173,155,173,155,,anchored at north side of head of inlet,310,190,196,25,30,5:10:00
NC0901A0008,"Bertram, Doug",Bernard K. Schroeder,NC,2009,6,3,154,21,33,90,0,0,,Complete,Toon River,Toon River,Shore,Coastal,54.50518413,-129.9997488,CWS 5,FR-8050D,10,0.75,5,Outgoing,4,5,0,,5,3,5,0,,Bats foraging above water surface visual and radar,310,1293,,,,5:10:00
NC0901A0009,"Bertram, Doug",Lisa L. Bland,NC,2009,6,4,155,3,9,180,120,0,,Complete,Toon River,Toon River,Shore,Coastal,54.50518413,-129.9997488,CWS 5,FR-8050D,10,0.75,146,Outgoing,71,146,71,,115,62,115,62,,NO AV SURVEY,309,189,70,1,30,5:09:00
NC0901B0006,"Bertram, Doug",Bernard K. Schroeder,NC,2009,6,4,155,3,9,180,120,0,,Complete,Toon River,Toon River,Shore,Coastal,54.50518413,-129.9997488,RESL 2,FR-8122,25,0.75,250,Outgoing,181,250,180,,181,138,181,137,,"there are targets flying inbound that look like they could be MAMU due to target size and behaviour, but are flying a little slow at 2.3-2.5 mm; no headwind or AV confirmation, so assumed not to be MAMU",309,189,162,18,30,5:09:00
NC0901A0010,"Bertram, Doug",Lisa L. Bland,NC,2009,6,5,156,3,12,183,120,0,,Complete,Baker Inlet,Baker Inlet,Shore,Coastal,53.80950635,-129.8503712,CWS 5,FR-8050D,10,0.75,13,Outgoing,11,13,10,,11,11,11,10,,"very narrow inlet; could survey at 0.5 nm range, but some good radar fences to hillsides",312,192,10,,,5:12:00
NC0901B0007,"Bertram, Doug",Bernard K. Schroeder,NC,2009,6,5,156,3,12,183,120,0,,Complete,Baker Inlet,Baker Inlet,Shore,Coastal,53.80950635,-129.8503712,RESL 2,FR-8122,25,0.75,51,Outgoing,23,51,21,,42,19,42,17,,NOTE: most MAMU targets already dispersed into side slopes--no longer following along water of inlet,312,192,20,1,30,5:12:00
NC0901A0011,"Bertram, Doug",Lisa L. Bland,NC,2009,6,6,157,3,11,180,120,0,,Complete,Baker Inlet,Baker Inlet,Shore,Coastal,53.80950635,-129.8503712,CWS 5,FR-8050D,10,0.75,16,Outgoing,9,16,9,,14,8,14,8,,AV survey conducted from boat.,311,191,9,,,5:11:00
NC0901B0008,"Bertram, Doug",Bernard K. Schroeder,NC,2009,6,6,157,3,11,180,120,0,,Complete,Baker Inlet,Baker Inlet,Shore,Coastal,53.80950635,-129.8503712,RESL 2,FR-8122,25,0.75,47,Outgoing,42,47,42,,37,33,37,33,,"Various flight paths into this area; low topography, orientation of inlet are likely factors",311,191,39,3,30,5:11:00
NC0901A0012,"Bertram, Doug",Bernard K. Schroeder,CC,2009,6,6,157,22,0,28,0,0,,Complete,Aaltanhash,Aaltanhash,Shore,Coastal,53.13724344,-128.4783781,CWS 5,FR-8050D,10,0.75,2,Incoming,2,0,0,0,0,1,0,0,0,AV survey conducted from boat.,310,1320,,,,5:10:00
NC0901A0013,"Bertram, Doug",Lisa L. Bland,CC,2009,6,7,158,3,9,180,120,0,,Complete,Aaltanhash,Aaltanhash River,Shore,Coastal,53.14175506,-128.478144,CWS 5,FR-8050D,10,0.75,47,Incoming,57,6,47,,42,50,6,42,,AV survey conducted from boat.,309,189,47,,,5:09:00
NC0901B0009,"Bertram, Doug",Bernard K. Schroeder,CC,2009,6,7,158,3,9,180,120,0,,Complete,Aaltanhash,Aaltanhash River,Shore,Coastal,53.14175506,-128.478144,RESL 2,FR-8122,25,0.75,92,Incoming,93,60,92,,78,79,49,78,,RE-ANCHOR OFF HEAD CREEK; NO BEACH LINE,309,189,91,1,30,5:09:00
NC0901A0014,"Bertram, Doug",Lisa L. Bland,CC,2009,6,8,159,3,8,180,120,0,,Complete,Aaltanhash,Aaltanhash River,Shore,Coastal,53.14175506,-128.478144,CWS 5,FR-8050D,10,0.75,64,Outgoing,42,64,41,,50,38,50,37,,AV survey conducted from boat.,308,188,41,,,5:08:00
NC0901B0010,"Bertram, Doug",Bernard K. Schroeder,CC,2009,6,8,159,3,8,180,120,0,,Complete,Aaltanhash,Aaltanhash River,Shore,Coastal,53.14175506,-128.478144,RESL 2,FR-8122,25,0.75,95,Incoming,95,77,95,,80,80,62,80,,there are a couple of targets circling fairly constantly in Head Creek area,308,188,94,1,30,5:08:00
NC0901A0015,"Bertram, Doug",Lisa L. Bland,CC,2009,6,9,160,3,9,198,120,0,,Complete,Green,Green,Shore,Coastal,52.93937486,-128.4107941,CWS 5,FR-8050D,10,0.75,115,Outgoing,71,115,68,,102,68,102,65,,AV survey conducted from boat.,309,189,66,2,30,5:09:00
NC0901B0011,"Bertram, Doug",Bernard K. Schroeder,CC,2009,6,9,160,3,9,198,120,0,,Complete,Green,Green,Shore,Coastal,52.93937486,-128.4107941,RESL 2,FR-8122,25,0.75,178,Outgoing,112,178,104,178,151,98,151,91,151,"AV: NOISE INTERFERENCE FROM TIDAL FALLS, AND BIRDS (SWTH;HETH;AMRO)",309,189,102,2,30,5:09:00
NC0901A0016,"Bertram, Doug",Bernard K. Schroeder,CC,2009,6,9,160,21,26,90,0,0,,Complete,Green,Green,Shore,Coastal,52.93937486,-128.4107941,CWS 5,FR-8050D,10,0.75,0,,0,0,0,,0,0,0,0,,,309,1286,,,,5:09:00
NC0901A0017,"Bertram, Doug",Lisa L. Bland,CC,2009,6,10,161,3,8,210,120,0,,Complete,Green,Green,Shore,Coastal,52.93937486,-128.4107941,CWS 5,FR-8050D,10,0.75,123,Outgoing,78,123,76,,111,75,111,74,,AV survey conducted from boat.,308,188,74,2,30,5:08:00
NC0901B0012,"Bertram, Doug",Bernard K. Schroeder,CC,2009,6,10,161,3,8,210,120,0,,Complete,Green,Green,Shore,Coastal,52.93937486,-128.4107941,RESL 2,FR-8122,25,0.75,167,Outgoing,169,167,163,,138,143,138,138,,MAMU are accessing Green Lagoon by land to the east in addition to along Green Inlet,308,188,153,10,30,5:08:00
NC0901A0018,"Bertram, Doug",Lisa L. Bland,CC,2009,6,11,162,3,7,181,120,0,,Complete,Khutze,Khutze,Shore,Coastal,53.08519245,-128.4364111,CWS 5,FR-8050D,10,0.75,188,Outgoing,172,188,161,,158,164,158,154,,AV survey conducted from boat.,307,187,155,6,30,5:07:00
NC0901B0013,"Bertram, Doug",Bernard K. Schroeder,CC,2009,6,11,162,3,7,181,120,0,,Complete,Khutze,Khutze,Shore,Coastal,53.08519245,-128.4364111,RESL 2,FR-8122,25,0.75,302,Incoming,328,201,302,,238,257,153,238,,Many MAMU incoming are flying in via the side of the inlet north of the Khutze River mouth,307,187,289,13,30,5:07:00
NC0901A0019,"Bertram, Doug",Bernard K. Schroeder,CC,2009,6,11,162,21,45,75,0,0,,Complete,Khutze,Khutze,Shore,Coastal,53.08519245,-128.4364111,CWS 5,FR-8050D,10,0.75,52,Incoming,52,22,0,,17,44,17,0,,AV survey conducted from boat.,307,1305,,,,5:07:00
NC0901A0020,"Bertram, Doug",Lisa L. Bland,CC,2009,6,12,163,3,7,189,120,0,,Complete,Khutze,Khutze,Shore,Coastal,53.08519245,-128.4364111,CWS 5,FR-8050D,10,0.75,244,Incoming,253,185,244,,228,236,158,228,,NO AV SURVEY - A FEW FAST FLYING SPECIES NOTED FROM INSIDE BOAT.,307,187,240,4,30,5:07:00
NC0901B0014,"Bertram, Doug",Bernard K. Schroeder,CC,2009,6,12,163,3,7,189,120,0,,Complete,Khutze,Khutze,Shore,Coastal,53.08519245,-128.4364111,RESL 2,FR-8122,25,0.75,416,Incoming,462,172,416,416,295,328,133,295,295,some incoming flightpaths are north of the Khutze River mouth,307,187,403,13,30,5:07:00
NC0901A0021,"Bertram, Doug",Lisa L. Bland,NC,2009,6,13,164,3,4,180,120,0,,Complete,Brim River,Brim River,Shore,Coastal,53.50836872,-128.3690954,CWS 5,FR-8050D,10,0.75,159,Incoming,161,80,159,,154,155,77,154,,AV survey conducted from boat.,304,184,152,7,30,5:04:00
NC0901B0015,"Bertram, Doug",Bernard K. Schroeder,NC,2009,6,13,164,3,4,180,120,0,,Complete,Brim River,Brim River,Shore,Coastal,53.50836872,-128.3690954,RESL 2,FR-8122,25,0.75,250,Incoming,255,105,250,250,236,240,94,236,236,70% viewscape obstruction for TILT25 radar to to boat's mast; TILT10 radar not obstructed,304,184,239,11,30,5:04:00
NC0901A0022,"Bertram, Doug",Bernard K. Schroeder,NC,2009,6,13,164,21,32,90,0,0,,Complete,Brim River,Brim River,Shore,Coastal,53.50836872,-128.3690954,CWS 5,FR-8050D,10,0.75,14,Outgoing,0,14,0,,8,0,8,0,,AV survey conducted from boat.,304,1292,,,,5:04:00
NC0901A0023,"Bertram, Doug",Lisa L. Bland,NC,2009,6,14,165,3,4,180,120,0,,Complete,Brim River,Brim River,Shore,Coastal,53.50836872,-128.3690954,CWS 5,FR-8050D,10,0.75,170,Incoming,171,56,170,,152,153,53,152,,AV survey conducted from boat.,304,184,166,4,30,5:04:00
NC0901B0016,"Bertram, Doug",Bernard K. Schroeder,NC,2009,6,14,165,3,4,180,120,0,,Complete,Brim River,Brim River,Shore,Coastal,53.50836872,-128.3690954,RESL 2,FR-8122,25,0.75,250,Incoming,250,123,250,250,209,209,99,209,236,,304,184,241,9,30,5:04:00
NC0901A0024,"Bertram, Doug",Lisa L. Bland,NC,2009,6,15,166,3,3,222,120,0,,Complete,Gilttoyees,Gilttoyees Creek,Shore,Coastal,53.89086139,-128.9905966,CWS 5,FR-8050D,10,0.75,318,Outgoing,151,318,146,,237,122,237,117,,AV survey conducted from boat.,303,183,141,5,30,5:03:00
NC0901B0017,"Bertram, Doug",Bernard K. Schroeder,NC,2009,6,15,166,3,3,222,120,0,,Complete,Gilttoyees,Gilttoyees Creek,Shore,Coastal,53.89086139,-128.9905966,RESL 2,FR-8122,25,0.75,540,Incoming,583,381,540,540,387,415,265,387,387,,303,183,514,26,30,5:03:00
NC0901A0025,"Bertram, Doug",Bernard K. Schroeder,NC,2009,6,15,166,21,30,0,0,60,,Excluded,Gilttoyees,Gilttoyees Creek,Shore,Coastal,53.89086139,-128.9905966,CWS 5,FR-8050D,10,0.75,0,,0,0,0,,0,0,0,0,,NO AV SURVEY. RAINOUT,303,1290,,,,5:03:00
NC0901A0026,"Bertram, Doug",Lisa L. Bland,NC,2009,6,16,167,3,3,53,120,72,,Excluded,Gilttoyees,Gilttoyees Creek,Shore,Coastal,53.89086139,-128.9905966,CWS 5,FR-8050D,10,0.75,167,Incoming,167,85,167,,166,166,70,166,,NO AV SURVEY. RAINOUT - END OF SURVEY due to 10+ minutes of screen obstruction during peak detection time.  Further squall advancing from the West.,303,183,167,,,5:03:00
NC0901B0018,"Bertram, Doug",Bernard K. Schroeder,NC,2009,6,16,167,3,3,2,120,123,,Excluded,Gilttoyees,Gilttoyees Creek,Shore,Coastal,53.89086139,-128.9905966,RESL 2,FR-8122,25,0.75,259,Incoming,259,25,259,,200,200,20,200,,,303,183,259,,,5:03:00
NC0901A0027,"Bertram, Doug",Bernard K. Schroeder,NC,2009,6,16,167,21,30,0,0,60,,Excluded,East Inlet,East Inlet,Shore,Coastal,53.70823664,-129.7133385,CWS 5,FR-8050D,10,0.75,0,,0,0,0,,0,0,0,0,,NO AV SURVEY. RAINOUT.,307,1290,,,,5:07:00
NC0901A0028,"Bertram, Doug",Lisa L. Bland,NC,2009,6,17,168,3,7,126,120,58,,Excluded,East Inlet,East Inlet,Shore,Coastal,53.70823664,-129.7133385,CWS 5,FR-8050D,10,0.75,79,Incoming,105,78,79,,77,99,69,77,,AV survey conducted from boat. VERY RAINY SURVEY.,307,187,79,,,5:07:00
NC0901B0019,"Bertram, Doug",Bernard K. Schroeder,NC,2009,6,17,168,3,7,112,120,72,,Excluded,East Inlet,East Inlet,Shore,Coastal,53.70823664,-129.7133385,RESL 2,FR-8122,25,0.75,120,Incoming,141,106,120,,99,114,79,99,,"Rainy survey, but light enough to see many detections",307,187,120,,,5:07:00
NC0901A0029,"Bertram, Doug",Lisa L. Bland,NC,2009,6,18,169,3,7,183,120,0,,Complete,East Inlet,East Inlet,Shore,Coastal,53.70823664,-129.7133385,CWS 5,FR-8050D,10,0.75,104,Incoming,105,57,104,,101,102,53,101,,NO AV SURVEY,307,187,101,3,30,5:07:00
NC0901B0020,"Bertram, Doug",Bernard K. Schroeder,NC,2009,6,18,169,3,7,183,120,0,,Complete,East Inlet,East Inlet,Shore,Coastal,53.70823664,-129.7133385,RESL 2,FR-8122,25,0.75,201,Incoming,210,157,201,201,159,164,108,159,159,NO AV SURVEY,307,187,194,7,30,5:07:00
NC0901A0030,"Bertram, Doug",Lisa L. Bland,NC,2009,6,20,171,3,2,131,120,50,,Complete,Kwinamass River,Kwinamass River,Shore,Coastal,54.78476078,-130.1699293,CWS 5,FR-8050D,10,0.75,632,Incoming,640,338,632,,580,588,264,580,,AV survey conducted from boat.,302,182,611,21,30,5:02:00
NC0901B0021,"Bertram, Doug",Bernard K. Schroeder,NC,2009,6,20,171,3,2,130,120,51,,Complete,Kwinamass River,Kwinamass River,Shore,Coastal,54.78476078,-130.1699293,RESL 2,FR-8122,25,0.75,1674,Incoming,1713,435,1674,1674,1414,1445,307,1414,1414,,302,182,1639,35,30,5:02:00
NC0901A0031,"Bertram, Doug",Bernard K. Schroeder,NC,2009,6,20,171,21,30,0,0,60,,Excluded,Kwinamass River,Kwinamass River,Shore,Coastal,54.78476078,-130.1699293,CWS 5,FR-8050D,10,0.75,0,,0,0,0,,0,0,0,0,,RAINOUT. 100% screen obstruction.,302,1290,,,,5:02:00
NC0901A0032,"Bertram, Doug",Lisa L. Bland,NC,2009,6,21,172,3,2,198,120,6,,Complete,Kwinamass River,Kwinamass River,Shore,Coastal,54.78476078,-130.1699293,CWS 5,FR-8050D,10,0.75,486,Outgoing,479,486,466,,408,419,392,408,,AV survey conducted from boat.,302,182,449,17,30,5:02:00
NC0901B0022,"Bertram, Doug",Bernard K. Schroeder,NC,2009,6,21,172,3,2,198,120,6,,Complete,Kwinamass River,Kwinamass River,Shore,Coastal,54.78476078,-130.1699293,RESL 2,FR-8122,25,0.75,1054,Incoming,1126,662,1054,,823,876,456,823,,,302,182,1015,39,30,5:02:00
NC0901A0033,"Bertram, Doug",Lisa L. Bland,NC,2009,6,22,173,3,4,240,120,0,,Complete,Toon River,Toon River,Shore,Coastal,54.50518413,-129.9997488,CWS 5,FR-8050D,10,0.75,460,Outgoing,440,460,414,,371,393,362,371,,NO AV SURVEY,304,184,410,4,30,5:04:00
NC0901B0023,"Bertram, Doug",Bernard K. Schroeder,NC,2009,6,22,173,3,4,240,120,0,,Complete,Toon River,Toon River,Shore,Coastal,54.50518413,-129.9997488,RESL 2,FR-8122,25,0.75,720,Outgoing,679,720,613,720,439,478,439,437,439,NO AV SURVEY,304,184,601,12,30,5:04:00
NC0901A0034,"Bertram, Doug",Lisa L. Bland,NC,2009,6,23,174,3,3,15,120,100,,Excluded,Khutzeymateen River,Khutzeymateen River,Shore,Coastal,54.60391185,-129.9333986,CWS 5,FR-8050D,10,0.75,8,Incoming,8,0,8,,8,8,0,8,,NO AV SURVEY. RAINOUT - END OF SURVEY due to 60+ minutes of 80-100% screen obstruction during peak detection time.  Further squall advancing from all directions.,303,183,6,2,30,5:03:00
NC0901B0024,"Bertram, Doug",Bernard K. Schroeder,NC,2009,6,23,174,3,3,15,120,100,,Excluded,Khutzeymateen River,Khutzeymateen River,Shore,Coastal,54.60391185,-129.9333986,RESL 2,FR-8122,25,0.75,125,Incoming,125,11,125,,110,110,10,110,,,303,183,122,3,30,5:03:00
NC0901A0035,"Bertram, Doug",Lisa L. Bland,NC,2009,6,24,175,3,3,201,120,9,,Complete,Khutzeymateen River,Khutzeymateen River,Shore,Coastal,54.60391185,-129.9333986,CWS 5,FR-8050D,10,0.75,454,Incoming,461,332,454,,372,378,253,372,,NO AV SURVEY,303,183,445,9,30,5:03:00
NC0901B0025,"Bertram, Doug",Bernard K. Schroeder,NC,2009,6,24,175,3,3,201,120,9,,Complete,Khutzeymateen River,Khutzeymateen River,Shore,Coastal,54.60391185,-129.9333986,RESL 2,FR-8122,25,0.75,692,Incoming,718,394,692,692,550,567,260,550,550,NO AV SURVEY,303,183,677,15,30,5:03:00
NC0901A0036,"Bertram, Doug",Lisa L. Bland,NC,2009,6,25,176,3,9,66,120,114,,Excluded,East Inlet,East Inlet,Shore,Coastal,53.70823664,-129.7133385,CWS 5,FR-8050D,10,0.75,52,Incoming,57,12,52,,49,54,12,49,,NO AV SURVEY - RAINOUT,309,189,51,1,30,5:09:00
NC0901B0026,"Bertram, Doug",Bernard K. Schroeder,NC,2009,6,25,176,3,9,66,120,114,,Excluded,East Inlet,East Inlet,Shore,Coastal,53.70823664,-129.7133385,RESL 2,FR-8122,25,0.75,92,Incoming,101,29,92,,77,83,26,77,,DRIZZLE DURING MUCH OF SURVEY IF VARYING INTENSITY; ALLOWED FOR OBSERVATIONS OF SOME TARGETS,309,189,91,1,30,5:09:00
NC0901A0037,"Bertram, Doug",Lisa L. Bland,CC,2009,6,26,177,3,9,210,180,0,,Complete,Khutze,Khutze,Shore,Coastal,53.08519245,-128.4364111,CWS 5,FR-8050D,10,0.75,224,Outgoing,120,224,118,,186,114,186,113,,AV survey conducted from zodiac 800-1400m NW of station.,369,189,12,106,90,6:09:00
NC0901B0027,"Bertram, Doug",Bernard K. Schroeder,CC,2009,6,26,177,3,9,210,180,0,,Complete,Khutze,Khutze,Shore,Coastal,53.08519245,-128.4364111,RESL 2,FR-8122,25,0.75,339,Outgoing,272,339,270,,228,200,228,199,,,369,189,58,212,90,6:09:00
NC0901A0038,"Bertram, Doug",Lisa L. Bland,CC,2009,6,27,178,3,9,0,120,120,,Excluded,Green,Green,Shore,Coastal,52.93937486,-128.4107941,CWS 5,FR-8050D,10,0.75,0,,0,0,0,,0,0,0,0,,NO AV SURVEY - RAINOUT,309,189,,,,5:09:00
NC0901B0028,"Bertram, Doug",Bernard K. Schroeder,CC,2009,6,27,178,3,9,0,120,120,,Excluded,Green,Green,Shore,Coastal,52.93937486,-128.4107941,RESL 2,FR-8122,25,0.75,0,,0,0,0,,0,0,0,0,,,309,189,,,,5:09:00
NC0901A0039,"Bertram, Doug",Lisa L. Bland,CC,2009,6,28,179,3,10,0,120,135,,Excluded,Green,Green,Shore,Coastal,52.93937486,-128.4107941,CWS 5,FR-8050D,10,0.75,18,Outgoing,3,18,3,,16,3,16,3,,NO AV SURVEY - RAINOUT,310,190,3,,,5:10:00
NC0901B0029,"Bertram, Doug",Bernard K. Schroeder,CC,2009,6,28,179,3,10,0,120,135,,Excluded,Green,Green,Shore,Coastal,52.93937486,-128.4107941,RESL 2,FR-8122,25,0.75,0,,0,0,0,,0,0,0,0,,,310,190,,,,5:10:00
NC0901A0040,"Bertram, Doug",Lisa L. Bland,CC,2009,6,29,180,3,9,95,120,85,,Excluded,Aaltanhash,Aaltanhash River,Shore,Coastal,53.14175506,-128.478144,CWS 5,FR-8050D,10,0.75,55,Incoming,64,53,55,,52,60,47,52,,NO AV SURVEY - VERY RAINY SURVEY,309,189,55,,,5:09:00
NC14010002,"Schroeder, Bernard",Bernard K. Schroeder,NC,2014,7,10,191,3,20,180,120,0,,Complete,East Inlet,East Inlet,Shore,Coastal,53.70684682,-129.7112546,RESL 2,FR-8122,25,0.75,92,Incoming,100,44,92,,83,88,32,83,,"Flight speed cutoff is used as a guide and combined with size of target, flight behaviour, wind speed and direction and visual confirmation; so some flight speeds estimated and/or confirmed as MAMU may be slightly lower than 65 km/h",320,200,92,,,5:20:00
NC14010003,"Schroeder, Bernard",Bernard K. Schroeder,NC,2014,7,11,192,3,17,-126,120,153,,Incomplete,Gilttoyees,Gilttoyees Creek,Shore,Coastal,53.89051983,-128.9904293,RESL 2,FR-8122,25,0.75,0,,0,0,0,,0,0,0,0,,"Flight speed cutoff is used as a guide and combined with size of target, flight behaviour, wind speed and direction and visual confirmation; so some flight speeds estimated and/or confirmed as MAMU may be slightly lower than 65 km/h",317,197,,1,30,5:17:00
NC14010004,"Schroeder, Bernard",Bernard K. Schroeder,NC,2014,7,12,193,3,19,180,120,0,,Complete,Gilttoyees,Gilttoyees Creek,Shore,Coastal,53.89051983,-128.9904293,RESL 2,FR-8122,25,0.75,99,Incoming,101,74,99,,95,97,65,95,,"Flight speed cutoff is used as a guide and combined with size of target, flight behaviour, wind speed and direction and visual confirmation; so some flight speeds estimated and/or confirmed as MAMU may be slightly lower than 65 km/h",319,199,95,4,30,5:19:00
NC14010005,"Schroeder, Bernard",Bernard K. Schroeder,NC,2014,7,13,194,3,20,180,120,0,,Complete,Gilttoyees,Gilttoyees Creek,Shore,Coastal,53.89051983,-128.9904293,RESL 2,FR-8122,25,0.75,104,Incoming,107,50,104,,95,98,42,95,,"Flight speed cutoff is used as a guide and combined with size of target, flight behaviour, wind speed and direction and visual confirmation; so some flight speeds estimated and/or confirmed as MAMU may be slightly lower than 65 km/h",320,200,102,2,30,5:20:00
NC14010006,"Schroeder, Bernard",Bernard K. Schroeder,NC,2014,7,14,195,3,20,181,121,0,,Complete,Brim River,Brim River,Shore,Coastal,53.50802478,-128.370352,RESL 2,FR-8122,25,0.75,205,Incoming,206,21,205,205,202,203,19,202,202,"Flight speed cutoff is used as a guide and combined with size of target, flight behaviour, wind speed and direction and visual confirmation; so some flight speeds estimated and/or confirmed as MAMU may be slightly lower than 65 km/h",321,200,199,6,31,5:21:00
NC14010007,"Schroeder, Bernard",Bernard K. Schroeder,NC,2014,7,15,196,3,20,182,122,0,,Complete,Brim River,Brim River,Shore,Coastal,53.50802478,-128.370352,RESL 2,FR-8122,25,0.75,192,Incoming,193,19,192,,184,185,17,184,,"Flight speed cutoff is used as a guide and combined with size of target, flight behaviour, wind speed and direction and visual confirmation; so some flight speeds estimated and/or confirmed as MAMU may be slightly lower than 65 km/h",322,200,189,3,32,5:22:00
NC14010008,"Schroeder, Bernard",Bernard K. Schroeder,NC,2014,7,16,197,3,23,180,120,0,,Complete,Brim River,Brim River,Shore,Coastal,53.50802478,-128.370352,RESL 2,FR-8122,25,0.75,184,Incoming,187,17,184,,177,179,15,177,,"Flight speed cutoff is used as a guide and combined with size of target, flight behaviour, wind speed and direction and visual confirmation; so some flight speeds estimated and/or confirmed as MAMU may be slightly lower than 65 km/h",323,203,178,6,30,5:23:00
NC14010009,"Schroeder, Bernard",Bernard K. Schroeder,NC,2014,7,17,198,3,25,180,120,0,,Complete,Gilttoyees,Gilttoyees Creek,Shore,Coastal,53.89051983,-128.9904293,RESL 2,FR-8122,25,0.75,223,Incoming,227,75,223,223,211,214,68,211,211,"Flight speed cutoff is used as a guide and combined with size of target, flight behaviour, wind speed and direction and visual confirmation; so some flight speeds estimated and/or confirmed as MAMU may be slightly lower than 65 km/h",325,205,211,12,30,5:25:00
NC14010010,"Schroeder, Bernard",Bernard K. Schroeder,NC,2014,7,18,199,3,30,-60,120,180,,Incomplete,East Inlet,East Inlet,Shore,Coastal,53.70684682,-129.7112546,RESL 2,FR-8122,25,0.75,0,,0,0,0,,0,0,0,0,,"Rainout. Flight speed cutoff is used as a guide and combined with size of target, flight behaviour, wind speed and direction and visual confirmation; so some flight speeds estimated and/or confirmed as MAMU may be slightly lower than 65 km/h.",330,210,,,,5:30:00
SC00010001,"Blackburn, Ian",Sean A. Cullen,SC,2000,5,21,142,3,24,169,120,11,,Complete,Theodosia,Theodosia,Shore,Coastal,50.07350087,-124.6747871,Trudys (MOE),FR-7111,25,0.5,15,Incoming,15,0,15,,15,15,0,15,,>10 minutes of interference,324,204,,,,5:24:06
SC00010002,"Blackburn, Ian",Irene A. Manley,SC,2000,5,22,143,3,20,204,120,0,0,Complete,Toba,Tahumming,Shore,Coastal,50.48553744,-124.3941791,Trudys (MOE),FR-7111,25,0.5,40,Incoming,40,0,40,40,40,40,0,40,40,,320,200,,,,5:20:05
SC00010003,"Blackburn, Ian",Sean A. Cullen,SC,2000,5,23,144,3,19,212,119,0,0,Complete,Toba,Toba,Shore,Coastal,50.48139045,-124.3761277,Trudys (MOE),FR-7111,25,0.5,435,Incoming,435,0,435,435,435,435,0,435,435,,318,199,,,,5:18:54
SC00010004,"Blackburn, Ian",Monica Lamm,SC,2000,5,24,145,3,21,180,119,0,0,Complete,Theodosia,Theodosia,Shore,Coastal,50.07350087,-124.6747871,Trudys (MOE),FR-7111,25,0.5,16,Incoming,16,0,16,16,16,16,0,16,16,,320,201,,,,5:20:48
SC00010005,"Blackburn, Ian",Sean A. Cullen,SC,2000,5,25,146,3,19,182,119,0,0,Complete,Brem,Brem,Shore,Coastal,50.43385507,-124.6657284,Trudys (MOE),FR-7111,25,0.5,174,Incoming,174,0,174,,174,174,0,174,,,318,199,,,,5:18:08
SC00010006,"Blackburn, Ian",Monica Lamm,SC,2000,5,26,147,3,18,182,120,0,0,Excluded,Quatam,Quatam,Shore,Coastal,50.37998548,-124.9421762,Trudys (MOE),FR-7111,25,0.5,0,,0,0,0,,0,0,0,0,,"technical problems with tape recorder, 0.75nm scan",318,198,,,,5:18:29
SC00010007,"Blackburn, Ian",Monica Lamm,SC,2000,5,27,148,3,18,109,119,11,,Excluded,Quatam,Quatam,Shore,Coastal,50.37998548,-124.9421762,Trudys (MOE),FR-7111,25,0.5,0,,0,0,0,,0,0,0,0,,>10 minutes of interference,317,198,,,,5:17:32
SC00010008,"Blackburn, Ian",Monica Lamm,SC,2000,5,28,149,3,16,169,120,11,,Complete,Quatam,Quatam,Shore,Coastal,50.37998548,-124.9421762,Trudys (MOE),FR-7111,25,0.5,116,Incoming,116,0,116,,116,116,0,116,,>10 minutes of interference,316,196,,,,5:16:37
SC00010009,"Blackburn, Ian",Sean A. Cullen,SC,2000,5,29,150,3,14,181,120,0,0,Complete,Orford,Orford,Shore,Coastal,50.59741885,-124.8643361,Trudys (MOE),FR-7111,25,0.5,119,Incoming,119,0,119,,119,119,0,119,,,314,194,,,,5:14:24
SC00010010,"Blackburn, Ian",Monica Lamm,SC,2000,5,30,151,3,11,180,120,0,0,Complete,Southgate,Southgate,Shore,Coastal,50.89534437,-124.7935446,Trudys (MOE),FR-7111,25,0.5,67,Incoming,67,0,67,,67,67,0,67,,,311,191,,,,5:11:51
SC00010011,"Blackburn, Ian",Sean A. Cullen,SC,2000,5,31,152,3,11,187,120,0,0,Complete,Homathko,Homathko,Shore,Coastal,50.91973676,-124.8492608,Trudys (MOE),FR-7111,25,0.5,81,Incoming,81,0,81,,81,81,0,81,,,311,191,,,,5:11:09
SC00010012,"Blackburn, Ian",Sean A. Cullen,SC,2000,5,31,152,3,11,187,120,0,0,Complete,Teaquahan,Teaquahan,Shore,Coastal,50.92281622,-124.8393656,Trudys (MOE),FR-7111,25,0.5,31,Incoming,31,0,31,31,31,31,0,31,31,,311,191,,,,5:11:06
SC00010013,"Blackburn, Ian",Monica Lamm,SC,2000,6,1,153,3,11,180,119,0,0,Complete,Homathko,Homathko,Shore,Coastal,50.91973676,-124.8492608,Trudys (MOE),FR-7111,25,0.5,103,Incoming,103,0,103,103,103,103,0,103,103,,310,191,,,,5:10:23
SC00010014,"Blackburn, Ian",Sean A. Cullen,SC,2000,6,2,154,3,10,180,120,0,0,Complete,Bear,Bear,Shore,Coastal,50.83276115,-124.948457,Trudys (MOE),FR-7111,25,0.5,24,Incoming,24,0,24,,24,24,0,24,,,310,190,,,,5:10:30
SC00010015,"Blackburn, Ian",Monica Lamm,SC,2000,6,3,155,3,11,180,120,0,0,Complete,Paradise,Paradise,Shore,Coastal,50.58659535,-124.9522481,Trudys (MOE),FR-7111,25,0.5,84,Incoming,84,0,84,,84,84,0,84,,,311,191,,,,5:11:04
SC00010016,"Blackburn, Ian",Sean A. Cullen,SC,2000,6,4,156,3,10,180,120,0,0,Complete,Forbes,Forbes,Shore,Coastal,50.24581075,-124.5915155,Trudys (MOE),FR-7111,25,0.5,55,Incoming,55,0,55,,55,55,0,55,,,310,190,,,,5:10:42
SC00010017,"Blackburn, Ian",Monica Lamm,SC,2000,6,5,157,3,10,180,120,0,0,Complete,Forbes,Forbes,Shore,Coastal,50.24581075,-124.5915155,Trudys (MOE),FR-7111,25,0.5,212,Incoming,212,0,212,212,212,212,0,212,212,,310,190,,,,5:10:09
SC00010018,"Blackburn, Ian",Sean A. Cullen,SC,2000,6,6,158,3,8,169,120,11,,Complete,Vancouver,Vancouver,Shore,Coastal,49.92389967,-123.8754569,Trudys (MOE),FR-7111,25,0.5,74,Incoming,74,0,74,,74,74,0,74,,>10 minutes of interference,308,188,,,,5:08:22
SC00010019,"Blackburn, Ian",Sean A. Cullen,SC,2000,6,7,159,3,7,201,118,0,0,Complete,Skwawka,Skwawka,Shore,Coastal,50.199971,-123.696492,Trudys (MOE),FR-7111,25,0.5,67,Incoming,67,0,67,,67,67,0,67,,,305,187,,,,5:05:50
SC00010020,"Blackburn, Ian",Sean A. Cullen,SC,2000,6,7,159,3,7,201,118,0,0,Complete,Lausmann,Lausmann,Shore,Inland,50.199971,-123.696492,Trudys (MOE),FR-7111,25,0.5,10,Incoming,10,0,10,10,10,10,0,10,10,,305,187,,,,5:05:50
SC00010021,"Blackburn, Ian",Sean A. Cullen,SC,2000,6,7,159,3,7,201,118,0,0,Complete,Hunaechin,Hunaechin,Shore,Inland,50.19997168,-123.6964923,Trudys (MOE),FR-7111,25,0.5,38,Incoming,38,0,38,,38,38,0,38,,,305,187,,,,5:05:50
SC00010022,"Blackburn, Ian",Sean A. Cullen,SC,2000,6,8,160,3,5,182,120,0,0,Complete,PLI - Loquilts River,PLI - Loquilts River,Shore,Coastal,50.2040662,-123.7688451,Trudys (MOE),FR-7111,25,0.5,8,Incoming,8,0,8,8,8,8,0,8,8,,305,185,,,,5:05:42
SC00010023,"Blackburn, Ian",Monica Lamm,SC,2000,6,9,161,3,5,111,120,11,,Complete,Deserted,Deserted,Shore,Coastal,50.09534707,-123.7482152,Trudys (MOE),FR-7111,25,0.5,99,Incoming,99,0,99,,99,99,0,99,,>10 minutes of interference,305,185,,,,5:05:48
SC00010024,"Blackburn, Ian",Sean A. Cullen,SC,2000,6,10,162,3,5,109,120,11,,Excluded,Deserted,Deserted,Shore,Coastal,50.09534707,-123.7482152,Trudys (MOE),FR-7111,25,0.5,9,Incoming,9,0,9,,9,9,0,9,,>10 minutes of interference,305,185,,,,5:05:30
SC00010025,"Blackburn, Ian",Monica Lamm,SC,2000,6,11,163,3,6,180,120,0,0,Complete,Tzoonie,Tzoonie,Shore,Coastal,49.77280719,-123.7263494,Trudys (MOE),FR-7111,25,0.5,27,Incoming,27,0,27,,27,27,0,27,,,306,186,,,,5:06:45
SC00010026,"Blackburn, Ian",Sean A. Cullen,SC,2000,6,12,164,3,6,109,120,11,,Excluded,Tzoonie,Tzoonie,Shore,Coastal,49.77280719,-123.7263494,Trudys (MOE),FR-7111,25,0.5,0,,0,0,0,,0,0,0,0,,>10 minutes of interference,306,186,,,,5:06:33
SC00010027,"Blackburn, Ian",Monica Lamm,SC,2000,6,13,165,3,6,194,120,0,0,Complete,Tzoonie,Tzoonie,Shore,Coastal,49.77280719,-123.7263494,Trudys (MOE),FR-7111,25,0.5,38,Incoming,38,0,38,38,38,38,0,38,38,,306,186,,,,5:06:23
SC00010028,"Blackburn, Ian",Sean A. Cullen,SC,2000,6,14,166,3,5,112,120,11,,Excluded,Clowham River,Clowham River,Shore,Coastal,49.69809207,-123.5379902,Trudys (MOE),FR-7111,25,0.5,0,,0,0,0,,0,0,0,0,,>10 minutes of interference,305,185,,,,5:05:54
SC00010029,"Blackburn, Ian",Sean A. Cullen,SC,2000,6,15,167,3,5,183,120,0,0,Complete,Clowham River,Clowham River,Shore,Coastal,49.69809207,-123.5379902,Trudys (MOE),FR-7111,25,0.5,12,Incoming,12,0,12,12,12,12,0,12,12,,305,185,,,,5:05:50
SC00010030,"Blackburn, Ian",Monica Lamm,SC,2000,6,16,168,3,6,199,120,0,0,Complete,Brittain,Brittain,Shore,Coastal,49.99734833,-124.0040689,Trudys (MOE),FR-7111,25,0.5,159,Incoming,159,0,159,159,159,159,0,159,159,,306,186,,,,5:06:10
SC00010031,"Blackburn, Ian",Sean A. Cullen,SC,2000,6,17,169,3,4,180,120,0,0,Complete,Deserted,Deserted,Shore,Coastal,50.09534707,-123.7482152,Trudys (MOE),FR-7111,25,0.5,77,Incoming,77,0,77,,77,77,0,77,,,304,184,,,,5:04:40
SC00010032,"Blackburn, Ian",Monica Lamm,SC,2000,6,18,170,3,5,191,121,0,0,Complete,Vancouver,Vancouver,Shore,Coastal,49.92389967,-123.8754569,Trudys (MOE),FR-7111,25,0.5,197,Incoming,197,0,197,197,197,197,0,197,197,,306,185,,,,5:06:07
SC00010033,"Blackburn, Ian",Monica Lamm,SC,2000,6,18,170,3,5,191,121,0,0,Complete,High Creek,High Creek,Shore,Coastal,49.92375515,-123.8755379,Trudys (MOE),FR-7111,25,0.5,4,Incoming,4,0,4,4,4,4,0,4,4,,306,185,,,,5:06:08
SC00010034,"Blackburn, Ian",Sean A. Cullen,SC,2000,6,19,171,3,6,184,120,0,0,Complete,Rainy River,Rainy River,Shore,Coastal,49.51315,-123.4916,Trudys (MOE),FR-7111,25,0.5,7,Incoming,7,0,7,7,7,7,0,7,7,,306,186,,,,5:06:47
SC00010035,"Blackburn, Ian",Sean A. Cullen,SC,2000,6,19,171,3,6,184,120,0,0,Complete,Dakota,Dakota,Shore,Coastal,49.51315094,-123.4916006,Trudys (MOE),FR-7111,25,0.5,8,Incoming,8,0,8,8,8,8,0,8,8,,306,186,,,,5:06:47
SC00010036,"Blackburn, Ian",Michael W. Hrycenko,SC,2000,6,20,172,3,6,181,120,0,0,Complete,McNab,McNab,Shore,Coastal,49.55911237,-123.3907067,Trudys (MOE),FR-7111,25,0.5,1,Incoming,1,0,1,1,1,1,0,1,1,,306,186,,,,5:06:19
SC00010037,"Blackburn, Ian",Sean A. Cullen,SC,2000,6,21,173,3,8,180,120,0,0,Complete,Quatam,Quatam,Shore,Coastal,50.37998548,-124.9421762,Trudys (MOE),FR-7111,25,0.5,171,Incoming,171,0,171,171,171,171,0,171,171,,308,188,,,,5:08:32
SC00010038,"Blackburn, Ian",Michael W. Hrycenko,SC,2000,6,22,174,3,7,181,121,0,0,Complete,Quatam,Quatam,Shore,Coastal,50.37998548,-124.9421762,Trudys (MOE),FR-7111,25,0.5,148,Incoming,148,0,148,,148,148,0,148,,,308,187,,,,5:08:48
SC00010039,"Blackburn, Ian",Sean A. Cullen,SC,2000,6,23,175,3,8,180,120,0,0,Complete,Forbes,Forbes,Shore,Coastal,50.24581075,-124.5915155,Trudys (MOE),FR-7111,25,0.5,159,Incoming,159,0,159,,159,159,0,159,,,308,188,,,,5:08:24
SC00010040,"Blackburn, Ian",Michael W. Hrycenko,SC,2000,6,24,176,3,6,180,120,10,,Complete,Toba,Toba,Shore,Coastal,50.48139045,-124.3761277,Trudys (MOE),FR-7111,25,0.5,358,Incoming,358,0,358,,358,358,0,358,,Aprx 10 min rain total,306,186,,,,5:06:40
SC00010041,"Blackburn, Ian",Michael W. Hrycenko,SC,2000,6,25,177,2,52,195,135,0,0,Complete,Toba,Toba,Shore,Coastal,50.48139045,-124.3761277,Trudys (MOE),FR-7111,25,0.5,156,Incoming,156,0,156,,156,156,0,156,,,307,172,,,,5:07:04
SC00010042,"Blackburn, Ian",Michael W. Hrycenko,SC,2000,6,26,178,3,7,181,120,0,0,Complete,Toba,Tahumming,Shore,Coastal,50.48553744,-124.3941791,Trudys (MOE),FR-7111,25,0.5,34,Incoming,34,0,34,,34,34,0,34,,,307,187,,,,5:07:33
SC00010043,"Blackburn, Ian",Michael W. Hrycenko,SC,2000,6,27,179,3,9,180,120,0,0,Complete,Brem,Brem,Shore,Coastal,50.43385507,-124.6657284,Trudys (MOE),FR-7111,25,0.5,316,Incoming,316,0,316,,316,316,0,316,,,309,189,,,,5:09:24
SC00010044,"Blackburn, Ian",Sean A. Cullen,SC,2000,6,29,181,3,10,175,122,0,0,Complete,Powell-Daniels,Powell-Daniels,Shore,Coastal,49.88,-124.54,Trudys (MOE),FR-7111,25,0.5,99,Incoming,99,0,99,99,99,99,0,99,99,,312,190,,,,5:12:50
SC00010045,"Blackburn, Ian",Michael W. Hrycenko,SC,2000,6,30,182,3,10,182,123,11,,Complete,Powell-Daniels,Powell-Daniels,Shore,Coastal,49.88,-124.54,Trudys (MOE),FR-7111,25,0.5,84,Incoming,84,0,84,,84,84,0,84,,>10 minutes of interference,313,190,,,,5:13:26
SC00010046,"Blackburn, Ian",Sean A. Cullen,SC,2000,7,1,183,3,10,169,121,11,,Complete,Orford,Orford,Shore,Coastal,50.59741885,-124.8643361,Trudys (MOE),FR-7111,25,0.5,135,Incoming,135,0,135,,135,135,0,135,,>10 minutes of interference,311,190,,,,5:11:44
SC00010047,"Blackburn, Ian",Michael W. Hrycenko,SC,2000,7,2,184,3,12,180,120,0,0,Complete,Orford,Orford,Shore,Coastal,50.59741885,-124.8643361,Trudys (MOE),FR-7111,25,0.5,146,Incoming,146,0,146,146,146,146,0,146,146,Sea Clutter,312,192,,,,5:12:26
SC00010048,"Blackburn, Ian",Sean A. Cullen,SC,2000,7,3,185,3,11,140,120,11,,Complete,Southgate,Southgate,Shore,Coastal,50.89534437,-124.7935446,Trudys (MOE),FR-7111,25,0.5,71,Incoming,71,0,71,,71,71,0,71,,Fairly good survey between 10-120. >10 minutes of interference,311,191,,,,5:11:21
SC00010049,"Blackburn, Ian",Michael W. Hrycenko,SC,2000,7,4,186,3,11,180,121,0,0,Complete,Southgate,Southgate,Shore,Coastal,50.89534437,-124.7935446,Trudys (MOE),FR-7111,25,0.5,95,Incoming,95,0,95,95,95,95,0,95,95,,312,191,,,,5:12:09
SC00010050,"Blackburn, Ian",Sean A. Cullen,SC,2000,7,5,187,3,12,180,121,0,0,Complete,Homathko,Homathko,Shore,Coastal,50.91973676,-124.8492608,Trudys (MOE),FR-7111,25,0.5,42,Incoming,42,0,42,,42,42,0,42,,,313,192,,,,5:13:04
SC00010051,"Blackburn, Ian",Michael W. Hrycenko,SC,2000,7,6,188,3,14,180,120,0,0,Complete,Bear,Bear,Shore,Coastal,50.83276115,-124.948457,Trudys (MOE),FR-7111,25,0.5,99,Incoming,99,0,99,99,99,99,0,99,99,,314,194,,,,5:14:47
SC00010052,"Blackburn, Ian",Sean A. Cullen,SC,2000,7,7,189,3,14,181,121,0,0,Complete,Bear,Bear,Shore,Coastal,50.83276115,-124.948457,Trudys (MOE),FR-7111,25,0.5,89,Incoming,89,0,89,,89,89,0,89,,,315,194,,,,5:15:41
SC00010053,"Blackburn, Ian",Michael W. Hrycenko,SC,2000,7,8,190,3,17,180,120,0,0,Complete,Paradise,Paradise,Shore,Coastal,50.58659535,-124.9522481,Trudys (MOE),FR-7111,25,0.5,129,Incoming,129,0,129,129,129,129,0,129,129,,317,197,,,,5:17:52
SC00010054,"Blackburn, Ian",Sean A. Cullen,SC,2000,7,9,191,3,15,171,123,11,,Complete,Paradise,Paradise,Shore,Coastal,50.58659535,-124.9522481,Trudys (MOE),FR-7111,25,0.5,57,Incoming,57,0,57,,57,57,0,57,,>10 minutes of interference,318,195,,,,5:18:50
SC00010055,"Blackburn, Ian",Michael W. Hrycenko,SC,2000,7,10,192,3,18,180,120,0,0,Complete,Mit Creek,Mit Creek,Shore,Coastal,50.43178898,-124.5355901,Trudys (MOE),FR-7111,25,0.5,10,Incoming,10,0,10,10,10,10,0,10,10,,318,198,,,,5:18:54
SC00010056,"Blackburn, Ian",Sean A. Cullen,SC,2000,7,11,193,3,20,139,120,11,,Complete,Brem,Brem,Shore,Coastal,50.43385507,-124.6657284,Trudys (MOE),FR-7111,25,0.5,343,Incoming,343,0,343,343,343,343,0,343,343,good untill 110 >10 minutes of interference,320,200,,,,5:20:26
SC00010057,"Blackburn, Ian",Michael W. Hrycenko,SC,2000,7,12,194,3,20,180,120,0,0,Complete,Vancouver,Vancouver,Shore,Coastal,49.92389967,-123.8754569,Trudys (MOE),FR-7111,25,0.5,96,Incoming,96,0,96,,96,96,0,96,,,320,200,,,,5:20:42
SC00010058,"Blackburn, Ian",Sean A. Cullen,SC,2000,7,13,195,3,20,180,119,0,0,Complete,Lausmann,Lausmann,Shore,Inland,50.199972,-123.696492,Trudys (MOE),FR-7111,25,0.5,7,Incoming,7,0,7,,7,7,0,7,,,319,200,,,,5:19:46
SC00010059,"Blackburn, Ian",Sean A. Cullen,SC,2000,7,13,195,3,20,180,119,0,0,Complete,Skwawka,Skwawka,Shore,Coastal,50.199971,-123.696492,Trudys (MOE),FR-7111,25,0.5,136,Incoming,136,0,136,,136,136,0,136,,,319,200,,,,5:19:46
SC00010060,"Blackburn, Ian",Sean A. Cullen,SC,2000,7,13,195,3,20,180,119,0,0,Complete,Hunaechin,Hunaechin,Shore,Inland,50.19997168,-123.6964923,Trudys (MOE),FR-7111,25,0.5,43,Incoming,43,0,43,43,43,43,0,43,43,,319,200,,,,5:19:46
SC00010061,"Blackburn, Ian",Michael W. Hrycenko,SC,2000,7,14,196,3,22,180,118,0,0,Complete,Skwawka,Skwawka,Shore,Coastal,50.199971,-123.696492,Trudys (MOE),FR-7111,25,0.5,155,Incoming,155,0,155,155,155,155,0,155,155,,320,202,,,,5:20:52
SC00010062,"Blackburn, Ian",Michael W. Hrycenko,SC,2000,7,14,196,3,22,180,118,0,0,Complete,Hunaechin,Hunaechin,Shore,Inland,50.19997168,-123.6964923,Trudys (MOE),FR-7111,25,0.5,34,Incoming,34,0,34,,34,34,0,34,,,320,202,,,,5:20:52
SC00010063,"Blackburn, Ian",Michael W. Hrycenko,SC,2000,7,14,196,3,22,180,118,0,0,Complete,Skwawka,Skwawka,Shore,Coastal,50.199971,-123.696492,Trudys (MOE),FR-7111,25,0.5,36,Incoming,36,0,36,,36,36,0,36,,,320,202,,,,5:20:52
SC00010064,"Blackburn, Ian",Sean A. Cullen,SC,2000,7,15,197,3,22,180,120,0,0,Complete,Deserted,Deserted,Shore,Coastal,50.09534707,-123.7482152,Trudys (MOE),FR-7111,25,0.5,107,Incoming,107,0,107,107,107,107,0,107,107,,322,202,,,,5:22:40
SC00010065,"Blackburn, Ian",Michael W. Hrycenko,SC,2000,7,16,198,3,25,181,120,0,0,Complete,Brittain,Brittain,Shore,Coastal,49.99734833,-124.0040689,Trudys (MOE),FR-7111,25,0.5,86,Incoming,86,0,86,,86,86,0,86,,,325,205,,,,5:25:16
SC00010066,"Blackburn, Ian",Sean A. Cullen,SC,2000,7,17,199,3,25,180,121,0,0,Complete,Brittain,Brittain,Shore,Coastal,49.99734833,-124.0040689,Trudys (MOE),FR-7111,25,0.5,68,Incoming,68,0,68,,68,68,0,68,,,326,205,,,,5:26:26
SC00010067,"Blackburn, Ian",Michael W. Hrycenko,SC,2000,7,18,200,3,27,180,120,0,0,Complete,Clowham River,Clowham River,Shore,Coastal,49.69809207,-123.5379902,Trudys (MOE),FR-7111,25,0.5,12,Incoming,12,0,12,12,12,12,0,12,12,,327,207,,,,5:27:03
SC01010001,"Blackburn, Ian",Sean A. Cullen,SC,2001,5,25,145,3,18,180,119,0,0,Complete,McNab,McNab,Shore,Coastal,49.55911237,-123.3907067,Alans,FR-810D,25,0.5,13,Incoming,13,0,13,13,13,13,0,13,13,,317,198,,,,5:17:07
SC01010002,"Blackburn, Ian",Michael W. Hrycenko,SC,2001,5,26,146,3,18,117,118,0,0,Complete,Vancouver,Vancouver,Shore,Coastal,49.92389967,-123.8754569,Alans,FR-810D,25,0.5,25,Incoming,25,0,25,,25,25,0,25,,"ended early, due to power supply issues",316,198,,,,5:16:30
SC01010003,"Blackburn, Ian",Sean A. Cullen,SC,2001,5,27,147,3,17,179,118,0,0,Complete,Vancouver,Vancouver,Shore,Coastal,49.92389967,-123.8754569,Alans,FR-810D,25,0.5,37,Incoming,37,0,37,,37,37,0,37,,"fairly complete,use it",315,197,,,,5:15:33
SC01010004,"Blackburn, Ian",Michael W. Hrycenko,SC,2001,5,28,148,3,17,121,117,0,0,Excluded,Brittain,Brittain,Shore,Coastal,49.99734833,-124.0040689,Alans,FR-810D,25,0.5,33,Incoming,33,0,33,,33,33,0,33,,No Count,314,197,,,,5:14:50
SC01010005,"Blackburn, Ian",Sean A. Cullen,SC,2001,5,29,149,3,13,122,120,0,0,Excluded,Brittain,Brittain,Shore,Coastal,49.99734833,-124.0040689,Alans,FR-810D,25,0.5,0,,0,0,0,,0,0,0,0,,rained out,313,193,,,,5:13:58
SC01010006,"Blackburn, Ian",Michael W. Hrycenko,SC,2001,5,30,150,3,16,89,117,0,0,Excluded,Brittain,Brittain,Shore,Coastal,49.99734833,-124.0040689,Alans,FR-810D,25,0.5,0,,0,0,0,,0,0,0,0,,rained out,313,196,,,,5:13:09
SC01010007,"Blackburn, Ian",Sean A. Cullen,SC,2001,5,31,151,3,14,180,118,0,0,Complete,Brittain,Brittain,Shore,Coastal,49.99734833,-124.0040689,Alans,FR-810D,25,0.5,56,Incoming,56,0,56,,56,56,0,56,,,312,194,,,,5:12:22
SC01010008,"Blackburn, Ian",Michael W. Hrycenko,SC,2001,6,1,152,3,17,159,120,0,0,Complete,Narrows/Tzoonie,Narrows/Tzoonie - approx coords,Shore,Coastal,49.709,-123.789,Alans,FR-810D,25,0.5,23,Incoming,23,0,23,,23,23,0,23,,good pre dawn,317,197,,,,5:17:00
SC01010009,"Blackburn, Ian",Sean A. Cullen,SC,2001,6,2,153,3,12,180,120,0,0,Complete,Narrows/Tzoonie,Narrows/Tzoonie - approx coords,Shore,Coastal,49.709,-123.789,Alans,FR-810D,25,0.5,30,Incoming,30,0,30,30,30,30,0,30,30,,312,192,,,,5:12:00
SC01010010,"Blackburn, Ian",Michael W. Hrycenko,SC,2001,6,3,154,3,12,180,119,0,0,Complete,Forbes,Forbes,Shore,Coastal,50.24581075,-124.5915155,Alans,FR-810D,25,0.5,260,Incoming,260,0,260,260,260,260,0,260,260,,311,192,,,,5:11:27
SC01010011,"Blackburn, Ian",Sean A. Cullen,SC,2001,6,4,155,3,11,180,119,0,0,Complete,Brem,Brem,Shore,Coastal,50.43385507,-124.6657284,Alans,FR-810D,25,0.5,252,Incoming,252,0,252,252,252,252,0,252,252,,310,191,,,,5:10:13
SC01010012,"Blackburn, Ian",Michael W. Hrycenko,SC,2001,6,5,156,3,11,120,118,0,0,Excluded,Brem,Brem,Shore,Coastal,50.43385507,-124.6657284,Alans,FR-810D,25,0.5,0,,0,0,0,,0,0,0,0,,Rained Out,309,191,,,,5:09:39
SC01010013,"Blackburn, Ian",Sean A. Cullen,SC,2001,6,6,157,3,8,182,121,0,0,Complete,Brem,Brem,Shore,Coastal,50.43385507,-124.6657284,Alans,FR-810D,25,0.5,191,Incoming,191,0,191,,191,191,0,191,,Ok duing peak,309,188,,,,5:09:08
SC01010014,"Blackburn, Ian",Sean A. Cullen,SC,2001,6,7,158,3,9,180,120,0,0,Complete,Forbes,Forbes,Shore,Coastal,50.24581075,-124.5915155,Alans,FR-810D,25,0.5,165,Incoming,165,0,165,,165,165,0,165,,,309,189,,,,5:09:18
SC01010015,"Blackburn, Ian",Michael W. Hrycenko,SC,2001,6,8,159,3,9,176,119,0,0,Complete,Forbes,Forbes,Shore,Coastal,50.24581075,-124.5915155,Alans,FR-810D,25,0.5,147,Incoming,147,0,147,,147,147,0,147,,,308,189,,,,5:08:53
SC01010016,"Blackburn, Ian",Michael W. Hrycenko,SC,2001,6,9,160,3,8,103,118,0,0,Excluded,Toba,Toba/Tahumming,Shore,Coastal,50.48553744,-124.3941791,Alans,FR-810D,25,0.5,0,,0,0,0,0,0,0,0,0,0,CANCELLED DUE TO RAIN,306,188,,,,5:06:30
SC01010017,"Blackburn, Ian",Michael W. Hrycenko,SC,2001,6,10,161,3,7,180,119,0,0,Complete,Toba,Toba,Shore,Coastal,50.48139045,-124.3761277,Alans,FR-810D,25,0.5,217,Incoming,217,0,217,,217,217,0,217,,,306,187,,,,5:06:07
SC01010019,"Blackburn, Ian",Michael W. Hrycenko,SC,2001,6,11,162,3,6,132,119,0,0,Complete,Toba,Toba,Shore,Coastal,50.48139045,-124.3761277,Alans,FR-810D,25,0.5,244,Incoming,244,0,244,244,244,244,0,244,244,,305,186,,,,5:05:50
SC01010021,"Blackburn, Ian",Michael W. Hrycenko,SC,2001,6,12,163,3,7,182,118,0,0,Complete,Toba,Toba,Shore,Coastal,50.48139045,-124.3761277,Alans,FR-810D,25,0.5,224,Incoming,224,0,224,,224,224,0,224,,,305,187,,,,5:05:36
SC01010023,"Blackburn, Ian",Michael W. Hrycenko,SC,2001,6,13,164,3,8,180,119,0,0,Complete,Forbes,Forbes,Shore,Coastal,50.24581075,-124.5915155,Alans,FR-810D,25,0.5,145,Incoming,145,0,145,,145,145,0,145,,,307,188,,,,5:07:30
SC01010024,"Blackburn, Ian",Sean A. Cullen,SC,2001,6,14,165,3,8,180,120,0,0,Complete,Quatam,Quatam,Shore,Coastal,50.37998548,-124.9421762,Alans,FR-810D,25,0.5,160,Incoming,160,0,160,,160,160,0,160,,,308,188,,,,5:08:04
SC01010025,"Blackburn, Ian",Michael W. Hrycenko,SC,2001,6,15,166,3,7,180,119,0,0,Complete,Orford,Orford,Shore,Coastal,50.59741885,-124.8643361,Alans,FR-810D,25,0.5,137,Incoming,137,0,137,,137,137,0,137,,,306,187,,,,5:06:32
SC01010026,"Blackburn, Ian",Sean A. Cullen,SC,2001,6,16,167,3,7,180,119,0,0,Complete,Orford,Orford,Shore,Coastal,50.59741885,-124.8643361,Alans,FR-810D,25,0.5,91,Incoming,91,0,91,,91,91,0,91,,,306,187,,,,5:06:30
SC01010027,"Blackburn, Ian",Michael W. Hrycenko,SC,2001,6,17,168,3,6,157,119,0,0,Complete,Bear,Bear,Shore,Coastal,50.83276115,-124.948457,Alans,FR-810D,25,0.5,88,Incoming,88,0,88,88,88,88,0,88,88,Ended early due to radar failure,305,186,,,,5:05:35
SC01010028,"Blackburn, Ian",Sean A. Cullen,SC,2001,6,21,172,3,9,179,119,0,0,Complete,Quatam,Quatam,Shore,Coastal,50.37998548,-124.9421762,Alans,FR-810D,25,0.5,118,Incoming,118,0,118,,118,118,0,118,,,308,189,,,,5:08:29
SC01010029,"Blackburn, Ian",Michael W. Hrycenko,SC,2001,6,22,173,3,8,140,120,0,0,Complete,Quatam,Quatam,Shore,Coastal,50.37998548,-124.9421762,Alans,FR-810D,25,0.5,153,Incoming,153,0,153,,153,153,0,153,,,308,188,,,,5:08:44
SC01010030,"Blackburn, Ian",Sean A. Cullen,SC,2001,6,23,174,3,8,120,119,0,0,Excluded,Brittain,Brittain,Shore,Coastal,49.99734833,-124.0040689,Alans,FR-810D,25,0.5,0,,0,0,0,,0,0,0,0,,Complete Rain Out,307,188,,,,5:07:15
SC01010031,"Blackburn, Ian",Sean A. Cullen,SC,2001,6,24,175,3,8,120,119,0,0,Excluded,Brittain,Brittain,Shore,Coastal,49.99734833,-124.0040689,Alans,FR-810D,25,0.5,0,,0,0,0,,0,0,0,0,,Complete Rain Out,307,188,,,,5:07:36
SC01010032,"Blackburn, Ian",Sean A. Cullen,SC,2001,6,25,176,3,8,60,120,0,0,Excluded,Tzoonie,Tzoonie,Shore,Coastal,49.77280719,-123.7263494,Alans,FR-810D,25,0.5,0,,0,0,0,,0,0,0,0,,Complete Rain Out,308,188,,,,5:08:01
SC01010033,"Blackburn, Ian",Michael W. Hrycenko,SC,2001,6,26,177,3,8,180,120,0,0,Complete,Tzoonie,Tzoonie,Shore,Coastal,49.77280719,-123.7263494,Alans,FR-810D,25,0.5,39,Incoming,39,0,39,39,39,39,0,39,39,,308,188,,,,5:08:26
SC01010034,"Blackburn, Ian",Sean A. Cullen,SC,2001,6,27,178,3,8,120,120,0,0,Excluded,McNab,McNab,Shore,Coastal,49.55911237,-123.3907067,Alans,FR-810D,25,0.5,2,Incoming,2,0,2,,2,2,0,2,,,308,188,,,,5:08:38
SC01010035,"Blackburn, Ian",NA,SC,2001,6,28,179,3,10,60,119,0,0,Excluded,McNab,McNab,Shore,Coastal,49.55911237,-123.3907067,Alans,FR-810D,25,0.5,0,,0,0,0,,0,0,0,0,,Complete Rain Out,309,190,,,,5:09:08
SC01010036,"Blackburn, Ian",Sean A. Cullen,SC,2001,7,4,185,3,17,118,117,0,0,Complete,Forbes,Forbes,Shore,Coastal,50.24581075,-124.5915155,Alans,FR-810D,25,0.5,95,Incoming,95,0,95,,95,95,0,95,,,314,197,,,,5:14:28
SC01010037,"Blackburn, Ian",NA,SC,2001,7,5,186,3,15,60,118,0,0,Excluded,Toba,Toba,Shore,Coastal,50.48139045,-124.3761277,Alans,FR-810D,25,0.5,0,,0,0,0,,0,0,0,0,,Cancelled due to Wind - excessive sea clutter & rocking,313,195,,,,5:13:13
SC01010038,"Blackburn, Ian",NA,SC,2001,7,6,187,3,12,180,122,0,0,Complete,Toba,Toba,Shore,Coastal,50.48139045,-124.3761277,Alans,FR-810D,25,0.5,156,Incoming,156,0,156,,156,156,0,156,,,314,192,,,,5:14:04
SC01010039,"Blackburn, Ian",NA,SC,2001,7,7,188,3,12,60,124,0,0,Excluded,Brem,Brem,Shore,Coastal,50.43385507,-124.6657284,Alans,FR-810D,25,0.5,0,,0,0,0,,0,0,0,0,,Complete Rain Out,316,192,,,,5:16:20
SC01010040,"Blackburn, Ian",Sean A. Cullen,SC,2001,7,8,189,3,13,181,123,0,0,Complete,Bear,Bear,Shore,Coastal,50.83276115,-124.948457,Alans,FR-810D,25,0.5,78,Incoming,78,0,78,,78,78,0,78,,,316,193,,,,5:16:24
SC01010041,"Blackburn, Ian",Michael W. Hrycenko,SC,2001,7,9,190,3,15,151,122,0,0,Complete,Bear,Bear,Shore,Coastal,50.83276115,-124.948457,Alans,FR-810D,25,0.5,70,Incoming,70,0,70,,70,70,0,70,,,317,195,,,,5:17:21
SC01010042,"Blackburn, Ian",Sean A. Cullen,SC,2001,7,10,191,3,19,178,120,0,0,Complete,Orford,Orford,Shore,Coastal,50.59741885,-124.8643361,Alans,FR-810D,25,0.5,207,Incoming,207,0,207,207,207,207,0,207,207,,319,199,,,,5:19:10
SC01010043,"Blackburn, Ian",Michael W. Hrycenko,SC,2001,7,11,192,3,15,119,125,0,0,Complete,Orford,Orford,Shore,Coastal,50.59741885,-124.8643361,Alans,FR-810D,25,0.5,135,Incoming,135,0,135,,135,135,0,135,,50 % Sea Clutter,320,195,,,,5:20:12
SC01010044,"Blackburn, Ian",Sean A. Cullen,SC,2001,7,12,193,3,20,122,122,0,0,Complete,Quatam,Quatam,Shore,Coastal,50.37998548,-124.9421762,Alans,FR-810D,25,0.5,134,Incoming,134,0,134,,134,134,0,134,,10-20% Sea Clutter,322,200,,,,5:22:35
SC01010045,"Blackburn, Ian",Michael W. Hrycenko,SC,2001,7,13,194,3,21,121,122,0,0,Complete,Quatam,Quatam,Shore,Coastal,50.37998548,-124.9421762,Alans,FR-810D,25,0.5,229,Incoming,229,0,229,229,229,229,0,229,229,ended survey early due to very long travel day,323,201,,,,5:23:40
SC01010046,"Blackburn, Ian",MCD,SC,2001,7,14,195,3,15,163,127,0,0,Complete,Vancouver,Vancouver,Shore,Coastal,49.92389967,-123.8754569,Alans,FR-810D,25,0.5,89,Incoming,89,0,89,89,89,89,0,89,89,,322,195,,,,5:22:35
SC01010047,"Blackburn, Ian",NA,SC,2001,7,15,196,3,7,120,136,0,0,Excluded,Brittain,Brittain,Shore,Coastal,49.99734833,-124.0040689,Alans,FR-810D,25,0.5,0,,0,0,0,,0,0,0,0,,Complete Rain Out,323,187,,,,5:23:52
SC01010048,"Blackburn, Ian",MCD,SC,2001,7,17,198,3,20,73,126,50,50,Complete,Brittain,Brittain,Shore,Coastal,49.99734833,-124.0040689,Alans,FR-810D,25,0.5,67,Incoming,67,0,67,67,67,67,0,67,67,Clutter ended at 50 min.,326,200,,,,5:26:09
SC02010002,"Blackburn, Ian",Sean A. Cullen,SC,2002,6,15,166,3,3,180,120,0,0,Complete,Ashlu River,Ashlu River - approx coords,Shore,Inland,49.91,-123.32,Trudys (MOE),FR-7111,25,0,2,Incoming,2,0,2,2,2,2,0,2,2,,303,183,,,,5:03:56
SC02010003,"Blackburn, Ian",Sean A. Cullen,SC,2002,6,16,167,3,3,180,120,0,0,Complete,Elaho River,Elaho River (Clendinning Creek) - approx coords,Shore,Inland,50.253,-123.591,Trudys (MOE),FR-7111,25,0,21,Outgoing,10,21,10,21,21,10,21,10,21,,303,183,,,,5:03:12
SC02010004,"Blackburn, Ian",Sean A. Cullen,SC,2002,6,17,168,3,3,180,120,0,0,Excluded,Elaho River,Elaho River (Sims Creek) - approx coords,Shore,Inland,50.247,-123.579,Trudys (MOE),FR-7111,25,0,1,Outgoing,0,1,0,1,1,0,1,0,1,,303,183,,,,5:03:11
SC02010005,"Blackburn, Ian",Sean A. Cullen,SC,2002,7,3,184,3,7,180,120,0,0,Complete,Chilliwack River (Thurston Meadows),Chilliwack River (Thurston Meadows) - approx coord,Shore,Inland,49.077,-121.748,Trudys (MOE),FR-7111,25,0,9,Incoming,9,1,9,9,9,9,1,9,9,,307,187,,,,5:07:51
SC02010006,"Blackburn, Ian",Sean A. Cullen,SC,2002,7,4,185,3,8,180,120,0,0,Complete,Fraser River (Island 22),Fraser River (Island 22) - approx coords,Shore,Inland,49.193,-121.977,Trudys (MOE),FR-7111,25,0,8,Incoming,8,2,8,8,8,8,2,8,8,,308,188,,,,5:08:56
SC02010007,"Blackburn, Ian",Sean A. Cullen,SC,2002,7,6,187,20,0,120,0,0,0,Complete,Chilliwack Lake,Chilliwack Lake - approx coords,Shore,Inland,49.046,-121.404,Trudys (MOE),FR-7111,25,0,0,,0,0,0,0,0,0,0,0,0,,308,1200,,,,5:08:53
SC02010001,"Blackburn, Ian",Sean A. Cullen,SC,2002,7,7,188,20,0,120,0,0,0,Complete,Elk Creek,Elk Creek - approx coords,Shore,Inland,49.149,-121.931,Trudys (MOE),FR-7111,25,0,2,Outgoing,0,2,0,2,2,0,2,0,2,,311,1200,,,,5:11:20
SC02010008,"Blackburn, Ian",Sean A. Cullen,SC,2002,7,10,191,3,16,165,120,15,,Complete,Coquitlam River,Coquitlam River - approx coords,Shore,Inland,49.353,-122.777,Trudys (MOE),FR-7111,25,0,2,Outgoing,1,2,1,2,2,1,2,1,2,,316,196,,,,5:16:28
SC02010009,"Blackburn, Ian",Sean A. Cullen,SC,2002,7,11,192,3,17,180,120,0,0,Complete,Seymour River,Seymour River - approx coords,Shore,Inland,49.495,-122.968,Trudys (MOE),FR-7111,25,0,2,Outgoing,1,2,1,2,2,1,2,1,2,,317,197,,,,5:17:33
SC02010010,"Blackburn, Ian",Sean A. Cullen,SC,2002,7,12,193,3,19,180,120,0,0,Complete,Capilano River,Capilano River - approx coords,Shore,Inland,49.393,-123.14,Trudys (MOE),FR-7111,25,0,1,Incoming,1,1,1,1,1,1,1,1,1,,319,199,,,,5:19:42
SC02010011,"Blackburn, Ian",Sean A. Cullen,SC,2002,7,16,197,20,0,120,0,0,0,Complete,Callaghan Creek,Callaghan Creek - approx coords,Shore,Inland,50.1749,-123.165,Trudys (MOE),FR-7111,25,0,0,,0,0,0,0,0,0,0,0,0,,320,1200,,,,5:20:34
SC02010012,"Blackburn, Ian",Sean A. Cullen,SC,2002,7,17,198,3,20,180,120,0,0,Excluded,Soo River,Soo River - approx coords,Shore,Inland,50.272,-122.867,Trudys (MOE),FR-7111,25,0,0,,0,0,0,0,0,0,0,0,0,,320,200,,,,5:20:06
SC02010013,"Blackburn, Ian",Sean A. Cullen,SC,2002,7,19,200,3,26,146,120,34,,Complete,Furry Creek,Furry Creek - approx coords,Shore,Coastal,49.579,-123.196,Trudys (MOE),FR-7111,25,0,4,Incoming,4,0,4,4,4,4,0,4,4,,326,206,,,,5:26:48
SC02010014,"Blackburn, Ian",Sean A. Cullen,SC,2002,7,24,205,3,30,173,120,7,,Complete,Pitt Lake,Pitt Lake - approx coords,Shore,Inland,49.542,-122.595,Trudys (MOE),FR-7111,25,0,2,Incoming,2,0,2,2,2,2,0,2,2,,330,210,,,,5:30:43
SC06010002,"Schroeder, Bernard",Lea S. Menzies,SC,2006,6,23,174,3,7,180,120,0,0,Complete,Brem,Brem,Shore,Coastal,50.43045414,-124.6720721,RESL 1,FR-7111,25,0.75,336,Incoming,345,14,336,336,304,313,13,304,304,,307,187,329,7,30,5:07:00
SC06010003,"Schroeder, Bernard",Lea S. Menzies,SC,2006,6,23,174,21,4,120,30,0,0,Complete,Brem,Brem,Shore,Coastal,50.43045414,-124.6720721,RESL 1,FR-7111,25,0.75,21,Incoming,21,14,0,,14,20,14,0,,,1294,1264,,,,21:34:00
SC06010009,"Schroeder, Bernard",Lea S. Menzies,SC,2006,6,24,175,3,7,180,120,0,0,Complete,Brem,Brem,Shore,Coastal,50.43045414,-124.6720721,RESL 1,FR-7111,25,0.75,279,Incoming,282,6,279,,256,258,6,256,,,307,187,258,21,30,5:07:00
SC06010031,"Schroeder, Bernard",Lea S. Menzies,SC,2006,6,25,176,3,6,180,120,0,0,Complete,Toba,Toba,Shore,Coastal,50.48640273,-124.3812072,RESL 1,FR-7111,25,0.75,275,Incoming,279,38,275,275,208,212,35,208,267,,306,186,235,40,30,5:06:00
SC06010004,"Schroeder, Bernard",Lea S. Menzies,SC,2006,6,25,176,21,3,120,30,0,0,Complete,Toba,Toba,Shore,Coastal,50.48640273,-124.3812072,RESL 1,FR-7111,25,0.75,51,Outgoing,8,51,0,,48,6,48,0,,,1293,1263,,,,21:33:00
SC06010017,"Schroeder, Bernard",Lea S. Menzies,SC,2006,6,26,177,3,6,180,120,0,0,Complete,Toba,Toba,Shore,Coastal,50.48640273,-124.3812072,RESL 1,FR-7111,25,0.75,113,Incoming,115,13,113,,108,110,13,108,,,306,186,99,14,30,5:06:00
SC06010001,"Schroeder, Bernard",Lea S. Menzies,SC,2006,6,27,178,3,8,180,120,0,0,Complete,Orford,Orford,Shore,Coastal,50.59341434,-124.8639094,RESL 1,FR-7111,25,0.75,148,Incoming,148,11,148,,128,128,10,128,,,308,188,137,11,30,5:08:00
SC06010033,"Schroeder, Bernard",Lea S. Menzies,SC,2006,6,28,179,21,7,120,30,0,0,Complete,Homathko,Homathko,Shore,Coastal,50.9163575,-124.8525129,RESL 1,FR-7111,25,0.75,46,Incoming,46,38,0,,26,33,26,0,,,1297,1267,,,,21:37:00
SC06010008,"Schroeder, Bernard",Lea S. Menzies,SC,2006,6,29,180,3,7,180,120,0,0,Complete,Homathko,Homathko,Shore,Coastal,50.9163575,-124.8525129,RESL 1,FR-7111,25,0.75,64,Incoming,72,60,64,64,52,59,51,52,52,,307,187,58,6,30,5:07:00
SC06010024,"Schroeder, Bernard",Lea S. Menzies,SC,2006,6,29,180,21,5,120,30,0,0,Complete,Orford,Orford,Shore,Coastal,50.59204776,-124.8666813,RESL 1,FR-7111,25,0.5,102,Outgoing,88,102,0,,81,59,81,0,,,1295,1265,,,,21:35:00
SC06010029,"Schroeder, Bernard",Lea S. Menzies,SC,2006,6,30,181,3,10,180,120,0,0,Complete,Orford,Orford,Shore,Coastal,50.59341434,-124.8639094,RESL 1,FR-7111,25,0.75,536,Incoming,538,102,536,536,476,477,81,476,476,,310,190,496,40,30,5:10:00
SC06010025,"Schroeder, Bernard",Lea S. Menzies,SC,2006,7,1,182,3,12,180,120,0,0,Complete,Quatam,Quatam,Shore,Coastal,50.38732687,-124.9468936,RESL 1,FR-7111,25,0.75,266,Incoming,267,89,266,266,239,240,76,239,239,,312,192,264,2,30,5:12:00
SC06010022,"Schroeder, Bernard",Lea S. Menzies,SC,2006,7,3,184,3,11,0,120,180,,Complete,Vancouver,Vancouver,Shore,Coastal,49.92362539,-123.8772352,RESL 1,FR-7111,25,0.75,263,Incoming,265,37,263,263,258,260,31,258,258,,311,191,252,11,30,5:11:00
SC06010012,"Schroeder, Bernard",Lea S. Menzies,SC,2006,7,3,184,20,57,0,0,120,,Complete,Vancouver,Vancouver,Shore,Coastal,49.92362539,-123.8772352,RESL 1,FR-7111,25,0.75,51,Incoming,51,23,0,,19,45,19,0,,,1257,1257,,,,20:57:00
SC06010007,"Schroeder, Bernard",Lea S. Menzies,SC,2006,7,4,185,3,12,4,120,180,,Complete,Vancouver,Vancouver,Shore,Coastal,49.92362539,-123.8772352,RESL 1,FR-7111,25,0.75,146,Incoming,149,31,146,,137,140,26,137,,,312,192,146,,,5:12:00
SC06010010,"Schroeder, Bernard",Lea S. Menzies,SC,2006,7,5,186,3,13,180,120,0,0,Complete,Skwawka,Skwawka,Shore,Coastal,50.21061534,-123.9725886,RESL 1,FR-7111,25,0.75,205,Incoming,206,35,205,,197,198,30,197,,,313,193,198,7,30,5:13:00
SC06010038,"Schroeder, Bernard",Lea S. Menzies,SC,2006,7,6,187,3,13,175,120,10,,Complete,Skwawka,Skwawka,Shore,Coastal,50.21055892,-123.9728818,RESL 1,FR-7111,25,0.75,312,Incoming,338,46,312,312,280,304,41,280,280,,313,193,305,7,30,5:13:00
SC06010006,"Schroeder, Bernard",Lea S. Menzies,SC,2006,7,6,187,20,55,95,30,25,,Complete,Brittain,Brittain,Shore,Coastal,49.991419,-124.009554,RESL 1,FR-7111,25,0.5,33,Outgoing,32,33,0,,23,25,23,0,,,1285,1255,,,,21:25:00
SC06010036,"Schroeder, Bernard",Lea S. Menzies,SC,2006,7,10,191,3,18,180,120,0,0,Complete,Brem,Brem,Shore,Coastal,50.43035221,-124.6722797,RESL 1,FR-7111,25,0.75,288,Incoming,288,11,288,,283,283,11,283,,,318,198,288,,,5:18:00
SC06010014,"Schroeder, Bernard",Lea S. Menzies,SC,2006,7,11,192,3,17,180,120,0,0,Complete,Toba,Toba,Shore,Coastal,50.48640273,-124.3812072,RESL 1,FR-7111,25,0.75,275,Incoming,275,120,275,275,267,267,116,267,267,,317,197,253,22,30,5:17:00
SC06010016,"Schroeder, Bernard",Lea S. Menzies,SC,2006,7,14,195,3,22,169,120,11,,Complete,Orford,Orford,Shore,Coastal,50.59201474,-124.8681776,RESL 1,FR-7111,25,0.5,451,Incoming,451,58,451,,342,342,46,342,,,322,202,445,6,30,5:22:00
SC06010019,"Schroeder, Bernard",Lea S. Menzies,SC,2006,7,15,196,3,24,0,120,180,,Complete,Quatam,Quatam,Shore,Coastal,50.38237773,-124.9443418,RESL 1,FR-7111,25,0.75,96,Incoming,97,6,96,,95,96,6,95,,,324,204,96,,,5:24:00
SC06010020,"Schroeder, Bernard",Lea S. Menzies,SC,2006,7,16,197,3,25,0,120,180,,Complete,Quatam,Quatam,Shore,Coastal,50.38237773,-124.9443418,RESL 1,FR-7111,25,0.75,124,Incoming,125,10,124,,116,117,10,116,,,325,205,119,5,30,5:25:00
SC06010021,"Schroeder, Bernard",Lea S. Menzies,SC,2006,7,17,198,3,24,0,120,180,,Complete,Brittain,Brittain,Shore,Coastal,49.99126253,-124.0098993,RESL 1,FR-7111,25,0.75,74,Incoming,77,42,74,74,64,67,38,64,64,,324,204,72,2,30,5:24:00
SC06010027,"Schroeder, Bernard",Lea S. Menzies,SC,2006,7,18,199,3,25,193,120,0,0,Complete,Skwawka,Skwawka,Shore,Coastal,50.21055892,-123.9728818,RESL 1,FR-7111,25,0.75,235,Incoming,263,101,235,,207,232,83,207,,,325,205,228,7,30,5:25:00
SC06010034,"Schroeder, Bernard",Lea S. Menzies,SC,2006,7,19,200,3,26,160,120,0,,Complete,Vancouver,Vancouver,Shore,Coastal,49.92363944,-123.8765667,RESL 1,FR-7111,25,0.75,198,Incoming,199,50,198,,190,191,44,190,,,326,206,198,,,5:26:00
SC06010037,"Schroeder, Bernard",Lea S. Menzies,SC,2006,7,20,201,3,28,180,120,0,0,Complete,Brittain,Brittain,Shore,Coastal,49.9916045,-124.0098786,RESL 1,FR-7111,25,0.75,36,Incoming,37,34,36,,31,30,31,29,,,328,208,35,1,30,5:28:00
SC08010001,"Schroeder, Bernard",Derek L. Shaw,SC,2008,5,30,151,20,43,97,34,0,0,Complete,Vancouver,Vancouver,Shore,Coastal,49.92326053,-123.8755289,CWS 6 (Dunbar),FR-7112,25,0.75,8,Outgoing,1,8,0,,6,1,6,0,,,1277,1243,,,,21:17:00
SC08010002,"Schroeder, Bernard",Derek L. Shaw,SC,2008,5,31,152,3,40,155,94,0,0,Complete,Vancouver,Vancouver,Shore,Coastal,49.92326053,-123.8755289,CWS 6 (Dunbar),FR-7112,25,0.75,14,Incoming,16,10,14,,14,16,9,14,,,314,220,14,,,5:14:00
SC08010003,"Schroeder, Bernard",Derek L. Shaw,SC,2008,5,31,152,20,43,95,35,0,0,Complete,Deserted,Deserted,Shore,Coastal,50.08801655,-123.744075,CWS 6 (Dunbar),FR-7112,25,0.75,19,Incoming,19,4,0,,3,19,3,0,,,1278,1243,,,,21:18:00
SC08010004,"Schroeder, Bernard",Derek L. Shaw,SC,2008,6,1,153,3,39,98,94,36,,Complete,Deserted,Deserted,Shore,Coastal,50.08801655,-123.744075,CWS 6 (Dunbar),FR-7112,25,0.75,53,Incoming,55,18,53,,49,51,18,49,,,313,219,53,,,5:13:00
SC08010005,"Schroeder, Bernard",Derek L. Shaw,SC,2008,6,2,154,3,49,137,84,15,,Complete,Deserted,Deserted,Shore,Coastal,50.08801655,-123.744075,CWS 6 (Dunbar),FR-7112,25,0.75,50,Incoming,56,25,50,,46,51,21,46,,,313,229,50,,,5:13:00
SC08010006,"Schroeder, Bernard",Derek L. Shaw,SC,2008,6,2,154,20,46,99,34,0,0,Complete,Skwawka,Skwawka,Shore,Coastal,50.21296287,-123.9800647,CWS 6 (Dunbar),FR-7112,25,0.75,51,Incoming,51,25,0,,23,48,23,0,,,1280,1246,,,,21:20:00
SC08010007,"Schroeder, Bernard",Derek L. Shaw,SC,2008,6,3,155,3,38,50,94,82,,Excluded,Skwawka,Skwawka,Shore,Coastal,50.21296287,-123.9800647,CWS 6 (Dunbar),FR-7112,25,0.75,0,,0,0,0,,0,0,0,0,,,312,218,,,,5:12:00
SC08010008,"Schroeder, Bernard",Derek L. Shaw,SC,2008,6,4,156,3,41,151,91,0,0,Complete,Skwawka,Skwawka,Shore,Coastal,50.21296287,-123.9800647,CWS 6 (Dunbar),FR-7112,25,0.75,167,Incoming,175,61,167,,162,170,55,162,,,312,221,167,,,5:12:00
SC08010009,"Schroeder, Bernard",Stacey Mole,SC,2008,6,4,156,20,52,90,30,0,0,Complete,Brittain,Brittain,Shore,Coastal,49.98784374,-124.0100091,CWS 6 (Dunbar),FR-7112,25,0.75,0,,0,0,0,,0,0,0,0,,,1282,1252,,,,21:22:00
SC08010010,"Schroeder, Bernard",Stacey Mole,SC,2008,6,5,157,3,40,127,91,25,,Complete,Brittain,Brittain,Shore,Coastal,49.98784374,-124.0100091,CWS 6 (Dunbar),FR-7112,25,0.75,0,,0,0,0,,0,0,0,0,,,311,220,,,,5:11:00
SC08010011,"Schroeder, Bernard",Stacey Mole,SC,2008,6,6,158,3,40,0,91,63,,Excluded,Brittain,Brittain,Shore,Coastal,49.98784374,-124.0100091,CWS 6 (Dunbar),FR-7112,25,0.75,0,,0,0,0,,0,0,0,0,,,311,220,,,,5:11:00
SC08010012,"Schroeder, Bernard",Derek L. Shaw,SC,2008,6,7,159,3,35,162,95,0,0,Complete,Forbes,Forbes,Shore,Coastal,50.24701635,-124.5921448,CWS 6 (Dunbar),FR-7112,25,0.75,80,Incoming,106,62,80,,76,97,54,76,,,310,215,80,,,5:10:00
SC08010013,"Schroeder, Bernard",Derek L. Shaw,SC,2008,6,7,159,20,42,102,42,0,0,Complete,Forbes,Forbes,Shore,Coastal,50.24701635,-124.5921448,CWS 6 (Dunbar),FR-7112,25,0.75,21,Incoming,21,15,0,,15,17,15,0,,,1284,1242,,,,21:24:00
SC08010014,"Schroeder, Bernard",Derek L. Shaw,SC,2008,6,8,160,3,33,97,97,0,0,Excluded,Forbes,Forbes,Shore,Coastal,50.24701635,-124.5921448,CWS 6 (Dunbar),FR-7112,25,0.75,0,,0,0,0,,0,0,0,0,,,310,213,,,,5:10:00
SC08010015,"Schroeder, Bernard",Derek L. Shaw,SC,2008,6,8,160,20,52,108,33,0,0,Complete,Toba,Toba,Shore,Coastal,50.48616007,-124.3925058,CWS 6 (Dunbar),FR-7112,25,0.75,172,Incoming,172,91,0,,76,143,76,0,,,1285,1252,,,,21:25:00
SC08010016,"Schroeder, Bernard",Derek L. Shaw,SC,2008,6,9,161,3,33,158,96,0,0,Complete,Toba,Toba,Shore,Coastal,50.48616007,-124.3925058,CWS 6 (Dunbar),FR-7112,25,0.75,151,Incoming,154,85,151,,139,142,76,139,,,309,213,151,,,5:09:00
SC08010017,"Schroeder, Bernard",Derek L. Shaw,SC,2008,6,10,162,3,33,158,96,0,0,Complete,Toba,Toba,Shore,Coastal,50.48616007,-124.3925058,CWS 6 (Dunbar),FR-7112,25,0.75,243,Incoming,262,103,243,243,201,217,77,201,201,,309,213,241,2,6,5:09:00
SC08010018,"Schroeder, Bernard",Derek L. Shaw,SC,2008,6,10,162,20,52,108,35,0,0,Complete,Brem,Brem,Shore,Coastal,50.43480219,-124.6605091,CWS 6 (Dunbar),FR-7112,25,0.75,94,Incoming,94,46,0,,41,81,41,0,,,1287,1252,,,,21:27:00
SC08010019,"Schroeder, Bernard",Derek L. Shaw,SC,2008,6,11,163,3,33,157,96,0,0,Complete,Brem,Brem,Shore,Coastal,50.43480219,-124.6605091,CWS 6 (Dunbar),FR-7112,25,0.75,314,Incoming,316,26,314,314,255,257,25,255,255,,309,213,313,1,6,5:09:00
SC08010020,"Schroeder, Bernard",Derek L. Shaw,SC,2008,6,12,164,3,33,157,96,0,0,Complete,Brem,Brem,Shore,Coastal,50.43480219,-124.6605091,CWS 6 (Dunbar),FR-7112,25,0.75,259,Incoming,267,32,259,,231,237,29,231,,,309,213,258,1,6,5:09:00
SC08010021,"Schroeder, Bernard",Stacey Mole,SC,2008,6,12,164,20,54,76,34,20,,Complete,Southgate,Southgate,Shore,Coastal,50.89472814,-124.793848,CWS 6 (Dunbar),FR-7112,25,0.75,14,Incoming,14,4,0,,3,12,3,0,,,1288,1254,,,,21:28:00
SC08010022,"Schroeder, Bernard",Stacey Mole,SC,2008,6,13,165,3,30,153,98,0,0,Complete,Southgate,Southgate,Shore,Coastal,50.89472814,-124.793848,CWS 6 (Dunbar),FR-7112,25,0.75,25,Incoming,26,9,25,,24,25,8,24,,,308,210,25,,,5:08:00
SC08010023,"Schroeder, Bernard",Stacey Mole,SC,2008,6,14,166,3,35,154,93,0,0,Complete,Southgate,Southgate,Shore,Coastal,50.89472814,-124.793848,CWS 6 (Dunbar),FR-7112,25,0.75,18,Incoming,18,7,18,,17,17,5,17,,,308,215,18,,,5:08:00
SC08010024,"Schroeder, Bernard",Derek L. Shaw,SC,2008,6,14,166,20,56,102,33,0,0,Complete,Orford,Orford,Shore,Coastal,50.59706574,-124.8650428,CWS 6 (Dunbar),FR-7112,25,0.5,43,Incoming,43,26,0,,24,33,24,0,,,1289,1256,,,,21:29:00
SC08010025,"Schroeder, Bernard",Derek L. Shaw,SC,2008,6,15,167,3,35,153,93,0,0,Complete,Orford,Orford,Shore,Coastal,50.59706574,-124.8650428,CWS 6 (Dunbar),FR-7112,25,0.5,153,Incoming,154,60,153,,115,116,50,115,,,308,215,151,2,3,5:08:00
SC08010026,"Schroeder, Bernard",Derek L. Shaw,SC,2008,6,16,168,3,33,155,95,0,0,Complete,Orford,Orford,Shore,Coastal,50.59706574,-124.8650428,CWS 6 (Dunbar),FR-7112,25,0.5,200,Incoming,208,64,200,,150,155,56,150,,,308,213,199,1,5,5:08:00
SC08010027,"Schroeder, Bernard",Derek L. Shaw,SC,2008,6,16,168,20,56,94,0,0,0,Complete,Quatam,Quatam,Shore,Coastal,50.37634658,-124.9414087,CWS 6 (Dunbar),FR-7112,25,0.75,71,Incoming,71,10,0,,9,57,9,0,,,308,1256,,,,5:08:00
SC08010028,"Schroeder, Bernard",Derek L. Shaw,SC,2008,6,17,169,3,35,144,93,9,,Complete,Quatam,Quatam,Shore,Coastal,50.37634658,-124.9414087,CWS 6 (Dunbar),FR-7112,25,0.75,95,Incoming,101,15,95,,80,84,12,80,,,308,215,95,,,5:08:00
SC08010029,"Schroeder, Bernard",Derek L. Shaw,SC,2008,6,19,171,3,33,155,95,0,0,Complete,Forbes,Forbes,Shore,Coastal,50.24784893,-124.5930843,CWS 6 (Dunbar),FR-7112,25,0.75,124,Incoming,127,34,124,124,100,103,32,100,102,,308,213,124,,,5:08:00
SC08010030,"Schroeder, Bernard",Derek L. Shaw,SC,2008,6,20,172,3,34,145,95,10,,Complete,Forbes,Forbes,Shore,Coastal,50.24784893,-124.5930843,CWS 6 (Dunbar),FR-7112,25,0.75,119,Incoming,128,37,119,,102,109,34,102,,,309,214,119,,,5:09:00
SC08010031,"Schroeder, Bernard",Derek L. Shaw,SC,2008,6,21,173,3,34,155,95,0,0,Complete,Toba,Toba,Shore,Coastal,50.48616007,-124.3925058,CWS 6 (Dunbar),FR-7112,25,0.75,82,Incoming,85,67,82,,67,70,58,67,,,309,214,81,1,5,5:09:00
SC08010032,"Schroeder, Bernard",Derek L. Shaw,SC,2008,6,22,174,3,37,153,92,0,0,Complete,Brem,Brem,Shore,Coastal,50.43480219,-124.6605091,CWS 6 (Dunbar),FR-7112,25,0.75,240,Incoming,249,45,240,,200,208,38,200,,,309,217,240,,,5:09:00
SC08010033,"Schroeder, Bernard",Stacey Mole,SC,2008,6,23,175,3,38,152,91,0,0,Complete,Southgate,Southgate,Shore,Coastal,50.89486014,-124.794621,CWS 6 (Dunbar),FR-7112,25,0.75,24,Incoming,24,14,24,,18,18,13,18,,,309,218,24,,,5:09:00
SC08010034,"Schroeder, Bernard",Stacey Mole,SC,2008,6,24,176,3,38,152,92,0,0,Complete,Southgate,Southgate,Shore,Coastal,50.89486014,-124.794621,CWS 6 (Dunbar),FR-7112,25,0.75,42,Incoming,44,24,42,42,32,34,17,32,32,,310,218,42,,,5:10:00
SC08010035,"Schroeder, Bernard",Derek L. Shaw,SC,2008,6,25,177,3,38,152,92,0,0,Complete,Orford,Orford,Shore,Coastal,50.59713206,-124.8648335,CWS 6 (Dunbar),FR-7112,25,0.5,252,Incoming,256,80,252,252,180,184,69,180,180,,310,218,252,,,5:10:00
SC08010036,"Schroeder, Bernard",Derek L. Shaw,SC,2008,6,26,178,3,38,149,93,4,,Complete,Quatam,Quatam,Shore,Coastal,50.3761486,-124.9414147,CWS 6 (Dunbar),FR-7112,25,0.75,141,Incoming,150,45,141,,114,122,39,114,,,311,218,140,1,3,5:11:00
SC08010037,"Schroeder, Bernard",Derek L. Shaw,SC,2008,6,27,179,3,37,168,94,0,0,Complete,Quatam,Quatam,Shore,Coastal,50.3761486,-124.9414147,CWS 6 (Dunbar),FR-7112,25,0.75,177,Incoming,198,42,177,177,132,146,37,132,132,,311,217,177,,,5:11:00
SC08010038,"Schroeder, Bernard",Derek L. Shaw,SC,2008,6,29,181,3,39,153,93,0,0,Complete,Vancouver,Vancouver,Shore,Coastal,49.92314338,-123.8779369,CWS 6 (Dunbar),FR-7112,25,0.75,87,Incoming,88,34,87,,70,71,31,70,,,312,219,87,,,5:12:00
SC08010039,"Schroeder, Bernard",Derek L. Shaw,SC,2008,6,30,182,3,39,155,94,0,0,Complete,Vancouver,Vancouver,Shore,Coastal,49.92314338,-123.8779369,CWS 6 (Dunbar),FR-7112,25,0.75,107,Incoming,107,40,107,107,83,83,36,83,83,,313,219,105,2,4,5:13:00
SC08010040,"Schroeder, Bernard",Derek L. Shaw,SC,2008,7,1,183,3,38,155,95,0,0,Complete,Deserted,Deserted,Shore,Coastal,50.0877481,-123.7438612,CWS 6 (Dunbar),FR-7112,25,0.75,73,Incoming,77,42,73,73,58,61,38,58,58,,313,218,73,,,5:13:00
SC08010041,"Schroeder, Bernard",Derek L. Shaw,SC,2008,7,2,184,3,34,161,100,0,0,Complete,Skwawka,Skwawka,Shore,Coastal,50.21334032,-123.9811657,CWS 6 (Dunbar),FR-7112,25,0.75,215,Incoming,218,94,215,,178,181,81,178,,,314,214,209,6,10,5:14:00
SC08010042,"Schroeder, Bernard",Derek L. Shaw,SC,2008,7,3,185,3,38,146,97,17,,Complete,Skwawka,Skwawka,Shore,Coastal,50.21334032,-123.9811657,CWS 6 (Dunbar),FR-7112,25,0.75,238,Incoming,248,97,238,238,204,214,83,204,204,,315,218,226,12,7,5:15:00
SC08010043,"Schroeder, Bernard",Stacey Mole,SC,2008,7,4,186,3,38,142,98,28,,Complete,Brittain,Brittain,Shore,Coastal,49.98817464,-124.0102253,CWS 6 (Dunbar),FR-7112,25,0.75,35,Incoming,40,28,35,35,33,38,25,33,33,,316,218,35,,,5:16:00
SC08010044,"Schroeder, Bernard",Stacey Mole,SC,2008,7,5,187,3,40,108,96,48,,Excluded,Brittain,Brittain,Shore,Coastal,49.98817464,-124.0102253,CWS 6 (Dunbar),FR-7112,25,0.75,10,Incoming,10,6,10,,9,9,6,9,,,316,220,10,,,5:16:00
SC10010001,"Schroeder, Bernard",Derek L. Shaw,SC,2010,6,1,152,20,44,0,30,14,,Excluded,Vancouver,Vancouver,Shore,Coastal,49.92388036,-123.8768218,CWS 6 (Dunbar),FR-7112,25,0.75,0,,0,0,0,,0,0,0,0,,RAINOUT,1274,1244,,,,21:14:00
SC10010002,"Schroeder, Bernard",Derek L. Shaw,SC,2010,6,2,153,3,40,0,91,30,,Excluded,Vancouver,Vancouver,Shore,Coastal,49.92388036,-123.8768218,CWS 6 (Dunbar),FR-7112,25,0.75,0,,0,0,0,,0,0,0,0,,RAINOUT,311,220,,,,5:11:00
SC10010003,"Schroeder, Bernard",Derek L. Shaw,SC,2010,6,2,153,20,44,91,31,0,0,Complete,Vancouver,Vancouver,Shore,Coastal,49.92388036,-123.8768218,CWS 6 (Dunbar),FR-7112,25,0.75,25,Incoming,25,5,0,,4,18,4,0,,,1275,1244,,,,21:15:00
SC10010004,"Schroeder, Bernard",Derek L. Shaw,SC,2010,6,3,154,3,4,187,125,0,0,Complete,Vancouver,Vancouver,Shore,Coastal,49.92388036,-123.8768218,CWS 6 (Dunbar),FR-7112,25,0.75,83,Incoming,87,22,83,83,70,73,19,70,70,,309,184,83,,,5:09:00
SC10010005,"Schroeder, Bernard",Stacey Mole,SC,2010,6,3,154,20,45,96,30,0,0,Complete,Deserted,Deserted,Shore,Coastal,50.08778446,-123.7452037,CWS 6 (Dunbar),FR-7112,25,0.75,61,Incoming,61,11,0,,10,47,10,0,,,1275,1245,,,,21:15:00
SC10010006,"Schroeder, Bernard",Stacey Mole,SC,2010,6,4,155,3,31,157,97,0,0,Complete,Deserted,Deserted,Shore,Coastal,50.08778446,-123.7452037,CWS 6 (Dunbar),FR-7112,25,0.75,54,Incoming,54,48,54,54,42,41,42,41,42,,308,211,54,,,5:08:00
SC10010007,"Schroeder, Bernard",Stacey Mole,SC,2010,6,5,156,3,35,146,93,0,0,Complete,Deserted,Deserted,Shore,Coastal,50.08778446,-123.7452037,CWS 6 (Dunbar),FR-7112,25,0.75,49,Incoming,55,38,49,,36,41,28,36,,,308,215,49,,,5:08:00
SC10010008,"Schroeder, Bernard",Derek L. Shaw,SC,2010,6,5,156,20,49,90,30,0,0,Complete,Skwawka,Skwawka,Shore,Coastal,50.21324282,-123.9809955,CWS 6 (Dunbar),FR-7112,25,0.75,103,Incoming,103,16,0,,16,84,16,0,,,1279,1249,,,,21:19:00
SC10010009,"Schroeder, Bernard",Derek L. Shaw,SC,2010,6,6,157,3,37,150,90,0,0,Complete,Skwawka,Skwawka,Shore,Coastal,50.21324282,-123.9809955,CWS 6 (Dunbar),FR-7112,25,0.75,240,Incoming,243,68,240,240,197,199,64,197,197,,307,217,240,,,5:07:00
SC10010010,"Schroeder, Bernard",Stacey Mole,SC,2010,6,6,157,20,49,52,30,21,,Complete,Brittain,Brittain,Shore,Coastal,49.99224176,-124.0100314,CWS 6 (Dunbar),FR-7112,25,0.75,27,Incoming,27,19,0,,15,24,15,0,,,1279,1249,,,,21:19:00
SC10010011,"Schroeder, Bernard",Stacey Mole,SC,2010,6,7,158,3,35,110,93,44,,Complete,Brittain,Brittain,Shore,Coastal,49.99224176,-124.0100314,CWS 6 (Dunbar),FR-7112,25,0.75,58,Incoming,58,19,58,58,52,52,17,52,52,4.10 Barking Dog,308,215,58,,,5:08:00
SC10010012,"Schroeder, Bernard",Stacey Mole,SC,2010,6,8,159,3,33,155,95,0,0,Complete,Brittain,Brittain,Shore,Coastal,49.99224176,-124.0100314,CWS 6 (Dunbar),FR-7112,25,0.75,59,Incoming,60,30,59,59,54,55,27,54,54,,308,213,59,,,5:08:00
SC10010013,"Schroeder, Bernard",Derek L. Shaw,SC,2010,6,9,160,3,34,130,94,24,,Complete,Forbes,Forbes,Shore,Coastal,50.24683809,-124.5920266,CWS 6 (Dunbar),FR-7112,25,0.75,74,Incoming,83,14,74,,65,73,12,65,,,308,214,74,,,5:08:00
SC10010014,"Schroeder, Bernard",Derek L. Shaw,SC,2010,6,9,160,20,56,58,30,0,0,Excluded,Forbes,Forbes,Shore,Coastal,50.24683809,-124.5920266,CWS 6 (Dunbar),FR-7112,25,0.75,0,,0,0,0,,0,0,0,0,,RAINOUT,1286,1256,,,,21:26:00
SC10010015,"Schroeder, Bernard",Derek L. Shaw,SC,2010,6,10,161,3,38,25,90,74,,Excluded,Forbes,Forbes,Shore,Coastal,50.24683809,-124.5920266,CWS 6 (Dunbar),FR-7112,25,0.75,49,Incoming,51,1,49,,45,47,1,45,,RAINOUT,308,218,49,,,5:08:00
SC10010016,"Schroeder, Bernard",Derek L. Shaw,SC,2010,6,10,161,20,57,90,30,0,0,Complete,Toba,Toba,Shore,Coastal,50.47575895,-124.4040812,CWS 6 (Dunbar),FR-7112,25,0.75,301,Incoming,301,61,0,,52,207,52,0,,,1287,1257,,,,21:27:00
SC10010017,"Schroeder, Bernard",Derek L. Shaw,SC,2010,6,11,162,3,35,151,91,0,0,Complete,Toba,Toba,Shore,Coastal,50.47575895,-124.4040812,CWS 6 (Dunbar),FR-7112,25,0.75,389,Incoming,433,108,389,389,295,327,79,295,295,,306,215,389,,,5:06:00
SC10010018,"Schroeder, Bernard",Derek L. Shaw,SC,2010,6,12,163,3,36,150,89,0,0,Complete,Toba,Toba,Shore,Coastal,50.47575895,-124.4040812,CWS 6 (Dunbar),FR-7112,25,0.75,219,Outgoing,217,219,217,,163,155,163,155,,,305,216,217,,,5:05:00
SC10010019,"Schroeder, Bernard",Derek L. Shaw,SC,2010,6,12,163,20,56,54,32,39,,Complete,Brem,Brem,Shore,Coastal,50.43502277,-124.6601788,CWS 6 (Dunbar),FR-7112,25,0.75,88,Incoming,88,25,0,,25,70,25,0,,,1288,1256,,,,21:28:00
SC10010020,"Schroeder, Bernard",Derek L. Shaw,SC,2010,6,13,164,3,34,152,92,0,0,Complete,Brem,Brem,Shore,Coastal,50.43502277,-124.6601788,CWS 6 (Dunbar),FR-7112,25,0.75,245,Incoming,282,25,245,,201,232,22,201,,A lot of movement of MAMU between fishing spots,306,214,244,1,2,5:06:00
SC10010021,"Schroeder, Bernard",Stacey Mole,SC,2010,6,13,164,21,0,95,33,0,0,Complete,Southgate,Southgate,Shore,Coastal,50.89412591,-124.7932418,CWS 6 (Dunbar),FR-7112,25,0.75,31,Incoming,31,20,0,,18,27,18,0,,,1293,1260,,,,21:33:00
SC10010022,"Schroeder, Bernard",Stacey Mole,SC,2010,6,14,165,3,3,181,121,0,0,Complete,Southgate,Southgate,Shore,Coastal,50.89412591,-124.7932418,CWS 6 (Dunbar),FR-7112,25,0.75,39,Incoming,45,16,39,,32,37,15,32,,,304,183,39,,,5:04:00
SC10010023,"Schroeder, Bernard",Derek L. Shaw,SC,2010,6,14,165,21,1,9,31,23,,Excluded,Orford,Orford,Shore,Coastal,50.5919602,-124.86429,CWS 6 (Dunbar),FR-7112,25,0.75,0,,0,0,0,,0,0,0,0,,Wave and rain screen obstruction. RAINOUT,1292,1261,,,,21:32:00
SC10010024,"Schroeder, Bernard",Derek L. Shaw,SC,2010,6,15,166,3,32,154,94,0,0,Complete,Orford,Orford,Shore,Coastal,50.5919602,-124.86429,CWS 6 (Dunbar),FR-7112,25,0.75,230,Incoming,244,84,230,,190,201,71,190,,,306,212,229,1,4,5:06:00
SC10010025,"Schroeder, Bernard",Stacey Mole,SC,2010,6,15,166,21,2,93,30,0,0,Complete,Quatam,Quatam,Shore,Coastal,50.37580704,-124.9414008,CWS 6 (Dunbar),FR-7112,25,0.75,64,Incoming,64,12,0,,12,53,12,0,,,1292,1262,,,,21:32:00
SC10010026,"Schroeder, Bernard",Stacey Mole,SC,2010,6,16,167,3,29,158,98,0,0,Complete,Quatam,Quatam,Shore,Coastal,50.37580704,-124.9414008,CWS 6 (Dunbar),FR-7112,25,0.75,114,Incoming,117,24,114,,85,88,21,85,,,307,209,111,3,8,5:07:00
SC10010027,"Schroeder, Bernard",Derek L. Shaw,SC,2010,6,19,170,3,35,144,92,8,,Complete,Forbes,Forbes,Shore,Coastal,50.24654372,-124.5918485,CWS 6 (Dunbar),FR-7112,25,0.75,122,Incoming,123,26,122,,98,99,23,98,,,307,215,122,,,5:07:00
SC10010028,"Schroeder, Bernard",Derek L. Shaw,SC,2010,6,19,170,21,1,90,30,0,0,Complete,Forbes,Forbes,Shore,Coastal,50.24654372,-124.5918485,CWS 6 (Dunbar),FR-7112,25,0.75,5,Incoming,5,5,0,,5,5,5,0,,Radar not detecting A/V sightings.,1291,1261,,,,21:31:00
SC10010029,"Schroeder, Bernard",Derek L. Shaw,SC,2010,6,20,171,3,35,152,92,0,0,Complete,Forbes,Forbes,Shore,Coastal,50.24654372,-124.5918485,CWS 6 (Dunbar),FR-7112,25,0.75,140,Incoming,147,41,140,140,117,123,35,117,117,,307,215,140,,,5:07:00
SC10010030,"Schroeder, Bernard",Derek L. Shaw,SC,2010,6,21,172,3,35,152,92,0,0,Complete,Toba,Toba,Shore,Coastal,50.47563004,-124.4035841,CWS 6 (Dunbar),FR-7112,25,0.75,259,Incoming,268,114,259,,192,199,76,192,,,307,215,258,1,2,5:07:00
SC10010031,"Schroeder, Bernard",Derek L. Shaw,SC,2010,6,22,173,3,35,152,92,0,0,Complete,Brem,Brem,Shore,Coastal,50.4350115,-124.660967,CWS 6 (Dunbar),FR-7112,25,0.75,568,Incoming,590,75,568,568,378,394,61,378,378,,307,215,568,,,5:07:00
SC10010032,"Schroeder, Bernard",Derek L. Shaw,SC,2010,6,23,174,3,35,141,92,12,,Complete,Brem,Brem,Shore,Coastal,50.43216838,-124.6729492,CWS 6 (Dunbar),FR-7112,25,0.75,507,Incoming,526,81,507,507,359,370,73,359,359,,307,215,507,,,5:07:00
SC10010033,"Schroeder, Bernard",Stacey Mole,SC,2010,6,24,175,3,34,0,91,42,,Excluded,Southgate,Southgate,Shore,Coastal,50.89379118,-124.7939542,CWS 6 (Dunbar),FR-7112,25,0.75,0,,0,0,0,,0,0,0,0,,RAINOUT,305,214,,,,5:05:00
SC10010034,"Schroeder, Bernard",Stacey Mole,SC,2010,6,25,176,3,31,157,94,0,0,Complete,Southgate,Southgate,Shore,Coastal,50.89379118,-124.7939542,CWS 6 (Dunbar),FR-7112,25,0.75,71,Incoming,73,24,71,71,65,67,20,65,65,,305,211,71,,,5:05:00
SC10010035,"Schroeder, Bernard",Stacey Mole,SC,2010,6,26,177,3,32,156,93,0,0,Complete,Southgate,Southgate,Shore,Coastal,50.89379118,-124.7939542,CWS 6 (Dunbar),FR-7112,25,0.75,59,Incoming,60,44,59,,50,51,34,50,,,305,212,59,,,5:05:00
SC10010036,"Schroeder, Bernard",Derek L. Shaw,SC,2010,6,26,177,21,2,93,33,0,0,Complete,Orford,Orford,Shore,Coastal,50.59154606,-124.864316,CWS 6 (Dunbar),FR-7112,25,0.75,77,Incoming,77,27,0,,27,54,27,0,,,1295,1262,,,,21:35:00
SC10010037,"Schroeder, Bernard",Derek L. Shaw,SC,2010,6,27,178,3,35,153,93,0,0,Complete,Orford,Orford,Shore,Coastal,50.59154606,-124.864316,CWS 6 (Dunbar),FR-7112,25,0.75,306,Incoming,323,95,306,306,227,242,74,227,227,,308,215,306,,,5:08:00
SC10010038,"Schroeder, Bernard",Derek L. Shaw,SC,2010,6,28,179,3,35,153,94,0,0,Complete,Orford,Orford,Shore,Coastal,50.59154606,-124.864316,CWS 6 (Dunbar),FR-7112,25,0.75,224,Incoming,246,128,224,,180,201,92,180,,,309,215,223,1,4,5:09:00
SC10010039,"Schroeder, Bernard",Stacey Mole,SC,2010,6,29,180,3,31,160,100,0,0,Complete,Quatam,Quatam,Shore,Coastal,50.37625481,-124.9415175,CWS 6 (Dunbar),FR-7112,25,0.75,187,Incoming,193,58,187,187,134,138,43,134,134,,311,211,187,,,5:11:00
SC10010040,"Schroeder, Bernard",Stacey Mole,SC,2010,6,30,181,3,39,136,92,17,,Complete,Quatam,Quatam,Shore,Coastal,50.37625481,-124.9415175,CWS 6 (Dunbar),FR-7112,25,0.75,112,Incoming,119,31,112,,87,93,23,87,,,311,219,112,,,5:11:00
SC10010041,"Schroeder, Bernard",Derek L. Shaw,SC,2010,7,2,183,3,38,153,93,0,0,Complete,Vancouver,Vancouver,Shore,Coastal,49.91444422,-123.8697977,CWS 6 (Dunbar),FR-7112,25,0.75,146,Incoming,153,22,146,146,105,109,20,105,105,,311,218,146,,,5:11:00
SC10010042,"Schroeder, Bernard",Derek L. Shaw,SC,2010,7,3,184,3,39,152,92,0,0,Complete,Vancouver,Vancouver,Shore,Coastal,49.91444422,-123.8697977,CWS 6 (Dunbar),FR-7112,25,0.75,113,Incoming,114,15,113,,84,85,15,84,,,311,219,113,,,5:11:00
SC10010043,"Schroeder, Bernard",Stacey Mole,SC,2010,7,4,185,3,36,114,96,43,,Excluded,Deserted,Deserted,Shore,Coastal,50.08788192,-123.744031,CWS 6 (Dunbar),FR-7112,25,0.75,31,Incoming,38,13,31,,26,33,12,26,,RAINOUT,312,216,31,,,5:12:00
SC10010044,"Schroeder, Bernard",Stacey Mole,SC,2010,7,5,186,3,38,154,94,0,0,Complete,Deserted,Deserted,Shore,Coastal,50.08788192,-123.744031,CWS 6 (Dunbar),FR-7112,25,0.75,25,Incoming,26,13,25,,24,25,12,24,,Sail boat anchored 735m NNW from station with anchor lights on - in flightpath.,312,218,25,,,5:12:00
SC10010045,"Schroeder, Bernard",Derek L. Shaw,SC,2010,7,6,187,3,39,153,93,0,0,Complete,Skwawka,Skwawka,Shore,Coastal,50.2133686,-123.9810121,CWS 6 (Dunbar),FR-7112,25,0.75,134,Incoming,135,44,134,,111,112,39,111,,,312,219,134,,,5:12:00
SC10010046,"Schroeder, Bernard",Derek L. Shaw,SC,2010,7,7,188,3,43,150,90,0,0,Complete,Skwawka,Skwawka,Shore,Coastal,50.2133686,-123.9810121,CWS 6 (Dunbar),FR-7112,25,0.75,206,Incoming,207,61,206,,156,157,55,156,,,313,223,206,,,5:13:00
SC10010047,"Schroeder, Bernard",Stacey Mole,SC,2010,7,8,189,3,39,155,95,0,0,Complete,Brittain,Brittain,Shore,Coastal,49.98916384,-124.010246,CWS 6 (Dunbar),FR-7112,25,0.75,31,Incoming,31,16,31,,24,24,12,24,,,314,219,31,,,5:14:00
WC15010003,"Bertram, Doug",Wayne Wall,SC,2015,6,17,168,3,6,183,120,0,,Complete,Brittain,Brittain,Shore,Coastal,49.987387,-124.009832,BCTS,FR-8050D,0,0.75,7,Incoming,15,7,7,,6,12,6,6,,,306,186,,1,30,5:06:00
WC15010006,"Bertram, Doug",Wayne Wall,SC,2015,7,2,183,3,7,190,124,0,,Complete,Brittain,Brittain,Shore,Coastal,49.987387,-124.009832,BCTS,FR-8050D,0,0.75,35,Incoming,35,20,35,,32,32,17,32,,,311,187,26,9,34,5:11:00
SC15010001,"Bertram, Doug",Bernard K. Schroeder,SC,2015,7,6,187,3,14,182,120,0,,Complete,Forbes,Forbes,Shore,Coastal,50.24597411,-124.5914088,CWS 6 (Dunbar),FR-7112,25,0.75,33,Incoming,46,27,33,,30,41,20,30,,,314,194,33,,,5:14:00
SC15010002,"Bertram, Doug",Bernard K. Schroeder,SC,2015,7,7,188,3,15,183,120,0,,Complete,Forbes,Forbes,Shore,Coastal,50.24597411,-124.5914088,CWS 6 (Dunbar),FR-7112,25,0.75,65,Incoming,73,10,65,65,57,62,8,57,57,,315,195,63,2,30,5:15:00
SC15010003,"Bertram, Doug",Bernard K. Schroeder,SC,2015,7,8,189,3,14,180,120,0,,Complete,Toba,Toba,Shore,Coastal,50.48031156,-124.3760964,CWS 6 (Dunbar),FR-7112,25,0.75,225,Incoming,233,113,225,225,194,198,84,194,194,,314,194,214,11,30,5:14:00
SC15010004,"Bertram, Doug",Bernard K. Schroeder,SC,2015,7,9,190,3,15,180,120,0,,Complete,Toba,Toba,Shore,Coastal,50.48031156,-124.3760964,CWS 6 (Dunbar),FR-7112,25,0.75,202,Incoming,210,123,202,,176,184,93,176,,,315,195,197,5,30,5:15:00
SC15010005,"Bertram, Doug",Bernard K. Schroeder,SC,2015,7,10,191,3,17,180,120,0,,Complete,Brem,Brem,Shore,Coastal,50.43175493,-124.6735542,CWS 6 (Dunbar),FR-7112,25,0.75,221,Incoming,228,63,221,,210,217,48,210,,,317,197,215,5,30,5:17:00
SC15010006,"Bertram, Doug",Bernard K. Schroeder,SC,2015,7,11,192,3,18,180,120,0,,Complete,Brem,Brem,Shore,Coastal,50.43175493,-124.6735542,CWS 6 (Dunbar),FR-7112,25,0.75,311,Incoming,319,53,311,311,305,311,39,305,305,,318,198,311,,,5:18:00
SC15010007,"Bertram, Doug",Bernard K. Schroeder,SC,2015,7,12,193,3,20,180,120,0,,Complete,Forbes,Forbes,Shore,Coastal,50.24597411,-124.5914088,CWS 6 (Dunbar),FR-7112,25,0.75,25,Incoming,26,1,25,,23,24,1,23,,,320,200,25,,,5:20:00
SC15010008,"Bertram, Doug",Bernard K. Schroeder,SC,2015,7,13,194,3,19,206,120,0,,Complete,Toba,Toba,Shore,Coastal,50.48031156,-124.3760964,CWS 6 (Dunbar),FR-7112,25,0.75,221,Incoming,243,104,221,,180,197,71,180,,,319,199,220,1,30,5:19:00
SC15010009,"Bertram, Doug",Bernard K. Schroeder,SC,2015,7,14,195,3,21,184,121,0,,Complete,Brem,Brem,Shore,Coastal,50.43175493,-124.6735542,CWS 6 (Dunbar),FR-7112,25,0.75,300,Incoming,307,53,300,,286,291,40,286,,,322,201,299,1,31,5:22:00
WC15010009,"Bertram, Doug",Wayne Wall,SC,2015,7,16,197,3,15,201,129,0,,Complete,Brittain,Brittain,Shore,Coastal,49.987387,-124.009832,BCTS,FR-8050D,0,0.75,41,Incoming,21,20,41,41,20,20,20,18,32,,324,195,18,2,39,5:24:00
WC16020003,"Bertram, Doug",Wayne Wall,SC,2016,6,15,167,3,0,187,127,0,,Complete,Brittain,Brittain,Shore,Coastal,49.987387,-124.009832,BCTS,FR-8050D,0,0.75,8,Outgoing,1,8,1,8,7,1,7,1,7,,307,180,1,,,5:07:00
SC16010001,"Waterhouse, Louise",Bernard K. Schroeder,SC,2016,6,28,180,3,8,181,120,0,,Complete,Hesketh,Hesketh - Capilano,,Inland,49.46153698,-123.1312784,BKSC,FR-8122,25,0.75,11,Outgoing,3,11,2,11,7,3,7,2,7,,308,188,1,1,30,5:08:00
SC16010002,"Waterhouse, Louise",Bernard K. Schroeder,SC,2016,6,29,181,3,8,180,120,0,,Complete,Rodgers,Rodgers - Capilano,,Inland,49.46225003,-123.0458301,BKSC,FR-8122,25,0.75,5,Outgoing,1,5,1,5,5,1,5,1,5,,308,188,1,,,5:08:00
WC16020006,"Bertram, Doug",Wayne Wall,SC,2016,7,1,183,3,7,181,121,0,,Complete,Brittain,Brittain,Shore,Coastal,49.987387,-124.009832,BCTS,FR-8050D,0,0.75,3,Incoming,3,0,3,,1,1,0,1,,,308,187,1,,,5:08:00
WC16020009,"Bertram, Doug",Wayne Wall,SC,2016,7,12,194,3,18,183,123,0,,Complete,Brittain,Brittain,Shore,Coastal,49.987387,-124.009832,BCTS,FR-8050D,0,0.75,1,Incoming,1,0,1,,1,1,0,1,,,321,198,1,,,5:21:00
SC16010003,"Waterhouse, Louise",Bernard K. Schroeder,SC,2016,7,19,201,3,26,180,120,0,,Complete,Capilano,Capilano 1,,Inland,49.45409222,-123.1112379,BKSC,FR-8122,25,0.75,5,Incoming,5,3,5,5,3,3,3,3,3,,326,206,5,,,5:26:00
SC16010004,"Waterhouse, Louise",Bernard K. Schroeder,SC,2016,7,20,202,3,20,187,127,0,,Complete,Capilano,Capilano 2,,Inland,49.45365264,-123.1100089,BKSC,FR-8122,25,0.75,7,Incoming,9,7,7,7,6,7,6,6,6,,327,200,6,1,37,5:27:00
SC17010001,"Waterhouse, Louise",Bernard K. Schroeder,SC,2017,6,8,159,3,15,15,120,0,,Excluded,Capilano,Capilano 2,,Inland,49.45365264,-123.1100089,BKSC,FR-8122,25,0.75,,Outgoing,,,,,,,,,,,315,195,,,,5:15:00
SC17010002,"Waterhouse, Louise",Bernard K. Schroeder,SC,2017,6,9,160,3,17,182,109,0,,Complete,Capilano,Capilano 2,,Inland,49.45365264,-123.1100089,BKSC,FR-8122,25,0.75,11,Outgoing,10,11,9,11,9,10,9,9,9,,306,197,17,5,19,5:06:00
WC17010003,"Bertram, Doug",Wayne Wall,SC,2017,6,19,170,3,2,184,124,0,,Complete,Brittain,Brittain,Shore,Coastal,49.987387,-124.009832,BCTS,FR-8050D,0,0.75,21,Incoming,23,7,21,,19,20,5,19,,,306,182,19,2,34,5:06:00
WC17010006,"Bertram, Doug",Wayne Wall,SC,2017,7,2,183,3,7,,128,,,Complete,Brittain,Brittain,Shore,Coastal,49.987387,-124.009832,BCTS,FR-8050D,0,0.75,36,Incoming,36,20,36,36,31,31,17,31,31,,315,187,26,10,38,5:15:00
WC17010009,"Bertram, Doug",Wayne Wall,SC,2017,7,28,209,3,40,,120,,,Complete,Brittain,Brittain,Shore,Coastal,49.987387,-124.009832,BCTS,FR-8050D,0,0.75,12,Incoming,12,3,12,,12,12,3,12,,,340,220,8,4,30,5:40:00
SC18010001,"Waterhouse, Louise",Bernard K. Schroeder,SC,2018,5,29,149,3,26,180,107,0,,Complete,Capilano,Capilano 3,,Inland,49.53812089,-123.1585182,BKSC,FR-8122,25,0.75,29,Outgoing,25,29,11,29,20,23,20,10,20,,313,206,10,1,17,5:13:00
SC18010002,"Waterhouse, Louise",Bernard K. Schroeder,SC,2018,5,30,150,3,15,184,117,0,,Complete,Capilano,Capilano 2,,Inland,49.45365264,-123.1100089,BKSC,FR-8122,25,0.75,13,Incoming,13,13,13,13,10,10,9,10,10,,312,195,17,5,27,5:12:00
SC19010001,"Cragg, Jenna",,SC,2019,6,8,159,3,6,,120,,,Complete,Squamish River,Squamish River,,Coastal,49.68820442,-123.1595464,BKSC,FR-8122,25,0.75,12,Incoming,18,5,12,,11,16,5,11,,,306,186,12,,,5:06:00
SC19010002,"Cragg, Jenna",,SC,2019,6,9,160,3,5,,120,,,Complete,Squamish River,Squamish River,,Coastal,49.68820442,-123.1595464,BKSC,FR-8122,25,0.75,15,Outgoing,2,15,2,15,14,1,14,1,14,,305,185,,2,30,5:05:00
SC19010003,"Cragg, Jenna",,SC,2019,6,10,161,3,6,,120,,,Complete,Furry Creek,Furry Creek - approx coords,Shore,Coastal,49.58041712,-123.2223442,BKSC,FR-8122,25,0.75,8,Outgoing,5,8,5,,8,4,8,4,,,306,186,4,1,30,5:06:00
SC19010004,"Cragg, Jenna",,SC,2019,6,11,162,3,6,,,,,Complete,Furry Creek,Furry Creek - approx coords,Shore,Coastal,49.58041712,-123.2223442,BKSC,FR-8122,25,0.75,9,Outgoing,3,9,3,9,9,3,9,3,9,,,186,,,,
SC19010005,"Cragg, Jenna",,SC,2019,6,12,163,3,6,,120,,,Complete,Capilano River,Capilano River - approx coords,Shore,Inland,49.36018854,-123.1070735,BKSC,FR-8122,25,0.75,2,Incoming,2,1,2,,1,1,1,1,,,306,186,,2,30,5:06:00
SC19010006,"Cragg, Jenna",,SC,2019,6,13,164,3,6,,,,,Complete,Capilano River,Capilano River - approx coords,Shore,Inland,49.36018854,-123.1070735,BKSC,FR-8122,25,0.75,3,Outgoing,2,3,2,,3,2,3,2,,,,186,,,,
SC19010007,"Cragg, Jenna",,SC,2019,6,14,165,3,5,,120,,,Complete,Seymour River,Seymour River - approx coords,Shore,Inland,49.44005562,-122.9694052,BKSC,FR-8122,25,0.75,0,,0,0,0,,0,0,0,0,,,305,185,,,,5:05:00
SC19010008,"Cragg, Jenna",,SC,2019,6,15,166,3,4,,120,,,Complete,Seymour River,Seymour River - approx coords,Shore,Inland,49.44005562,-122.9694052,BKSC,FR-8122,25,0.75,2,Outgoing,0,2,0,2,2,0,2,0,2,,304,184,,,,5:04:00
SC19010009,"Cragg, Jenna",,SC,2019,6,16,167,3,5,,120,,,Complete,Burrard Inlet,Burrard Inlet,,Coastal,49.33195953,-122.9390546,BKSC,FR-8122,25,0.75,1,Incoming,1,1,1,,1,1,1,1,,,305,185,1,,,5:05:00
SC19010010,"Cragg, Jenna",,SC,2019,6,17,168,3,5,,120,,,Complete,Burrard Inlet,Burrard Inlet,,Coastal,49.33195953,-122.9390546,BKSC,FR-8122,25,0.75,1,Outgoing,0,1,0,,1,0,1,0,,,305,185,,,,5:05:00
SC19010011,"Cragg, Jenna",,SC,2019,6,18,169,3,4,,120,,,Complete,Coquitlam River,Coquitlam River - approx coords,Shore,Inland,49.35366,-122.77719,BKSC,FR-8122,25,0.75,1,Incoming,1,1,1,,1,1,1,1,,,304,184,1,,,5:04:00
SC19010012,"Cragg, Jenna",,SC,2019,6,19,170,3,4,,,,,Complete,Coquitlam River,Coquitlam River - approx coords,Shore,Inland,49.35366,-122.77719,BKSC,FR-8122,25,0.75,2,Incoming,4,1,2,,2,4,1,2,,,,184,,,,
SC19010013,"Cragg, Jenna",Bernard K. Schroeder,SC,2019,6,19,170,3,7,,120,,,Complete,Sechelt Inlet,Sechelt Inlet,,Coastal,49.5458372,-123.7637035,BKSC,FR-8122,25,0.75,17,Incoming,19,7,17,,13,15,7,13,,,307,187,13,4,30,5:07:00
SC19010014,"Cragg, Jenna",,SC,2019,6,20,171,3,4,,120,,,Complete,Pitt Lake,Pitt Lake - approx coords,Shore,Inland,49.34310376,-122.6243464,BKSC,FR-8122,25,0.75,1,Incoming,1,1,1,,1,1,1,1,,,304,184,1,,,5:04:00
SC19010015,"Cragg, Jenna",Bernard K. Schroeder,SC,2019,6,20,171,3,7,,120,,,Complete,Sechelt Inlet,Sechelt Inlet,,Coastal,49.5458372,-123.7637035,BKSC,FR-8122,25,0.75,28,Outgoing,10,28,10,28,23,9,23,9,23,,307,187,8,2,30,5:07:00
SC19010016,"Cragg, Jenna",,SC,2019,6,21,172,3,4,,120,,,Complete,Pitt Lake,Pitt Lake - approx coords,Shore,Inland,49.34310376,-122.6243464,BKSC,FR-8122,25,0.75,2,Outgoing,1,2,1,,2,1,2,1,,,304,184,1,,,5:04:00
SC19010017,"Cragg, Jenna",Bernard K. Schroeder,SC,2019,6,21,172,3,6,,120,,,Complete,Rainy River,Rainy River,Shore,Coastal,49.5066301,-123.4978062,BKSC,FR-8122,25,0.75,18,Incoming,18,14,18,18,13,13,12,13,13,,306,186,11,7,30,5:06:00
SC19010018,"Cragg, Jenna",Bernard K. Schroeder,SC,2019,6,22,173,3,7,,120,,,Complete,Rainy River,Rainy River,Shore,Coastal,49.51321713,-123.4929551,BKSC,FR-8122,25,0.75,11,Incoming,11,4,11,,8,8,2,8,,,307,187,11,,,5:07:00
SC19010019,"Cragg, Jenna",Bernard K. Schroeder,SC,2019,7,9,190,3,13,,121,,,Complete,Pitt Lake,Pitt Lake - approx coords,Shore,Inland,49.34310376,-122.6243464,BKSC,FR-8122,25,0.75,10,Outgoing,1,10,1,10,8,1,8,1,8,,314,193,1,,,5:14:00
SC19010020,"Cragg, Jenna",Bernard K. Schroeder,SC,2019,7,10,191,3,18,,120,,,Complete,Coquitlam River,Coquitlam River - approx coords,Shore,Inland,49.35366,-122.77719,BKSC,FR-8122,25,0.75,,Outgoing,,,,,,,,,,,318,198,,,,5:18:00
SC19010021,"Cragg, Jenna",Bernard K. Schroeder,SC,2019,7,11,192,3,17,,120,,,Complete,Burrard Inlet,Burrard Inlet,,Coastal,49.33195953,-122.9390546,BKSC,FR-8122,25,0.75,3,Outgoing,1,3,1,3,3,1,3,1,3,,317,197,1,,,5:17:00
SC19010022,"Cragg, Jenna",Bernard K. Schroeder,SC,2019,7,12,193,3,18,,120,,,Complete,Capilano River,Capilano River - approx coords,Shore,Inland,49.36018854,-123.1070735,BKSC,FR-8122,25,0.75,8,Outgoing,1,8,0,8,7,1,7,0,7,,318,198,,,,5:18:00
SC19010023,"Cragg, Jenna",Bernard K. Schroeder,SC,2019,7,13,194,3,18,,120,,,Complete,Coquitlam River,Coquitlam River - approx coords,Shore,Inland,49.35366,-122.77719,BKSC,FR-8122,25,0.75,13,Outgoing,0,13,0,13,10,0,10,0,10,,318,198,,,,5:18:00
SC19010024,"Cragg, Jenna",Bernard K. Schroeder,SC,2019,7,14,195,3,20,,120,,,Complete,Furry Creek,Furry Creek - approx coords,Shore,Coastal,49.58041712,-123.2223442,BKSC,FR-8122,25,0.75,8,Outgoing,7,8,7,,6,6,6,6,,,320,200,7,,,5:20:00
SC19010025,"Cragg, Jenna",Bernard K. Schroeder,SC,2019,7,15,196,3,23,,120,,,Complete,Sechelt Inlet,Sechelt Inlet,,Coastal,49.5458372,-123.7637035,BKSC,FR-8122,25,0.75,17,Outgoing,4,17,4,,12,3,12,3,,,323,203,2,2,30,5:23:00
SC19010026,"Cragg, Jenna",Bernard K. Schroeder,SC,2019,7,16,197,3,17,,126,,,Complete,Rainy River,Rainy River,Shore,Coastal,49.51321713,-123.4929551,BKSC,FR-8122,25,0.75,12,Outgoing,4,12,4,,10,4,10,4,,,323,197,4,,,5:23:00
SC19010027,"Cragg, Jenna",,SC,2019,7,17,198,,,,,,,Excluded,Squamish River,Squamish River,,Coastal,49.68820442,-123.1595464,BKSC,FR-8122,25,0.75,,Outgoing,,,,,,,,,,,,,,,,
SC21010001,"Schroeder, Bernard",Bernard K. Schroeder,SC,2021,6,10,161,3,7,,120,,,Complete,Brittain,Brittain,Shore,Coastal,49.98879,-124.01001,BKSC,FR-8122,25,0.75,33,Outgoing,28,33,27,,24,25,24,24,,TIED BETWEEN MOORING CANS ON SOUTH SIDE NEAR MCCALL'S LANDING OFF TRETH CREEK. NEED RELATIVELY CALM WATER; EXPOSED AREA; NOT EASY TO TIE UP IN CHOPPY WATER,307,187,27,,,5:07:00
SC21010002,"Schroeder, Bernard",Bernard K. Schroeder,SC,2021,6,11,162,3,7,,120,,,Complete,Brittain,Brittain,Shore,Coastal,49.98879,-124.01001,BKSC,FR-8122,25,0.75,32,Outgoing,24,32,20,,20,20,20,17,,TIED BETWEEN MOORING CANS ON SOUTH SIDE NEAR MCCALL'S LANDING OFF TRETH CREEK. NEED RELATIVELY CALM WATER; EXPOSED AREA; NOT EASY TO TIE UP IN CHOPPY WATER,307,187,20,,,5:07:00
SC21010003,"Schroeder, Bernard",Bernard K. Schroeder,SC,2021,6,12,163,3,5,,120,,,Complete,Skwawka,Skwawka,Shore,Coastal,50.21336,-123.98103,BKSC,FR-8122,25,0.75,147,Incoming,151,115,147,,129,132,98,129,,TIED AT DOCK AT HEAD OF INLET EAST SIDE; VERY GOOD NEWER DOCK,305,185,147,,,5:05:00
SC21010004,"Schroeder, Bernard",Bernard K. Schroeder,SC,2021,6,13,164,3,5,,120,,,Complete,Skwawka,Skwawka,Shore,Coastal,50.21336,-123.98103,BKSC,FR-8122,25,0.75,0,,0,0,0,,0,0,0,0,,TIED AT DOCK AT HEAD OF INLET EAST SIDE; VERY GOOD NEWER DOCK,305,185,,,,5:05:00
SC21010005,"Schroeder, Bernard",Bernard K. Schroeder,SC,2021,6,14,165,3,4,,120,,,Complete,Deserted,Deserted,Shore,Coastal,50.08692,-123.74472,BKSC,FR-8122,25,0.75,41,Outgoing,37,41,33,,30,34,29,30,,ANCHORED AND SHORE TIE TO DOCK PIER; DOCK TOO SHALLOW AT LOW TIDES FOR SAILBOAT,304,184,33,,,5:04:00
SC21010006,"Schroeder, Bernard",Bernard K. Schroeder,SC,2021,6,15,166,3,4,,120,,,Complete,Deserted,Deserted,Shore,Coastal,50.08692,-123.74472,BKSC,FR-8122,25,0.75,61,Incoming,61,19,61,,59,59,16,59,,ANCHORED AND SHORE TIE TO DOCK PIER; DOCK TOO SHALLOW AT LOW TIDES FOR SAILBOAT,304,184,61,,,5:04:00
SC21010007,"Schroeder, Bernard",Bernard K. Schroeder,SC,2021,6,16,167,3,4,96,120,85,,Complete,Vancouver,Vancouver,Shore,Coastal,49.91321,-123.87354,BKSC,FR-8122,25,0.75,9,Outgoing,3,9,3,,9,3,9,3,,TIED TO OLD DOCK SECTION OUT IN BAY; SECTION IS FASTENED TO LARGE MOORING CAN; GOOD DEPTH; NEED TO SHORE TIE FROM HERE TO KEEP BOAT FROM SPINNING AROUND IN CURRENT; DOCK APPEARS TO BE FOR SHORT TERM POWDER STORAGE,304,184,3,,,5:04:00
SC21010008,"Schroeder, Bernard",Bernard K. Schroeder,SC,2021,6,17,168,3,6,181,120,0,,Complete,Vancouver,Vancouver,Shore,Coastal,49.91321,-123.87354,BKSC,FR-8122,25,0.75,61,Incoming,62,29,61,61,57,58,25,57,57,TIED TO OLD DOCK SECTION OUT IN BAY; SECTION IS FASTENED TO LARGE MOORING CAN; GOOD DEPTH; NEED TO SHORE TIE FROM HERE TO KEEP BOAT FROM SPINNING AROUND IN CURRENT; DOCK APPEARS TO BE FOR SHORT TERM POWDER STORAGE,306,186,60,1,30,5:06:00
SC21010009,"Schroeder, Bernard",Bernard K. Schroeder,SC,2021,6,20,171,3,7,,120,,,Complete,Forbes,Forbes,Shore,Coastal,50.24534,-124.59142,BKSC,FR-8122,25,0.75,42,Incoming,43,30,42,,40,41,24,40,,ANCHOR OFF BEACH 340 m NNW OF FORBES CREEK MOUTH,307,187,41,1,30,5:07:00
SC21010010,"Schroeder, Bernard",Bernard K. Schroeder,SC,2021,6,21,172,3,7,,120,,,Complete,Forbes,Forbes,Shore,Coastal,50.24534,-124.59142,BKSC,FR-8122,25,0.75,70,Incoming,76,29,70,70,61,65,24,61,61,ANCHOR OFF BEACH 340 m NNW OF FORBES CREEK MOUTH,307,187,69,1,30,5:07:00
SC21010011,"Schroeder, Bernard",Bernard K. Schroeder,SC,2021,6,22,173,3,5,,120,,,Complete,Toba,Tahumming,Shore,Coastal,50.48375,-124.3969,BKSC,FR-8122,25,0.75,132,Outgoing,68,132,50,,88,53,88,40,,TIE TO ORIGINAL CAMP DOCK; WHICH IS HOLDING FAST AND IN OK SHAPE; NO RAMP TO LAND; NEW CAMP DOCK SURROUNDED BY FLOAT CAMP BUILDINGS AND BUSY,305,185,49,1,30,5:05:00
SC21010012,"Schroeder, Bernard",Bernard K. Schroeder,SC,2021,6,23,174,3,6,,120,,,Complete,Toba,Tahumming,Shore,Coastal,50.48375,-124.3969,BKSC,FR-8122,25,0.75,131,Incoming,153,69,131,,117,133,53,117,,TIE TO ORIGINAL CAMP DOCK; WHICH IS HOLDING FAST AND IN OK SHAPE; NO RAMP TO LAND; NEW CAMP DOCK SURROUNDED BY FLOAT CAMP BUILDINGS AND BUSY,306,186,114,17,30,5:06:00
SC21010013,"Schroeder, Bernard",Bernard K. Schroeder,SC,2021,6,24,175,3,7,,120,,,Complete,Brem,Brem,Shore,Coastal,50.43187,-124.67339,BKSC,FR-8122,25,0.75,152,Incoming,156,46,152,,134,137,38,134,,DOCK HAS SHIFTED TO SHALLOWER AREA AND IS DECREPIT; BOOM STICKS WERE/ARE ATTACHED TO DOCK; WE TIED TO BOOMSTICKS WITH A CAR TIRE AS A SEMI-SUBMERGED BUMPER; ACTIVE WATER WITH NW WINDS AT BOOMS,307,187,147,4,30,5:07:00
SC21010014,"Schroeder, Bernard",Bernard K. Schroeder,SC,2021,6,25,176,3,8,,120,,,Complete,Brem,Brem,Shore,Coastal,50.43187,-124.67339,BKSC,FR-8122,25,0.75,116,Incoming,120,47,116,,109,111,40,109,,DOCK HAS SHIFTED TO SHALLOWER AREA AND IS DECREPIT; BOOM STICKS WERE/ARE ATTACHED TO DOCK; WE TIED TO BOOMSTICKS WITH A CAR TIRE AS A SEMI-SUBMERGED BUMPER; ACTIVE WATER WITH NW WINDS AT BOOMS,308,188,110,6,30,5:08:00
SC21010015,"Schroeder, Bernard",Bernard K. Schroeder,SC,2021,6,26,177,3,9,,120,,,Complete,Quatam,Quatam,Shore,Coastal,50.38613,-124.94585,BKSC,FR-8122,25,0.75,96,Incoming,97,40,96,,85,86,30,85,,TIED BETWEEN 2 MOORING CANS ON NORTH SIDE OF VALLEY; THERE IS A DOCK BUT TOO SHALLOW FOR LARGER BOAT AT LOW TIDES;,309,189,93,3,30,5:09:00
SC21010016,"Schroeder, Bernard",Bernard K. Schroeder,SC,2021,6,27,178,3,10,,120,,,Complete,Quatam,Quatam,Shore,Coastal,50.38613,-124.94585,BKSC,FR-8122,25,0.75,98,Incoming,98,47,98,98,90,90,32,90,90,TIED BETWEEN 2 MOORING CANS ON NORTH SIDE OF VALLEY; THERE IS A DOCK BUT TOO SHALLOW FOR LARGER BOAT AT LOW TIDES;,310,190,97,1,30,5:10:00
SC21010017,"Schroeder, Bernard",Bernard K. Schroeder,SC,2021,6,28,179,3,9,,120,,,Complete,Orford,Orford,Shore,Coastal,50.5917,-124.86431,BKSC,FR-8122,25,0.75,137,Outgoing,135,137,134,,123,124,107,123,,TIED TO BACK DOCK; OUT OF WAY OF WATER TAXIS; DOCK IS CONDEMNED; PERMISSION OBTAINED FROM CAMP; MANY LOGS IN WATER ALONG BUTE INLET FROM LANDSLIDE AT SOUTHGATE,309,189,133,1,30,5:09:00
SC21010018,"Schroeder, Bernard",Bernard K. Schroeder,SC,2021,6,29,180,3,9,,120,,,Complete,Orford,Orford,Shore,Coastal,50.5917,-124.86431,BKSC,FR-8122,25,0.75,134,Incoming,136,127,134,,128,130,104,128,,TIED TO BACK DOCK; OUT OF WAY OF WATER TAXIS; DOCK IS CONDEMNED; PERMISSION OBTAINED FROM CAMP; MANY LOGS IN WATER ALONG BUTE INLET FROM LANDSLIDE AT SOUTHGATE,309,189,132,2,30,5:09:00
SC21010019,"Schroeder, Bernard",Bernard K. Schroeder,SC,2021,6,30,181,3,9,,120,,,Complete,Toba,Tahumming,Shore,Coastal,50.48375,-124.3969,BKSC,FR-8122,25,0.75,368,Incoming,391,83,368,368,303,315,55,303,303,TIE TO ORIGINAL CAMP DOCK; WHICH IS HOLDING FAST AND IN OK SHAPE; NO RAMP TO LAND; NEW CAMP DOCK SURROUNDED BY FLOAT CAMP BUILDINGS AND BUSY,309,189,304,62,30,5:09:00
SC21010020,"Schroeder, Bernard",Bernard K. Schroeder,SC,2021,7,1,182,3,11,,120,,,Complete,Brem,Brem,Shore,Coastal,50.43187,-124.67339,BKSC,FR-8122,25,0.75,184,Incoming,190,40,184,184,174,178,33,174,174,DOCK HAS SHIFTED TO SHALLOWER AREA AND IS DECREPIT; BOOM STICKS WERE/ARE ATTACHED TO DOCK; WE TIED TO BOOMSTICKS WITH A CAR TIRE AS A SEMI-SUBMERGED BUMPER; ACTIVE WATER WITH NW WINDS AT BOOMS,311,191,179,5,30,5:11:00
SC21010021,"Schroeder, Bernard",Bernard K. Schroeder,SC,2021,7,4,185,3,14,,120,,,Complete,Quatam,Quatam,Shore,Coastal,50.38613,-124.94585,BKSC,FR-8122,25,0.75,78,Incoming,83,48,78,,63,67,32,63,,TIED BETWEEN 2 MOORING CANS ON NORTH SIDE OF VALLEY; THERE IS A DOCK BUT TOO SHALLOW FOR LARGER BOAT AT LOW TIDES;,314,194,76,2,30,5:14:00
SC21010022,"Schroeder, Bernard",Bernard K. Schroeder,SC,2021,7,5,186,3,14,,120,,,Complete,Orford,Orford,Shore,Coastal,50.5917,-124.86431,BKSC,FR-8122,25,0.75,188,Incoming,193,63,188,188,174,179,48,174,174,TIED TO BACK DOCK; OUT OF WAY OF WATER TAXIS; DOCK IS CONDEMNED; PERMISSION OBTAINED FROM CAMP; MANY LOGS IN WATER ALONG BUTE INLET FROM LANDSLIDE AT SOUTHGATE,314,194,185,3,30,5:14:00
SC21010023,"Schroeder, Bernard",Bernard K. Schroeder,SC,2021,7,6,187,3,15,,120,,,Complete,Forbes,Forbes,Shore,Coastal,50.24534,-124.59142,BKSC,FR-8122,25,0.75,52,Incoming,53,29,52,,47,48,18,47,,ANCHOR OFF BEACH 340 m NNW OF FORBES CREEK MOUTH,315,195,49,3,30,5:15:00
SC21010024,"Schroeder, Bernard",Bernard K. Schroeder,SC,2021,7,8,189,3,14,,120,,,Complete,Deserted,Deserted,Shore,Coastal,50.08692,-123.74472,BKSC,FR-8122,25,0.75,87,Incoming,90,19,87,,74,76,13,74,,ANCHORED AND SHORE TIE TO DOCK PIER; DOCK TOO SHALLOW AT LOW TIDES FOR SAILBOAT,314,194,85,2,30,5:14:00
SC21010025,"Schroeder, Bernard",Bernard K. Schroeder,SC,2021,7,9,190,3,15,,120,,,Complete,Deserted,Deserted,Shore,Coastal,50.08692,-123.74472,BKSC,FR-8122,25,0.75,96,Incoming,108,57,96,96,80,87,42,80,80,ANCHORED AND SHORE TIE TO DOCK PIER; DOCK TOO SHALLOW AT LOW TIDES FOR SAILBOAT,315,195,95,1,30,5:15:00
SC21010026,"Schroeder, Bernard",Bernard K. Schroeder,SC,2021,7,10,191,3,16,,120,,,Complete,Skwawka,Skwawka,Shore,Coastal,50.21336,-123.98103,BKSC,FR-8122,25,0.75,207,Incoming,213,147,207,207,183,187,106,183,183,TIED AT DOCK AT HEAD OF INLET EAST SIDE; VERY GOOD NEWER DOCK,316,196,205,2,30,5:16:00
SC21010027,"Schroeder, Bernard",Bernard K. Schroeder,SC,2021,7,11,192,3,17,,120,,,Complete,Skwawka,Skwawka,Shore,Coastal,50.21336,-123.98103,BKSC,FR-8122,25,0.75,207,Incoming,217,137,207,207,182,191,100,182,183,TIED AT DOCK AT HEAD OF INLET EAST SIDE; VERY GOOD NEWER DOCK,317,197,200,7,30,5:17:00
SC21010028,"Schroeder, Bernard",Bernard K. Schroeder,SC,2021,7,12,193,3,18,,120,,,Complete,Deserted,Deserted,Shore,Coastal,50.08692,-123.74472,BKSC,FR-8122,25,0.75,71,Incoming,77,64,71,,63,67,51,63,,ANCHORED AND SHORE TIE TO DOCK PIER; DOCK TOO SHALLOW AT LOW TIDES FOR SAILBOAT,318,198,71,,,5:18:00
SC21010029,"Schroeder, Bernard",Bernard K. Schroeder,SC,2021,7,13,194,3,21,,120,,,Complete,Brittain,Brittain,Shore,Coastal,49.98879,-124.01001,BKSC,FR-8122,25,0.75,34,Outgoing,31,34,31,34,27,27,21,27,27,TIED BETWEEN MOORING CANS ON SOUTH SIDE NEAR MCCALL'S LANDING OFF TRETH CREEK. NEED RELATIVELY CALM WATER; EXPOSED AREA; NOT EASY TO TIE UP IN CHOPPY WATER,321,201,30,1,30,5:21:00
SC21010030,"Schroeder, Bernard",Bernard K. Schroeder,SC,2021,7,14,195,3,21,190,120,0,,Complete,Vancouver,Vancouver,Shore,Coastal,49.91321,-123.87354,BKSC,FR-8122,25,0.75,55,Incoming,55,21,55,,48,48,16,48,,TIED TO OLD DOCK SECTION OUT IN BAY; SECTION IS FASTENED TO LARGE MOORING CAN; GOOD DEPTH; NEED TO SHORE TIE FROM HERE TO KEEP BOAT FROM SPINNING AROUND IN CURRENT; DOCK APPEARS TO BE FOR SHORT TERM POWDER STORAGE,321,201,54,1,30,5:21:00
SC21010031,"Schroeder, Bernard",Bernard K. Schroeder,SC,2021,7,15,196,3,22,180,120,0,,Complete,Vancouver,Vancouver,Shore,Coastal,49.91321,-123.87354,BKSC,FR-8122,25,0.75,59,Incoming,63,19,59,,52,54,13,52,,TIED TO OLD DOCK SECTION OUT IN BAY; SECTION IS FASTENED TO LARGE MOORING CAN; GOOD DEPTH; NEED TO SHORE TIE FROM HERE TO KEEP BOAT FROM SPINNING AROUND IN CURRENT; DOCK APPEARS TO BE FOR SHORT TERM POWDER STORAGE,322,202,55,4,30,5:22:00
WC96010001,"Burger, Alan",Alan Burger,WC,1996,6,5,157,3,50,150,90,0,0,Complete,Bedwell,Bedwell 5,Shore,Coastal,49.35556733,-125.7741366,Alans,FR-810D,25,0.5,404,Incoming,410,214,404,404,404,300,172,404,404,,320,230,,,,5:20:00
WC96010002,"Burger, Alan",Alan Burger,WC,1996,6,7,159,3,49,143,90,7,,Excluded,Cypre Boat,Cypre Boat,Boat,Coastal,49.27558113,-125.9041934,Alans,FR-810D,25,0.5,21,Outgoing,20,21,19,,19,17,16,19,,,319,229,,,,5:19:00
WC96010003,"Burger, Alan",Louise K. Blight,WC,1996,6,7,159,3,49,139,90,11,,Complete,Moyeha,Moyeha,Shore,Coastal,49.40982674,-125.9132972,Alans,FR-810D,25,0.5,266,Outgoing,225,266,180,,222,201,222,180,,>10 minutes of interference,319,229,,,,5:19:00
WC96010004,"Burger, Alan",Alan Burger,WC,1996,6,8,160,3,48,94,90,56,,Excluded,Cypre Boat,Cypre Boat,Boat,Coastal,49.27558113,-125.9041934,Alans,FR-810D,25,0.5,25,Incoming,25,22,25,,25,21,20,25,,,318,228,,,,5:18:00
WC96010005,"Burger, Alan",Louise K. Blight,WC,1996,6,8,160,3,49,150,90,0,0,Complete,Moyeha,Moyeha,Shore,Coastal,49.40982674,-125.9132972,Alans,FR-810D,25,0.5,261,Incoming,276,169,261,,261,218,130,261,,,319,229,,,,5:19:00
WC96010006,"Burger, Alan",Alan Burger,WC,1996,6,9,161,3,48,150,90,0,0,Excluded,Cypre Boat,Cypre Boat,Boat,Coastal,49.27558113,-125.9041934,Alans,FR-810D,25,0.5,27,Outgoing,23,27,23,,24,22,24,23,,,318,228,,,,5:18:00
WC96010007,"Burger, Alan",Louise K. Blight,WC,1996,6,9,161,3,48,150,90,0,0,Complete,Moyeha,Moyeha,Shore,Coastal,49.40982674,-125.9132972,Alans,FR-810D,25,0.5,325,Outgoing,287,325,259,,259,213,247,259,,,318,228,,,,5:18:00
WC96010009,"Burger, Alan",Alan Burger,WC,1996,6,11,163,3,47,150,90,0,0,Complete,Bulson,Bulson,Shore,Coastal,49.25366679,-125.7333008,Alans,FR-810D,25,0.5,316,Incoming,324,200,316,,316,293,171,316,,,317,227,,,,5:17:00
WC96010008,"Burger, Alan",Louise K. Blight,WC,1996,6,11,163,3,48,73,90,77,,Complete,Atleo Shore,Atleo Shore,Shore,Coastal,49.36766103,-126.0598948,Alans,FR-810D,25,0.5,123,Outgoing,82,123,48,123,84,60,84,48,85,,318,228,,,,5:18:00
WC96010010,"Burger, Alan",Alan Burger,WC,1996,6,12,164,3,47,145,90,5,,Complete,Bulson,Bulson,Shore,Coastal,49.25366679,-125.7333008,Alans,FR-810D,25,0.5,258,Incoming,263,174,258,,258,244,156,258,,,317,227,,,,5:17:00
WC96010011,"Burger, Alan",Louise K. Blight,WC,1996,6,12,164,3,47,150,90,0,0,Complete,Megin,Megin,Shore,Coastal,49.43515548,-126.0786488,Alans,FR-810D,25,0.5,412,Incoming,447,210,412,,412,284,144,412,,,317,227,,,,5:17:00
WC96010012,"Burger, Alan",Alan Burger,WC,1996,6,13,165,3,47,150,90,0,0,Complete,Tranquil,Tranquil Boat,Boat,Coastal,49.20871801,-125.6666109,Alans,FR-810D,25,0.5,188,Incoming,193,54,188,188,188,174,48,188,188,,317,227,,,,5:17:00
WC96010013,"Burger, Alan",Alan Burger,WC,1996,6,14,166,3,47,150,90,0,0,Complete,Tranquil,Tranquil Boat,Boat,Coastal,49.20871801,-125.6666109,Alans,FR-810D,25,0.5,156,Incoming,166,46,156,,156,152,44,156,,,317,227,,,,5:17:00
WC96010014,"Burger, Alan",Alan Burger,WC,1996,6,15,167,3,47,150,90,0,0,Complete,Tranquil,Tranquil Boat,Boat,Coastal,49.20871801,-125.6666109,Alans,FR-810D,25,0.5,158,Incoming,158,24,158,,158,152,23,158,,,317,227,,,,5:17:00
WC96010015,"Burger, Alan",Louise K. Blight,WC,1996,6,18,170,3,47,150,90,0,0,Complete,Sydney,Sydney estuary - approx coords,Shore,Coastal,49.508,-126.294,Alans,FR-810D,25,0.5,64,Incoming,71,59,64,,64,60,46,64,,,317,227,,,,5:17:00
WC96010016,"Burger, Alan",Louise K. Blight,WC,1996,6,19,171,3,47,150,90,0,0,Complete,Sydney,Sydney estuary - approx coords,Shore,Coastal,49.508,-126.294,Alans,FR-810D,25,0.5,107,Incoming,111,62,107,107,107,90,53,107,107,,317,227,,,,5:17:00
WC96010017,"Burger, Alan",Louise K. Blight,WC,1996,6,20,172,3,47,150,90,0,0,Complete,Sydney,Sydney estuary - approx coords,Shore,Coastal,49.508,-126.294,Alans,FR-810D,25,0.5,100,Incoming,102,0,100,,100,82,0,100,,,317,227,,,,5:17:00
WC96010018,"Burger, Alan",Louise K. Blight,WC,1996,6,21,173,3,47,150,90,0,0,Complete,Hesquiat,Hesquiat Pt. Cr.,Shore,Coastal,49.38909946,-126.3742377,Alans,FR-810D,25,0.5,145,Incoming,173,90,145,,145,127,61,145,,,317,227,,,,5:17:00
WC96010019,"Burger, Alan",Louise K. Blight,WC,1996,6,22,174,3,48,150,90,0,0,Complete,Hesquiat,Hesquiat Pt. Cr.,Shore,Coastal,49.38909946,-126.3742377,Alans,FR-810D,25,0.5,284,Incoming,316,103,284,284,284,229,70,284,284,,318,228,,,,5:18:00
WC96010020,"Burger, Alan",Louise K. Blight,WC,1996,6,25,177,3,49,150,90,0,0,Excluded,Flores #6 Shore,Flores #6 Shore,Shore,Coastal,49.31647688,-126.0789368,Alans,FR-810D,25,0.5,166,Outgoing,169,166,146,166,146,124,112,146,146,,319,229,,,,5:19:00
WC96010021,"Burger, Alan",Louise K. Blight,WC,1996,6,26,178,3,49,150,90,0,0,Complete,Watta,Watta Boat,Boat,Coastal,49.42643892,-126.0413466,Alans,FR-810D,25,0.5,899,Incoming,995,483,899,899,899,764,369,899,899,,319,229,,,,5:19:00
WC96010022,"Burger, Alan",Louise K. Blight,WC,1996,6,27,179,3,49,150,90,0,0,Complete,Watta,Watta Boat,Boat,Coastal,49.42643892,-126.0413466,Alans,FR-810D,25,0.5,805,Incoming,911,501,805,,805,680,363,805,,,319,229,,,,5:19:00
WC96010023,"Burger, Alan",Alan Burger,WC,1996,7,3,185,3,53,122,90,28,,Complete,Bedwell,Bedwell 5,Shore,Coastal,49.35556733,-125.7741366,Alans,FR-810D,25,0.5,354,Incoming,365,60,354,,354,316,57,354,,,323,233,,,,5:23:00
WC96010024,"Burger, Alan",Alan Burger,WC,1996,7,4,186,3,54,140,90,10,,Complete,Bedwell,Bedwell 5,Shore,Coastal,49.35556733,-125.7741366,Alans,FR-810D,25,0.5,403,Incoming,406,104,403,,403,380,92,403,,,324,234,,,,5:24:00
WC96010025,"Burger, Alan",Alan Burger,WC,1996,7,5,187,3,55,150,90,0,0,Complete,Bedwell,Bedwell 5,Shore,Coastal,49.35556733,-125.7741366,Alans,FR-810D,25,0.5,394,Incoming,395,112,394,,394,366,97,394,,,325,235,,,,5:25:00
WC96010026,"Burger, Alan",Alan Burger,WC,1996,7,6,188,3,56,146,90,4,,Excluded,Cypre Boat,Cypre Boat,Boat,Coastal,49.27558113,-125.9041934,Alans,FR-810D,25,0.5,57,Incoming,58,31,57,57,57,57,26,57,57,,326,236,,,,5:26:00
WC96010027,"Burger, Alan",Louise K. Blight,WC,1996,7,6,188,3,59,150,90,0,0,Complete,Megin,Megin,Shore,Coastal,49.43515548,-126.0786488,Alans,FR-810D,25,0.5,455,Incoming,467,206,455,455,455,334,158,455,455,,329,239,,,,5:29:00
WC96010028,"Burger, Alan",Alan Burger,WC,1996,7,7,189,3,57,150,90,0,0,Excluded,Cypre Boat,Cypre Boat,Boat,Coastal,49.27558113,-125.9041934,Alans,FR-810D,25,0.5,48,Incoming,48,26,48,,48,45,25,48,,,327,237,,,,5:27:00
WC96010029,"Burger, Alan",Louise K. Blight,WC,1996,7,7,189,4,0,150,90,0,0,Complete,Megin,Megin,Shore,Coastal,49.43515548,-126.0786488,Alans,FR-810D,25,0.5,428,Incoming,448,246,428,,428,312,167,428,,,330,240,,,,5:30:00
WC96010030,"Burger, Alan",Alan Burger,WC,1996,7,8,190,3,57,150,90,0,0,Complete,Bulson,Bulson,Shore,Coastal,49.25366679,-125.7333008,Alans,FR-810D,25,0.5,403,Incoming,436,127,403,403,403,415,122,403,403,,327,237,,,,5:27:00
WC96010031,"Burger, Alan",Louise K. Blight,WC,1996,7,8,190,3,57,150,90,0,0,Complete,Moyeha,Moyeha,Shore,Coastal,49.40982674,-125.9132972,Alans,FR-810D,25,0.5,241,Incoming,253,148,241,,241,178,93,241,,,327,237,,,,5:27:00
WC96010032,"Burger, Alan",Alan Burger,WC,1996,7,9,191,3,58,144,90,6,,Complete,Bulson,Bulson,Shore,Coastal,49.25366679,-125.7333008,Alans,FR-810D,25,0.5,349,Incoming,355,49,349,,349,349,48,349,,,328,238,,,,5:28:00
WC96010033,"Burger, Alan",Louise K. Blight,WC,1996,7,9,191,3,58,150,90,0,0,Complete,Moyeha,Moyeha,Shore,Coastal,49.40982674,-125.9132972,Alans,FR-810D,25,0.5,366,Incoming,374,202,366,366,366,236,127,366,366,,328,238,,,,5:28:00
WC96010034,"Burger, Alan",Louise K. Blight,WC,1996,7,10,192,3,59,150,90,0,0,Complete,Atleo Shore,Atleo Shore,Shore,Coastal,49.36766103,-126.0598948,Alans,FR-810D,25,0.5,79,Outgoing,76,79,60,,60,47,44,60,,,329,239,,,,5:29:00
WC96010035,"Burger, Alan",Alan Burger,WC,1996,7,10,192,3,59,127,90,23,,Complete,Bulson,Bulson,Shore,Coastal,49.25366679,-125.7333008,Alans,FR-810D,25,0.5,213,Incoming,216,43,213,,213,214,43,213,,,329,239,,,,5:29:00
WC96010036,"Burger, Alan",Louise K. Blight,WC,1996,7,11,193,4,0,150,90,0,0,Complete,Atleo Shore,Atleo Shore,Shore,Coastal,49.36766103,-126.0598948,Alans,FR-810D,25,0.5,85,Incoming,99,71,85,,85,63,39,85,,,330,240,,,,5:30:00
WC96010037,"Burger, Alan",Alan Burger,WC,1996,7,11,193,4,0,150,90,0,0,Complete,Tofino Creek,Tofino Creek,Shore,Coastal,49.23015508,-125.6002317,Alans,FR-810D,25,0.5,108,Incoming,108,45,108,,108,107,43,108,,,330,240,,,,5:30:00
WC96010038,"Burger, Alan",Louise K. Blight,WC,1996,7,12,194,4,1,150,90,0,0,Complete,Kennedy,Kennedy,Shore,Inland,49.11883164,-125.4669326,Alans,FR-810D,25,0.5,180,Incoming,186,78,180,,180,113,55,180,,,331,241,,,,5:31:00
WC96010039,"Burger, Alan",Alan Burger,WC,1996,7,12,194,4,1,150,90,0,0,Complete,Tofino Creek,Tofino Creek,Shore,Coastal,49.23015508,-125.6002317,Alans,FR-810D,25,0.5,116,Incoming,116,33,116,116,116,114,31,116,116,,331,241,,,,5:31:00
WC96010040,"Burger, Alan",Louise K. Blight,WC,1996,7,13,195,4,2,150,90,0,0,Complete,Kennedy,Kennedy,Shore,Inland,49.11883164,-125.4669326,Alans,FR-810D,25,0.5,110,Outgoing,104,110,102,,102,70,71,102,,,332,242,,,,5:32:00
WC96010041,"Burger, Alan",Alan Burger,WC,1996,7,13,195,4,2,150,90,0,0,Complete,Tranquil,Tranquil Boat,Boat,Coastal,49.20871801,-125.6666109,Alans,FR-810D,25,0.5,45,Incoming,46,18,45,,45,46,16,45,,,332,242,,,,5:32:00
WC96010042,"Burger, Alan",Louise K. Blight,WC,1996,7,14,196,4,3,150,90,0,0,Complete,Kennedy,Kennedy,Shore,Inland,49.11883164,-125.4669326,Alans,FR-810D,25,0.5,223,Incoming,227,62,223,223,223,138,44,223,223,,333,243,,,,5:33:00
WC96010043,"Burger, Alan",Alan Burger,WC,1996,7,14,196,4,3,150,90,0,0,Complete,Tranquil,Tranquil Boat,Boat,Coastal,49.20871801,-125.6666109,Alans,FR-810D,25,0.5,59,Incoming,59,19,59,,59,57,19,59,,,333,243,,,,5:33:00
WC96010044,"Burger, Alan",Alan Burger,WC,1996,7,15,197,4,4,145,90,5,,Complete,Clayoquot + 0.5 upper Kennedy,Clayoquot + 0.5 upper Kennedy,Shore,Inland,49.18027998,-125.5372322,Alans,FR-810D,25,0.5,22,Incoming,22,8,22,,22,21,7,22,,,334,244,,,,5:34:00
WC96010045,"Burger, Alan",Alan Burger,WC,1996,7,16,198,4,5,67,90,83,,Complete,Clayoquot + 0.5 upper Kennedy,Clayoquot + 0.5 upper Kennedy,Shore,Inland,49.18027998,-125.5372322,Alans,FR-810D,25,0.5,94,Incoming,94,32,94,,94,93,32,94,,,335,245,,,,5:35:00
WC96010046,"Burger, Alan",Alan Burger,WC,1996,7,17,199,4,7,103,90,47,,Complete,Clayoquot + 0.5 upper Kennedy,Clayoquot + 0.5 upper Kennedy,Shore,Inland,49.18027998,-125.5372322,Alans,FR-810D,25,0.5,100,Incoming,100,33,100,100,100,98,31,100,100,,337,247,,,,5:37:00
WC96010047,"Burger, Alan",Louise K. Blight,WC,1996,7,20,202,4,9,150,90,0,0,Complete,Sydney,Sydney estuary - approx coords,Shore,Coastal,49.508,-126.294,Alans,FR-810D,25,0.5,6,Outgoing,3,6,3,,4,3,4,3,,,339,249,,,,5:39:00
WC96010048,"Burger, Alan",Louise K. Blight,WC,1996,7,22,204,4,13,150,90,0,0,Complete,Hesquiat,Hesquiat Pt. Cr.,Shore,Coastal,49.38909946,-126.3742377,Alans,FR-810D,25,0.5,70,Incoming,71,18,70,,70,42,13,70,,,343,253,,,,5:43:00
WC96010049,"Burger, Alan",Louise K. Blight,WC,1996,7,23,205,4,14,150,90,0,0,Complete,Hesquiat,Hesquiat Pt. Cr.,Shore,Coastal,49.38909946,-126.3742377,Alans,FR-810D,25,0.5,15,Incoming,19,12,15,,15,13,10,15,,,344,254,,,,5:44:00
WC96010050,"Burger, Alan",Louise K. Blight,WC,1996,7,24,206,4,15,150,90,0,0,Complete,Watta,Watta Boat,Boat,Coastal,49.42643892,-126.0413466,Alans,FR-810D,25,0.5,71,Incoming,80,34,71,,71,56,27,71,,,345,255,,,,5:45:00
WC96010051,"Burger, Alan",Louise K. Blight,WC,1996,7,25,207,4,16,150,90,0,0,Complete,Watta,Watta Boat,Boat,Coastal,49.42643892,-126.0413466,Alans,FR-810D,25,0.5,42,Incoming,54,37,42,,42,44,28,42,,,346,256,,,,5:46:00
WC96010052,"Burger, Alan",Louise K. Blight,WC,1996,7,26,208,3,50,150,90,0,0,Excluded,Flores #6 Shore,Flores #6 Shore,Shore,Coastal,49.31647688,-126.0789368,Alans,FR-810D,25,0.5,8,Incoming,8,7,8,,8,6,7,8,,,320,230,,,,5:20:00
WC96010053,"Burger, Alan",J.D. Austin,WC,1996,7,27,209,4,19,150,90,0,0,Complete,Clayoquot + 0.5 upper Kennedy,Clayoquot + 0.5 upper Kennedy,Shore,Inland,49.18027998,-125.5372322,Alans,FR-810D,25,0.5,22,Incoming,23,12,22,,22,21,12,22,,,349,259,,,,5:49:00
WC96010054,"Burger, Alan",J.D. Austin,WC,1996,7,28,210,4,20,150,90,0,0,Complete,Clayoquot + 0.5 upper Kennedy,Clayoquot + 0.5 upper Kennedy,Shore,Inland,49.18027998,-125.5372322,Alans,FR-810D,25,0.5,17,Incoming,17,7,17,,17,17,7,17,,,350,260,,,,5:50:00
WC96010055,"Burger, Alan",J.D. Austin,WC,1996,7,29,211,4,22,150,90,0,0,Complete,Kennedy,Kennedy,Shore,Inland,49.11883164,-125.4669326,Alans,FR-810D,25,0.5,11,Incoming,14,9,11,,11,13,9,11,,,352,262,,,,5:52:00
WC97010001,"Burger, Alan",Louise K. Blight,WC,1997,5,7,127,4,14,150,90,0,0,Complete,Bedwell,Bedwell 5,Shore,Coastal,49.35556733,-125.7741366,Alans,FR-810D,25,0.5,249,Incoming,254,64,249,,249,208,55,249,,,344,254,,,,5:44:00
WC97010002,"Burger, Alan",Louise K. Blight,WC,1997,5,8,128,4,13,150,90,0,0,Complete,Bedwell,Bedwell 5,Shore,Coastal,49.35556733,-125.7741366,Alans,FR-810D,25,0.5,433,Incoming,457,112,433,433,433,331,82,433,433,,343,253,,,,5:43:00
WC97010003,"Burger, Alan",Louise K. Blight,WC,1997,5,9,129,4,18,150,90,0,0,Complete,Bulson,Bulson,Shore,Coastal,49.25366679,-125.7333008,Alans,FR-810D,25,0.5,299,Incoming,305,68,299,,299,216,56,299,,,348,258,,,,5:48:00
WC97010004,"Burger, Alan",Louise K. Blight,WC,1997,5,10,130,4,17,150,90,0,0,Complete,Bulson,Bulson,Shore,Coastal,49.25366679,-125.7333008,Alans,FR-810D,25,0.5,197,Incoming,224,78,197,,197,176,67,197,,,347,257,,,,5:47:00
WC97010005,"Burger, Alan",Louise K. Blight,WC,1997,5,15,135,4,9,150,90,0,0,Excluded,Flores #6 Shore,Flores #6 Shore,Shore,Coastal,49.31647688,-126.0789368,Alans,FR-810D,25,0.5,124,Incoming,141,124,124,,124,100,89,124,,,339,249,,,,5:39:00
WC97010006,"Burger, Alan",Louise K. Blight,WC,1997,5,16,136,4,8,150,90,0,0,Excluded,Flores #6 Shore,Flores #6 Shore,Shore,Coastal,49.31647688,-126.0789368,Alans,FR-810D,25,0.5,133,Incoming,165,67,133,133,133,147,59,133,133,,338,248,,,,5:38:00
WC97010007,"Burger, Alan",Louise K. Blight,WC,1997,5,17,137,4,7,139,90,11,,Complete,Atleo Shore,Atleo Shore,Shore,Coastal,49.36766103,-126.0598948,Alans,FR-810D,25,0.5,107,Incoming,126,101,107,,107,109,85,107,,>10 minutes of interference,337,247,,,,5:37:00
WC97010008,"Burger, Alan",Louise K. Blight,WC,1997,5,18,138,4,6,150,90,0,0,Complete,Atleo Shore,Atleo Shore,Shore,Coastal,49.36766103,-126.0598948,Alans,FR-810D,25,0.5,150,Incoming,187,102,150,150,150,161,85,150,150,,336,246,,,,5:36:00
WC97010009,"Burger, Alan",Louise K. Blight,WC,1997,5,19,139,4,4,150,90,0,0,Complete,Moyeha,Moyeha,Shore,Coastal,49.40982674,-125.9132972,Alans,FR-810D,25,0.5,501,Incoming,524,344,501,,501,408,284,501,,,334,244,,,,5:34:00
WC97010010,"Burger, Alan",Louise K. Blight,WC,1997,5,20,140,4,3,150,90,0,0,Complete,Moyeha,Moyeha,Shore,Coastal,49.40982674,-125.9132972,Alans,FR-810D,25,0.5,489,Incoming,506,223,489,,489,410,200,489,,,333,243,,,,5:33:00
WC97010011,"Burger, Alan",Louise K. Blight,WC,1997,5,21,141,4,2,150,90,0,0,Excluded,Cypre Boat,Cypre Boat,Boat,Coastal,49.27558113,-125.9041934,Alans,FR-810D,25,0.5,69,Incoming,77,43,69,69,69,70,41,69,69,,332,242,,,,5:32:00
WC97010012,"Burger, Alan",Alan Burger,WC,1997,5,21,141,4,2,150,90,0,0,Complete,Sydney,Sydney estuary - approx coords,Shore,Coastal,49.508,-126.294,Alans,FR-810D,25,0.5,21,Incoming,21,17,21,,21,21,16,21,,,332,242,,,,5:32:00
WC97010013,"Burger, Alan",Alan Burger,WC,1997,5,22,142,4,1,150,90,0,0,Complete,Sydney,Sydney estuary - approx coords,Shore,Coastal,49.508,-126.294,Alans,FR-810D,25,0.5,41,Incoming,41,29,41,41,41,40,26,41,41,,331,241,,,,5:31:00
WC97010014,"Burger, Alan",Alan Burger,WC,1997,5,23,143,4,0,150,90,0,0,Complete,Hesquiat,Hesquiat Pt. Cr.,Shore,Coastal,49.38909946,-126.3742377,Alans,FR-810D,25,0.5,104,Incoming,104,46,104,,104,95,42,104,,,330,240,,,,5:30:00
WC97010015,"Burger, Alan",Louise K. Blight,WC,1997,5,24,144,3,59,150,90,0,0,Complete,Bulson,Bulson,Shore,Coastal,49.25366679,-125.7333008,Alans,FR-810D,25,0.5,245,Incoming,259,58,245,,245,203,51,245,,,329,239,,,,5:29:00
WC97010016,"Burger, Alan",Alan Burger,WC,1997,5,24,144,3,59,150,90,0,0,Complete,Hesquiat,Hesquiat Pt. Cr.,Shore,Coastal,49.38909946,-126.3742377,Alans,FR-810D,25,0.5,108,Incoming,108,28,108,108,108,100,26,108,108,,329,239,,,,5:29:00
WC97010017,"Burger, Alan",Alan Burger,WC,1997,5,25,145,3,58,150,90,0,0,Complete,Pretty Girl Shore,Pretty Girl Shore,Shore,Coastal,49.4740643,-126.2315971,Alans,FR-810D,25,0.5,251,Incoming,253,91,251,,251,246,84,251,,,328,238,,,,5:28:00
WC97010018,"Burger, Alan",Alan Burger,WC,1997,5,26,146,3,57,150,90,0,0,Complete,Pretty Girl Shore,Pretty Girl Shore,Shore,Coastal,49.4740643,-126.2315971,Alans,FR-810D,25,0.5,309,Incoming,312,85,309,309,309,297,77,309,309,,327,237,,,,5:27:00
WC97010019,"Burger, Alan",Alan Burger,WC,1997,5,28,148,3,55,150,90,0,0,Complete,Megin,Megin,Shore,Coastal,49.43515548,-126.0786488,Alans,FR-810D,25,0.5,526,Incoming,528,156,526,526,526,511,139,526,526,,325,235,,,,5:25:00
WC97010020,"Burger, Alan",Louise K. Blight,WC,1997,5,30,150,3,54,150,90,0,0,Complete,Tranquil,Tranquil Boat,Boat,Coastal,49.20871801,-125.6666109,Alans,FR-810D,25,0.5,211,Incoming,217,80,211,,211,167,64,211,,,324,234,,,,5:24:00
WC97010021,"Burger, Alan",Alan Burger,WC,1997,5,30,150,3,54,150,90,0,0,Complete,Watta,Watta Boat,Boat,Coastal,49.42643892,-126.0413466,Alans,FR-810D,25,0.5,524,Incoming,525,143,524,524,524,510,135,524,524,,324,234,,,,5:24:00
WC97010022,"Burger, Alan",Alan Burger,WC,1997,5,30,150,3,54,150,90,0,0,Complete,Watta,Watta Shore WS,Shore,Coastal,49.43055263,-126.0365331,Alans,FR-810D,25,0.5,23,Incoming,24,7,23,23,23,24,7,23,23,,324,234,,,,5:24:00
WC97010024,"Burger, Alan",Louise K. Blight,WC,1997,6,2,153,3,51,150,90,0,0,Complete,Clayoquot + 0.5 upper Kennedy,Clayoquot + 0.5 upper Kennedy,Shore,Inland,49.18027998,-125.5372322,Alans,FR-810D,25,0.5,347,Incoming,363,131,347,,347,276,108,347,,,321,231,,,,5:21:00
WC97010023,"Burger, Alan",Alan Burger,WC,1997,6,2,153,3,52,150,90,0,0,Complete,Bedwell,Bedwell 5,Shore,Coastal,49.35556733,-125.7741366,Alans,FR-810D,25,0.5,250,Incoming,251,64,250,,250,240,60,250,,,322,232,,,,5:22:00
WC97010025,"Burger, Alan",Louise K. Blight,WC,1997,6,12,163,3,47,150,90,0,0,Excluded,Flores #6 Shore,Flores #6 Shore,Shore,Coastal,49.31647688,-126.0789368,Alans,FR-810D,25,0.5,70,Incoming,83,60,70,,70,67,47,70,,,317,227,,,,5:17:00
WC97010026,"Burger, Alan",Louise K. Blight,WC,1997,6,13,164,3,47,150,90,0,0,Complete,Atleo Shore,Atleo Shore,Shore,Coastal,49.36766103,-126.0598948,Alans,FR-810D,25,0.5,74,Incoming,116,71,74,,74,97,59,74,,,317,227,,,,5:17:00
WC97010027,"Burger, Alan",Louise K. Blight,WC,1997,6,14,165,3,47,139,90,11,,Complete,Moyeha,Moyeha,Shore,Coastal,49.40982674,-125.9132972,Alans,FR-810D,25,0.5,417,Incoming,431,414,417,,417,364,337,417,,>10 minutes of interference,317,227,,,,5:17:00
WC97010028,"Burger, Alan",Louise K. Blight,WC,1997,6,15,166,3,47,150,90,0,0,Complete,Moyeha,Moyeha,Shore,Coastal,49.40982674,-125.9132972,Alans,FR-810D,25,0.5,755,Incoming,1219,243,755,755,755,911,186,755,755,,317,227,,,,5:17:00
WC97010029,"Burger, Alan",Louise K. Blight,WC,1997,6,16,167,3,47,150,90,0,0,Complete,Kennedy,Kennedy,Shore,Inland,49.11883164,-125.4669326,Alans,FR-810D,25,0.5,424,Outgoing,395,424,328,,328,321,311,328,,,317,227,,,,5:17:00
WC97010030,"Burger, Alan",Louise K. Blight,WC,1997,6,18,169,3,47,150,90,0,0,Excluded,Cypre Boat,Cypre Boat,Boat,Coastal,49.27558113,-125.9041934,Alans,FR-810D,25,0.5,54,Outgoing,49,54,32,,44,41,44,32,,,317,227,,,,5:17:00
WC97010031,"Burger, Alan",Louise K. Blight,WC,1997,6,19,170,3,47,139,90,11,,Complete,Bulson,Bulson,Shore,Coastal,49.25366679,-125.7333008,Alans,FR-810D,25,0.5,317,Incoming,332,130,317,,317,279,116,317,,>10 minutes of interference,317,227,,,,5:17:00
WC97010032,"Burger, Alan",Louise K. Blight,WC,1997,6,20,171,3,47,139,90,11,,Complete,Bulson,Bulson,Shore,Coastal,49.25366679,-125.7333008,Alans,FR-810D,25,0.5,374,Incoming,391,149,374,374,374,328,132,374,374,>10 minutes of interference,317,227,,,,5:17:00
WC97010033,"Burger, Alan",Louise K. Blight,WC,1997,6,25,176,3,49,150,90,0,0,Complete,Tranquil,Tranquil Boat,Boat,Coastal,49.20871801,-125.6666109,Alans,FR-810D,25,0.5,347,Incoming,347,45,347,347,347,320,37,347,347,,319,229,,,,5:19:00
WC97010034,"Burger, Alan",Louise K. Blight,WC,1997,6,28,179,3,50,150,90,0,0,Complete,Tranquil,Tranquil Boat,Boat,Coastal,49.20871801,-125.6666109,Alans,FR-810D,25,0.5,108,Incoming,111,29,108,,108,106,29,108,,,320,230,,,,5:20:00
WC97010035,"Burger, Alan",Louise K. Blight,WC,1997,6,29,180,3,51,150,90,0,0,Complete,Clayoquot + 0.5 upper Kennedy,Clayoquot + 0.5 upper Kennedy,Shore,Inland,49.18027998,-125.5372322,Alans,FR-810D,25,0.5,558,Incoming,584,201,558,,558,472,156,558,,,321,231,,,,5:21:00
WC97010036,"Burger, Alan",Louise K. Blight,WC,1997,6,30,181,3,51,150,90,0,0,Complete,Clayoquot + 0.5 upper Kennedy,Clayoquot + 0.5 upper Kennedy,Shore,Inland,49.18027998,-125.5372322,Alans,FR-810D,25,0.5,721,Outgoing,799,721,659,721,659,633,535,659,659,,321,231,,,,5:21:00
WC97010037,"Burger, Alan",Alan Burger,WC,1997,7,1,182,3,52,150,90,0,0,Complete,Bedwell,Bedwell 5,Shore,Coastal,49.35556733,-125.7741366,Alans,FR-810D,25,0.5,382,Incoming,384,59,382,,382,360,56,382,,,322,232,,,,5:22:00
WC97010038,"Burger, Alan",Geoff Carrow,WC,1997,7,1,182,3,52,139,90,11,,Complete,Kennedy,Kennedy,Shore,Inland,49.11883164,-125.4669326,Alans,FR-810D,25,0.5,478,Incoming,520,386,478,,478,456,327,478,,>10 minutes of interference,322,232,,,,5:22:00
WC97010040,"Burger, Alan",Geoff Carrow,WC,1997,7,2,183,3,51,150,90,0,0,Complete,Kennedy,Kennedy,Shore,Inland,49.11883164,-125.4669326,Alans,FR-810D,25,0.5,540,Incoming,576,384,540,540,540,480,317,540,540,,321,231,,,,5:21:00
WC97010039,"Burger, Alan",Alan Burger,WC,1997,7,2,183,3,52,150,90,0,0,Complete,Bedwell,Bedwell 5,Shore,Coastal,49.35556733,-125.7741366,Alans,FR-810D,25,0.5,364,Incoming,364,45,364,,364,347,42,364,,,322,232,,,,5:22:00
WC97010041,"Burger, Alan",Alan Burger,WC,1997,7,3,184,3,53,150,90,0,0,Complete,Pretty Girl Shore,Pretty Girl Shore,Shore,Coastal,49.4740643,-126.2315971,Alans,FR-810D,25,0.5,185,Incoming,185,19,185,,185,184,19,185,,,323,233,,,,5:23:00
WC97010042,"Burger, Alan",Alan Burger,WC,1997,7,4,185,3,54,150,90,0,0,Complete,Pretty Girl Shore,Pretty Girl Shore,Shore,Coastal,49.4740643,-126.2315971,Alans,FR-810D,25,0.5,302,Incoming,304,68,302,,302,294,64,302,,,324,234,,,,5:24:00
WC97010043,"Burger, Alan",Alan Burger,WC,1997,7,5,186,3,55,150,90,0,0,Complete,Sydney,Sydney cabin - approx coords,Shore,Coastal,49.511,-126.291,Alans,FR-810D,25,0.5,222,Incoming,229,133,222,222,222,217,122,222,222,,325,235,,,,5:25:00
WC97010044,"Burger, Alan",Alan Burger,WC,1997,7,6,187,3,55,150,90,0,0,Complete,Sydney,Sydney cabin - approx coords,Shore,Coastal,49.511,-126.291,Alans,FR-810D,25,0.5,110,Incoming,113,66,110,,110,108,61,110,,,325,235,,,,5:25:00
WC97010045,"Burger, Alan",Alan Burger,WC,1997,7,7,188,3,56,150,90,0,0,Complete,Hesquiat,Hesquiat Pt. Cr.,Shore,Coastal,49.38909946,-126.3742377,Alans,FR-810D,25,0.5,103,Incoming,103,20,103,,103,100,19,103,,,326,236,,,,5:26:00
WC97010046,"Burger, Alan",Geoff Carrow,WC,1997,7,7,188,3,56,139,90,11,,Complete,Megin,Megin,Shore,Coastal,49.43515548,-126.0786488,Alans,FR-810D,25,0.5,478,Incoming,524,131,478,,478,415,113,478,,>10 minutes of interference,326,236,,,,5:26:00
WC97010047,"Burger, Alan",Geoff Carrow,WC,1997,7,9,190,3,57,150,90,0,0,Complete,Watta,Watta Boat,Boat,Coastal,49.42643892,-126.0413466,Alans,FR-810D,25,0.5,472,Incoming,528,269,472,,472,401,215,472,,,327,237,,,,5:27:00
WC97010048,"Burger, Alan",Geoff Carrow,WC,1997,7,10,191,3,59,150,90,0,0,Complete,Watta,Watta Boat,Boat,Coastal,49.42643892,-126.0413466,Alans,FR-810D,25,0.5,519,Incoming,638,439,519,,519,488,313,519,,,329,239,,,,5:29:00
WC97010049,"Burger, Alan",Geoff Carrow,WC,1997,7,13,194,4,2,150,90,0,0,Complete,Tofino Creek,Tofino Creek,Shore,Coastal,49.23015508,-125.6002317,Alans,FR-810D,25,0.5,133,Incoming,140,17,133,133,133,120,15,133,133,,332,242,,,,5:32:00
WC97010050,"Burger, Alan",Geoff Carrow,WC,1997,7,14,195,4,3,150,90,0,0,Excluded,Meares (Lemmen's),Meares (Lemmen's),Shore,Coastal,49.2116755,-125.8848993,Alans,FR-810D,25,0.5,192,Outgoing,119,192,83,192,128,92,128,83,128,,333,243,,,,5:33:00
WC97010051,"Burger, Alan",Geoff Carrow,WC,1997,7,15,196,4,4,150,90,0,0,Excluded,Cow Bay,Cow Bay,Shore,Coastal,49.25106368,-126.1332138,Alans,FR-810D,25,0.5,259,Incoming,271,32,259,259,259,213,26,259,259,,334,244,,,,5:34:00
WC97010052,"Burger, Alan",Geoff Carrow,WC,1997,7,17,198,4,6,150,90,0,0,Complete,Boat Basin Boat,Boat Basin Boat,Boat,Coastal,49.47416111,-126.4219741,Alans,FR-810D,25,0.5,355,Incoming,412,121,355,355,355,331,94,355,355,,336,246,,,,5:36:00
WC97010053,"Burger, Alan",Geoff Carrow,WC,1997,7,18,199,4,7,150,90,0,0,Complete,Boat Basin Boat,Boat Basin Boat,Boat,Coastal,49.47416111,-126.4219741,Alans,FR-810D,25,0.5,49,Outgoing,50,49,30,,44,48,44,30,,,337,247,,,,5:37:00
WC97010054,"Burger, Alan",Alan Burger,WC,1997,7,25,206,4,16,150,90,0,0,Complete,Bulson,Bulson,Shore,Coastal,49.25366679,-125.7333008,Alans,FR-810D,25,0.5,173,Outgoing,175,173,171,,171,165,163,171,,,346,256,,,,5:46:00
WC97010055,"Burger, Alan",Alan Burger,WC,1997,7,26,207,4,17,150,90,0,0,Complete,Bulson,Bulson,Shore,Coastal,49.25366679,-125.7333008,Alans,FR-810D,25,0.5,185,Outgoing,188,185,172,,176,186,176,172,,,347,257,,,,5:47:00
WC97010056,"Burger, Alan",Alan Burger,WC,1997,7,27,208,4,19,150,90,0,0,Complete,Bedwell,Bedwell 5,Shore,Coastal,49.35556733,-125.7741366,Alans,FR-810D,25,0.5,119,Incoming,120,82,119,,119,114,81,119,,,349,259,,,,5:49:00
WC97010057,"Burger, Alan",Alan Burger,WC,1997,7,28,209,4,20,150,90,0,0,Complete,Bedwell,Bedwell 5,Shore,Coastal,49.35556733,-125.7741366,Alans,FR-810D,25,0.5,102,Incoming,103,66,102,,102,101,64,102,,,350,260,,,,5:50:00
WC98010001,"Burger, Alan",N. Denis,WC,1998,5,16,136,4,10,150,90,0,0,Complete,Bedwell,Bedwell 5,Shore,Coastal,49.35556733,-125.7741366,Alans,FR-810D,25,0.5,105,Incoming,106,24,105,,105,87,23,105,,,340,250,,,,5:40:00
WC98010002,"Burger, Alan",Kate A. Paul,WC,1998,5,17,137,3,57,150,90,0,0,Complete,Bulson,Bulson,Shore,Coastal,49.25366679,-125.7333008,Alans,FR-810D,25,0.5,300,Outgoing,169,300,168,,278,162,278,168,,,327,237,,,,5:27:00
WC98010003,"Burger, Alan",Geoff Carrow,WC,1998,5,17,137,4,8,150,90,0,0,Complete,Watta,Watta Shore WS,Shore,Coastal,49.43055263,-126.0365331,Alans,FR-810D,25,0.5,22,Incoming,23,20,22,,22,23,20,22,,,338,248,,,,5:38:00
WC98010004,"Burger, Alan",Paul G. Levesque,WC,1998,5,18,138,4,6,150,90,0,0,Complete,Bulson,Bulson,Shore,Coastal,49.25366679,-125.7333008,Alans,FR-810D,25,0.5,350,Incoming,362,288,350,,350,350,276,350,,,336,246,,,,5:36:00
WC98010005,"Burger, Alan",Geoff Carrow,WC,1998,5,18,138,4,7,150,90,0,0,Complete,Watta,Watta Shore WS,Shore,Coastal,49.43055263,-126.0365331,Alans,FR-810D,25,0.5,19,Incoming,19,4,19,,19,19,4,19,,,337,247,,,,5:37:00
WC98010006,"Burger, Alan",N. Denis,WC,1998,5,21,141,4,3,150,90,0,0,Complete,Clayoquot + 0.5 upper Kennedy,Clayoquot + 0.5 upper Kennedy,Shore,Inland,49.18027998,-125.5372322,Alans,FR-810D,25,0.5,301,Incoming,315,201,301,,301,304,187,301,,,333,243,,,,5:33:00
WC98010007,"Burger, Alan",N. Denis,WC,1998,5,22,142,4,2,150,90,0,0,Complete,Clayoquot + 0.5 upper Kennedy,Clayoquot + 0.5 upper Kennedy,Shore,Inland,49.18027998,-125.5372322,Alans,FR-810D,25,0.5,190,Incoming,192,55,190,,190,179,55,190,,,332,242,,,,5:32:00
WC98010008,"Burger, Alan",N. Denis,WC,1998,5,29,149,3,56,150,90,0,0,Complete,Kennedy,Kennedy,Shore,Inland,49.11883164,-125.4669326,Alans,FR-810D,25,0.5,206,Incoming,208,54,206,,206,200,54,206,,,326,236,,,,5:26:00
WC98010009,"Burger, Alan",Alan Burger,WC,1998,5,31,151,3,54,150,90,0,0,Complete,Moyeha,Moyeha,Shore,Coastal,49.40982674,-125.9132972,Alans,FR-810D,25,0.5,666,Incoming,683,466,666,666,666,627,394,666,666,,324,234,,,,5:24:00
WC98010010,"Burger, Alan",Alan Burger,WC,1998,6,1,152,3,53,150,90,0,0,Complete,Moyeha,Moyeha,Shore,Coastal,49.40982674,-125.9132972,Alans,FR-810D,25,0.5,631,Incoming,637,299,631,,631,594,282,631,,,323,233,,,,5:23:00
WC98010011,"Burger, Alan",Alan Burger,WC,1998,6,2,153,3,53,150,90,0,0,Complete,Pretty Girl Shore,Pretty Girl Shore,Shore,Coastal,49.4740643,-126.2315971,Alans,FR-810D,25,0.5,210,Incoming,212,60,210,210,210,210,58,210,210,,323,233,,,,5:23:00
WC98010012,"Burger, Alan",Alan Burger,WC,1998,6,4,155,3,51,150,90,0,0,Complete,Sydney,Sydney cabin - approx coords,Shore,Coastal,49.511,-126.291,Alans,FR-810D,25,0.5,228,Incoming,232,93,228,228,228,220,86,228,228,,321,231,,,,5:21:00
WC98010013,"Burger, Alan",Alan Burger,WC,1998,6,5,156,3,51,150,90,0,0,Complete,Sydney,Sydney cabin - approx coords,Shore,Coastal,49.511,-126.291,Alans,FR-810D,25,0.5,185,Incoming,186,87,185,,185,178,77,185,,,321,231,,,,5:21:00
WC98010014,"Burger, Alan",Alan Burger,WC,1998,6,6,157,3,50,150,90,0,0,Complete,Bulson,Bulson,Shore,Coastal,49.25366679,-125.7333008,Alans,FR-810D,25,0.5,459,Incoming,468,104,459,459,459,455,102,459,459,,320,230,,,,5:20:00
WC98010015,"Burger, Alan",Alan Burger,WC,1998,6,7,158,3,50,150,90,0,0,Complete,Bulson,Bulson,Shore,Coastal,49.25366679,-125.7333008,Alans,FR-810D,25,0.5,434,Incoming,446,238,434,,434,432,224,434,,,320,230,,,,5:20:00
WC98010016,"Burger, Alan",Alan Burger,WC,1998,6,8,159,3,50,150,90,0,0,Complete,Bedwell,Bedwell 5,Shore,Coastal,49.35556733,-125.7741366,Alans,FR-810D,25,0.5,345,Incoming,372,144,345,,345,343,135,345,,,320,230,,,,5:20:00
WC98010017,"Burger, Alan",Alan Burger,WC,1998,6,9,160,3,49,150,90,0,0,Complete,Bedwell,Bedwell 5,Shore,Coastal,49.35556733,-125.7741366,Alans,FR-810D,25,0.5,460,Incoming,466,178,460,,460,441,167,460,,,319,229,,,,5:19:00
WC98010018,"Burger, Alan",Geoff Carrow,WC,1998,6,15,166,3,48,139,90,11,,Complete,Watta,Watta Shore WS,Shore,Coastal,49.43055263,-126.0365331,Alans,FR-810D,25,0.5,41,Incoming,46,15,41,,41,46,13,41,,,318,228,,,,5:18:00
WC98010019,"Burger, Alan",Geoff Carrow,WC,1998,6,16,167,3,48,150,90,0,0,Complete,Watta,Watta Shore WS,Shore,Coastal,49.43055263,-126.0365331,Alans,FR-810D,25,0.5,66,Incoming,68,23,66,66,66,65,23,66,66,,318,228,,,,5:18:00
WC98010020,"Burger, Alan",N. Denis,WC,1998,6,17,168,3,48,150,90,0,0,Complete,Clayoquot + 0.5 upper Kennedy,Clayoquot + 0.5 upper Kennedy,Shore,Inland,49.18027998,-125.5372322,Alans,FR-810D,25,0.5,195,Outgoing,175,195,175,,184,172,184,175,,,318,228,,,,5:18:00
WC98010021,"Burger, Alan",N. Denis,WC,1998,6,18,169,3,48,150,90,0,0,Complete,Clayoquot + 0.5 upper Kennedy,Clayoquot + 0.5 upper Kennedy,Shore,Inland,49.18027998,-125.5372322,Alans,FR-810D,25,0.5,329,Incoming,360,253,329,329,329,346,221,329,329,,318,228,,,,5:18:00
WC98010022,"Burger, Alan",N. Denis,WC,1998,6,19,170,3,48,150,90,0,0,Complete,Kennedy,Kennedy,Shore,Inland,49.11883164,-125.4669326,Alans,FR-810D,25,0.5,190,Incoming,198,39,190,,190,195,37,190,,,318,228,,,,5:18:00
WC98010023,"Burger, Alan",N. Denis,WC,1998,6,20,171,3,48,150,90,0,0,Complete,Kennedy,Kennedy,Shore,Inland,49.11883164,-125.4669326,Alans,FR-810D,25,0.5,240,Incoming,266,100,240,240,240,260,89,240,240,,318,228,,,,5:18:00
WC98010024,"Burger, Alan",Alan Burger,WC,1998,6,29,180,3,52,150,90,0,0,Complete,Boat Basin Boat,Boat Basin Boat,Boat,Coastal,49.47416111,-126.4219741,Alans,FR-810D,25,0.5,307,Incoming,323,288,307,307,307,313,280,307,307,,322,232,,,,5:22:00
WC98010025,"Burger, Alan",Alan Burger,WC,1998,6,30,181,3,52,150,90,0,0,Complete,Boat Basin Boat,Boat Basin Boat,Boat,Coastal,49.47416111,-126.4219741,Alans,FR-810D,25,0.5,202,Outgoing,175,202,133,,184,169,184,133,,,322,232,,,,5:22:00
WC98010026,"Burger, Alan",Alan Burger,WC,1998,7,1,182,3,53,150,90,0,0,Complete,Pretty Girl Shore,Pretty Girl Shore,Shore,Coastal,49.4740643,-126.2315971,Alans,FR-810D,25,0.5,165,Incoming,206,105,165,,165,202,103,165,,,323,233,,,,5:23:00
WC98010027,"Burger, Alan",Alan Burger,WC,1998,7,2,183,3,53,150,90,0,0,Complete,Pretty Girl Shore,Pretty Girl Shore,Shore,Coastal,49.4740643,-126.2315971,Alans,FR-810D,25,0.5,171,Incoming,223,130,171,,171,215,129,171,,,323,233,,,,5:23:00
WC98010028,"Burger, Alan",Alan Burger,WC,1998,7,3,184,3,54,150,90,0,0,Complete,Sydney,Sydney cabin - approx coords,Shore,Coastal,49.511,-126.291,Alans,FR-810D,25,0.5,168,Incoming,201,168,168,,168,194,148,168,,,324,234,,,,5:24:00
WC98010029,"Burger, Alan",Alan Burger,WC,1998,7,4,185,3,55,150,90,0,0,Complete,Watta,Watta Boat,Boat,Coastal,49.42643892,-126.0413466,Alans,FR-810D,25,0.5,528,Incoming,595,421,528,528,528,575,402,528,528,,325,235,,,,5:25:00
WC98010030,"Burger, Alan",Alan Burger,WC,1998,7,4,185,3,55,150,90,0,0,Complete,Watta,Watta Shore WS,Shore,Coastal,49.43055263,-126.0365331,Alans,FR-810D,25,0.5,38,Incoming,42,22,38,,38,42,22,38,,,325,235,,,,5:25:00
WC98010031,"Burger, Alan",Alan Burger,WC,1998,7,5,186,3,56,150,90,0,0,Complete,Megin,Megin,Shore,Coastal,49.43515548,-126.0786488,Alans,FR-810D,25,0.5,310,Incoming,346,271,310,310,310,337,251,310,310,,326,236,,,,5:26:00
WC98010032,"Burger, Alan",Alan Burger,WC,1998,7,6,187,3,57,150,90,0,0,Complete,Moyeha,Moyeha,Shore,Coastal,49.40982674,-125.9132972,Alans,FR-810D,25,0.5,545,Incoming,714,477,545,,545,679,425,545,,,327,237,,,,5:27:00
WC98010033,"Burger, Alan",Alan Burger,WC,1998,7,7,188,3,57,150,90,0,0,Excluded,Flores #6 Shore,Flores #6 Shore,Shore,Coastal,49.31647688,-126.0789368,Alans,FR-810D,25,0.5,84,Outgoing,102,84,80,84,82,100,82,80,82,,327,237,,,,5:27:00
WC98010034,"Burger, Alan",Alan Burger,WC,1998,7,8,189,3,58,150,90,0,0,Excluded,Flores #6 Shore,Flores #6 Shore,Shore,Coastal,49.31647688,-126.0789368,Alans,FR-810D,25,0.5,73,Outgoing,68,73,58,,69,67,69,58,,,328,238,,,,5:28:00
WC98010035,"Burger, Alan",Alan Burger,WC,1998,7,9,190,3,59,150,90,0,0,Complete,Bulson,Bulson,Shore,Coastal,49.25366679,-125.7333008,Alans,FR-810D,25,0.5,391,Incoming,421,222,391,,391,413,214,391,,,329,239,,,,5:29:00
WC98010036,"Burger, Alan",Alan Burger,WC,1998,7,10,191,3,59,150,90,0,0,Complete,Bulson,Bulson,Shore,Coastal,49.25366679,-125.7333008,Alans,FR-810D,25,0.5,355,Incoming,372,234,355,,355,360,230,355,,,329,239,,,,5:29:00
WC98010037,"Burger, Alan",Geoff Carrow,WC,1998,7,11,192,4,1,150,90,0,0,Complete,Bedwell,Bedwell 5,Shore,Coastal,49.35556733,-125.7741366,Alans,FR-810D,25,0.5,538,Incoming,611,97,538,538,538,593,94,538,538,,331,241,,,,5:31:00
WC98010038,"Burger, Alan",Geoff Carrow,WC,1998,7,18,199,4,8,150,90,0,0,Complete,Tofino Creek,Tofino Creek,Shore,Coastal,49.23015508,-125.6002317,Alans,FR-810D,25,0.5,390,Incoming,457,81,390,390,390,397,70,390,390,,338,248,,,,5:38:00
WC99010001,"Chatwin, Trudy",Irene A. Manley,WC,1999,5,19,139,3,36,180,118,0,0,Complete,Bulson,Bulson Creek,Shore,Coastal,49.25451394,-125.7324817,Trudys (MOE),FR-7111,25,0.75,203,Incoming,221,116,203,203,203,221,116,203,203,,334,216,,,,5:34:00
WC99010002,"Chatwin, Trudy",Catherine J. Conroy,WC,1999,5,20,140,3,31,214,122,0,0,Complete,Bedwell,Bedwell Boat 4,Boat,Coastal,49.35553135,-125.7737627,Trudys (MOE),FR-7111,25,0.5,332,Incoming,335,193,332,332,332,335,193,332,332,,333,211,,,,5:33:00
WC99010003,"Chatwin, Trudy",Irene A. Manley,WC,1999,5,22,142,3,36,180,112,0,0,Excluded,Burman River,Burman River,Shore,Coastal,49.614288,-126.055539,Trudys (MOE),FR-7111,25,0.5,9,Outgoing,5,9,3,,9,5,9,3,,Burman River,328,216,,,,5:28:25
WC99010004,"Chatwin, Trudy",Catherine J. Conroy,WC,1999,5,23,143,3,33,45,116,138,,Complete,Gold River,Gold River,Shore,Coastal,49.679763,-126.115547,Trudys (MOE),FR-7111,25,0.5,3,Incoming,4,0,3,3,3,4,0,3,3,3 singles flying up main channel to east of station - Gold River,329,213,,,,5:29:15
WC99010005,"Chatwin, Trudy",Irene A. Manley,WC,1999,5,24,144,3,35,180,114,0,0,Complete,Kleptee,Kleptee River,Shore,Coastal,49.659803,-126.376574,Trudys (MOE),FR-7111,25,0.5,105,Incoming,105,10,105,105,105,105,10,105,105,Other = Up main channel: 32/3=40 total; Down channel: 1/0=1 - Kleptee Creek,329,215,,,,5:29:33
WC99010006,"Chatwin, Trudy",Catherine J. Conroy,WC,1999,5,25,145,3,31,180,116,0,0,Complete,Tlupana/Nesook,Tlupana/Nesook,Shore,Inland,49.997222,-126.407222,Trudys (MOE),FR-7111,25,0.5,119,Incoming,122,98,119,,119,122,98,119,,"68 = BL and NC , 1 Tlupana, 49 unknown",327,211,,,,5:27:48
WC99010007,"Chatwin, Trudy",Irene A. Manley,WC,1999,5,26,146,3,30,147,117,33,,Excluded,Sucwoa R./Canton Ck,Sucwoa R./Canton Ck,Shore,Inland,49.920556,-126.493333,Trudys (MOE),FR-7111,25,0.5,23,Incoming,23,14,23,23,23,23,14,23,23,Incoming total includes Canton Ck area,327,210,,,,5:27:28
WC99010008,"Chatwin, Trudy",Catherine J. Conroy,WC,1999,5,27,147,3,29,180,117,0,0,Complete,Conuma R.,Conuma R.,Shore,Inland,49.886111,-126.4525,Trudys (MOE),FR-7111,25,0.75,40,Incoming,40,12,40,,40,40,12,40,,,326,209,,,,5:26:30
WC99010009,"Chatwin, Trudy",Irene A. Manley,WC,1999,5,28,148,3,29,180,118,0,0,Excluded,Nuchatlitz Inlet,Nuchatlitz Inlet,Shore,Coastal,49.854722,-126.836667,Trudys (MOE),FR-7111,25,0.75,170,Incoming,170,121,170,,170,170,121,170,,,327,209,,,,5:27:15
WC99010010,"Chatwin, Trudy",Catherine J. Conroy,WC,1999,5,29,149,3,28,135,118,50,,Complete,Eliza Creek,Eliza Creek,Shore,Coastal,49.961111,-127.06,Trudys (MOE),FR-7111,25,0.5,30,Outgoing,29,30,28,30,30,29,30,28,30,,326,208,,,,5:26:47
WC99010011,"Chatwin, Trudy",Irene A. Manley,WC,1999,5,30,150,3,28,193,117,0,0,Complete,Espinosa,Espinosa,Shore,Coastal,50.002778,-126.9525,Trudys (MOE),FR-7111,25,0.5,115,Incoming,116,28,115,115,115,116,28,115,115,,325,208,,,,5:25:19
WC99010012,"Chatwin, Trudy",Catherine J. Conroy,WC,1999,5,31,151,3,26,209,117,0,0,Complete,Tahsis,Tahsis,Shore,Coastal,49.91167,-126.661439,Trudys (MOE),FR-7111,25,0.5,149,Incoming,161,132,149,149,149,161,132,149,149,Tahsis River - Lat and Lon Corrected Apr 2023,323,206,,,,5:23:00
WC99010013,"Chatwin, Trudy",Irene A. Manley,WC,1999,6,1,152,3,25,180,117,0,0,Complete,Leiner,Leiner,Shore,Inland,50.069444,-126.657778,Trudys (MOE),FR-7111,25,0.5,87,Incoming,87,61,87,,87,87,61,87,,,322,205,,,,5:22:16
WC99010014,"Chatwin, Trudy",Catherine J. Conroy,WC,1999,6,2,153,3,22,183,119,0,0,Excluded,Blowhole Bay,Blowhole Bay,Shore,Inland,50.002778,-126.677222,Trudys (MOE),FR-7111,25,0.75,48,Outgoing,44,48,38,48,48,44,48,38,48,,321,202,,,,5:21:57
WC99010015,"Chatwin, Trudy",Irene A. Manley,WC,1999,6,3,154,3,24,180,117,0,0,Complete,Little Zeballos R,Little Zeballos R,Shore,Inland,50.024722,-126.824722,Trudys (MOE),FR-7111,25,0.75,85,Incoming,85,19,85,85,85,85,19,85,85,,321,204,,,,5:21:46
WC99010016,"Chatwin, Trudy",Catherine J. Conroy,WC,1999,6,4,155,3,21,208,119,0,0,Complete,Zeballos,Zeballos R.,Shore,Coastal,49.979833,-126.85845,Trudys (MOE),FR-7111,25,0.75,111,Incoming,125,22,111,,111,125,22,111,,Zeballos River - Lat and Lon Corrected Apr 2023,320,201,,,,5:20:34
WC99010017,"Chatwin, Trudy",Catherine J. Conroy,WC,1999,6,5,156,3,23,61,116,118,,Complete,Zeballos,Zeballos R.,Shore,Coastal,49.979833,-126.85845,Trudys (MOE),FR-7111,25,0.75,219,Incoming,219,90,219,219,219,219,90,219,219,Zeballos River - Lat and Lon Corrected Apr 2023,319,203,,,,5:19:59
WC99010018,"Chatwin, Trudy",Catherine J. Conroy,WC,1999,6,6,157,3,21,22,119,77,,Excluded,Amai,Amai R,Shore,Coastal,50.16194,-127.085556,Trudys (MOE),FR-7111,25,0.5,0,,0,0,0,,0,0,0,0,,,320,201,,,,5:20:24
WC99010019,"Chatwin, Trudy",Irene A. Manley,WC,1999,6,7,158,3,22,180,117,0,0,Complete,Kaouk R,Kaouk R,Shore,Inland,50.233333,-127.127222,Trudys (MOE),FR-7111,25,0.5,42,Outgoing,37,42,36,42,42,37,42,36,42,,319,202,,,,5:19:44
WC99010020,"Chatwin, Trudy",Irene A. Manley,WC,1999,6,8,159,3,21,181,118,0,0,Complete,Artlish,Artlish River (Tahsish),Shore,Coastal,50.109444,-127.096111,Trudys (MOE),FR-7111,25,0.5,53,Outgoing,25,53,23,,53,25,53,23,,,319,201,,,,5:19:47
WC99010022,"Chatwin, Trudy",Catherine J. Conroy,WC,1999,6,10,161,3,20,179,119,0,0,Complete,Kashutl,Kashutl,Shore,Coastal,50.208333,-127.300833,Trudys (MOE),FR-7111,25,0.5,85,Incoming,88,58,85,85,85,88,58,85,85,,319,200,,,,5:19:22
WC99010023,"Chatwin, Trudy",Irene A. Manley,WC,1999,6,11,162,3,20,167,119,14,,Complete,Kauwinich,Kauwinich,Shore,Coastal,50.1875,-127.268333,Trudys (MOE),FR-7111,25,0.75,190,Incoming,190,58,190,190,190,190,58,190,190,,319,200,,,,5:19:02
WC99010024,"Chatwin, Trudy",Catherine J. Conroy,WC,1999,6,12,163,3,20,74,118,106,,Complete,Malskope,Malskope,Shore,Coastal,50.313889,-127.436667,Trudys (MOE),FR-7111,25,0.5,157,Incoming,167,82,157,157,157,167,82,157,157,,318,200,,,,5:18:49
WC99010025,"Chatwin, Trudy",Irene A. Manley,WC,1999,6,13,164,3,20,100,118,0,0,Excluded,Ououkinish,Oukinish,Shore,Coastal,50.400833,-127.454722,Trudys (MOE),FR-7111,25,0.5,0,,0,0,0,,0,0,0,0,,,318,200,,,,5:18:14
WC99010026,"Chatwin, Trudy",Catherine J. Conroy,WC,1999,6,14,165,3,19,183,119,0,0,Complete,Ououkinish,Oukinish,Shore,Coastal,50.400833,-127.454722,Trudys (MOE),FR-7111,25,0.5,144,Incoming,148,53,144,144,144,148,53,144,144,,318,199,,,,5:18:04
WC99010027,"Chatwin, Trudy",Irene A. Manley,WC,1999,6,15,166,3,19,184,120,0,0,Complete,Power,Power 1,Shore,Coastal,50.17414405,-127.4768584,Trudys (MOE),FR-7111,25,0.5,241,Incoming,255,140,241,,241,255,140,241,,,319,199,,,,5:19:13
WC99010028,"Chatwin, Trudy",Catherine J. Conroy,WC,1999,6,16,167,3,19,131,120,49,,Excluded,Nasparti,Nasparti,Shore,Coastal,50.18455,-127.61658,Trudys (MOE),FR-7111,25,0.5,153,Incoming,173,93,153,,153,173,93,153,,,319,199,,,,5:19:21
WC99010029,"Chatwin, Trudy",Irene A. Manley,WC,1999,6,17,168,4,4,166,74,12,,Complete,East Creek,East Creek,Shore,Coastal,50.431944,-127.759722,Trudys (MOE),FR-7111,25,0.5,227,Incoming,235,210,227,227,227,235,210,227,227,,318,244,,,,5:18:56
WC99010030,"Chatwin, Trudy",Catherine J. Conroy,WC,1999,6,18,169,3,19,202,120,32,,Complete,Klaskish,Klaskish 1,Shore,Coastal,50.25,-127.756667,Trudys (MOE),FR-7111,25,0.5,860,Incoming,945,530,860,860,860,945,530,860,860,,319,199,,,,5:19:55
WC99010031,"Chatwin, Trudy",Irene A. Manley,WC,1999,6,19,170,3,19,169,120,11,,Excluded,Winter HRBR,Winter HRBR,Shore,Coastal,50.519444,-128.053056,Trudys (MOE),FR-7111,25,0.75,35,Incoming,40,33,35,35,35,40,33,35,35,>10 minutes of interference,319,199,,,,5:19:46
WC99010032,"Chatwin, Trudy",Catherine J. Conroy,WC,1999,6,20,171,3,19,111,120,9,,Complete,Koskimo,Koskimo - approx coords,Shore,Coastal,50.458,-127.863,Trudys (MOE),FR-7111,25,0.75,15,Outgoing,8,15,8,15,15,8,15,8,15,,319,199,,,,5:19:00
WC99010033,"Chatwin, Trudy",Irene A. Manley,WC,1999,6,21,172,3,19,180,119,0,0,Excluded,Koskimo,Mahatta/Koskimo,Shore,Coastal,50.457565,-127.889598,Trudys (MOE),FR-7111,25,0.75,29,Outgoing,26,29,26,29,29,26,29,26,29,Mahatta/Koskimo  - Lat and Lon Corrected Apr 2023,318,199,,,,5:18:47
WC99010034,"Chatwin, Trudy",Catherine J. Conroy,WC,1999,6,22,173,3,19,196,120,0,0,Complete,Koprino,Koprino,Shore,Coastal,50.525,-127.8675,Trudys (MOE),FR-7111,25,0.75,200,Incoming,224,78,200,,200,224,78,200,,,319,199,,,,5:19:32
WC99010035,"Chatwin, Trudy",Irene A. Manley,WC,1999,6,23,174,3,19,192,119,0,0,Excluded,Klootchlimmis,Klootchlimmis,Shore,Inland,50.657778,-127.6675,Trudys (MOE),FR-7111,25,0.75,5,Outgoing,3,5,3,5,5,3,5,3,5,,318,199,,,,5:18:18
WC99010036,"Chatwin, Trudy",Catherine J. Conroy,WC,1999,6,24,175,3,19,260,121,0,0,Complete,Koprino,Koprino,Shore,Coastal,50.525,-127.8675,Trudys (MOE),FR-7111,25,0.75,267,Incoming,294,194,267,267,267,294,194,267,267,,320,199,,,,5:20:07
WC99010037,"Chatwin, Trudy",Irene A. Manley,WC,1999,6,25,176,3,19,90,121,30,,Excluded,SeaOtter Cove,SeaOtter Cove,Shore,Coastal,50.805556,-128.355,Trudys (MOE),FR-7111,25,0.75,7,Outgoing,2,7,2,7,7,2,7,2,7,,320,199,,,,5:20:57
WC99010038,"Chatwin, Trudy",Catherine J. Conroy,WC,1999,6,26,177,3,21,179,120,0,0,Excluded,SeaOtter Cove,SeaOtter Cove,Shore,Coastal,50.805556,-128.355,Trudys (MOE),FR-7111,25,0.75,0,,0,0,0,,0,0,0,0,,,321,201,,,,5:21:22
WC99010039,"Chatwin, Trudy",Irene A. Manley,WC,1999,6,27,178,4,15,131,66,0,0,Complete,East Creek,East Creek,Shore,Coastal,50.431944,-127.759722,Trudys (MOE),FR-7111,25,0.5,141,Incoming,143,82,141,,141,143,82,141,,,321,255,,,,5:21:25
WC99010040,"Chatwin, Trudy",Catherine J. Conroy,WC,1999,6,28,179,3,22,260,120,0,0,Complete,Klaskish,Klaskish 1,Shore,Coastal,50.25,-127.756667,Trudys (MOE),FR-7111,25,0.75,564,Incoming,865,345,564,,564,865,345,564,,,322,202,,,,5:22:51
WC99010041,"Chatwin, Trudy",Irene A. Manley,WC,1999,6,30,181,4,16,139,67,0,0,Complete,Nasparti,Nasparti,Shore,Coastal,50.18455,-127.61658,Trudys (MOE),FR-7111,25,0.5,198,Incoming,215,59,198,198,198,215,59,198,198,,323,256,,,,5:23:26
WC99010042,"Chatwin, Trudy",Catherine J. Conroy,WC,1999,7,1,182,3,23,183,121,0,0,Complete,Nasparti,Nasparti,Shore,Coastal,50.18455,-127.61658,Trudys (MOE),FR-7111,25,0.5,106,Incoming,107,45,106,,106,107,45,106,,,324,203,,,,5:24:03
WC99010043,"Chatwin, Trudy",Irene A. Manley,WC,1999,7,2,183,3,23,202,121,0,0,Complete,Power,Power 1,Shore,Coastal,50.17414405,-127.4768584,Trudys (MOE),FR-7111,25,0.75,420,Incoming,429,103,420,420,420,429,103,420,420,,324,203,,,,5:24:31
WC99010044,"Chatwin, Trudy",Catherine J. Conroy,WC,1999,7,3,184,3,25,249,119,0,0,Complete,Artlish,Artlish River (Tahsish),Shore,Coastal,50.109444,-127.096111,Trudys (MOE),FR-7111,25,0.75,603,Incoming,785,353,603,603,603,785,353,603,603,,324,205,,,,5:24:01
WC99010046,"Chatwin, Trudy",Catherine J. Conroy,WC,1999,7,5,186,3,57,153,88,0,0,Complete,Amai,Amai R,Shore,Coastal,50.16194,-127.085556,Trudys (MOE),FR-7111,25,0.5,149,Incoming,155,81,149,149,149,155,81,149,149,109N 40S,325,237,,,,5:25:14
WC99010047,"Chatwin, Trudy",Irene A. Manley,WC,1999,7,6,187,3,25,180,120,0,0,Complete,Zeballos,Zeballos R.,Shore,Coastal,49.979833,-126.85845,Trudys (MOE),FR-7111,25,0.5,116,Incoming,117,44,116,,116,117,44,116,,Zeballos River - Lat and Lon Corrected Apr 2023,325,205,,,,5:25:05
WC99010048,"Chatwin, Trudy",Catherine J. Conroy,WC,1999,7,7,188,3,25,301,120,0,0,Complete,Leiner,Leiner,Shore,Inland,50.069444,-126.657778,Trudys (MOE),FR-7111,25,0.5,420,Incoming,489,327,420,420,420,489,327,420,420,,325,205,,,,5:25:38
WC99010050,"Chatwin, Trudy",Irene A. Manley,WC,1999,7,9,190,3,29,241,120,0,0,Excluded,Nuchatlitz Inlet,Nuchatlitz Inlet,Shore,Coastal,49.854722,-126.836667,Trudys (MOE),FR-7111,25,0.75,314,Incoming,314,255,314,314,314,314,255,314,314,,329,209,,,,5:29:11
WC99010051,"Chatwin, Trudy",Catherine J. Conroy,WC,1999,7,11,192,3,27,200,122,0,0,Complete,Conuma R.,Conuma R.,Shore,Inland,49.886111,-126.4525,Trudys (MOE),FR-7111,25,0.75,140,Incoming,154,71,140,140,140,154,71,140,140,,329,207,,,,5:29:25
WC99010052,"Chatwin, Trudy",Irene A. Manley,WC,1999,7,12,193,3,32,195,117,0,0,Complete,Tlupana/Nesook,Tlupana/Nesook,Shore,Inland,49.997222,-126.407222,Trudys (MOE),FR-7111,25,0.75,315,Incoming,317,72,315,315,315,317,72,315,315,"Tl=57, Nc=121, BL=139",329,212,,,,5:29:43
WC99010053,"Chatwin, Trudy",Catherine J. Conroy,WC,1999,7,13,194,4,19,151,72,0,0,Complete,Kleptee,Kleptee River,Shore,Coastal,49.659803,-126.376574,Trudys (MOE),FR-7111,25,0.5,88,Incoming,90,19,88,,88,90,19,88,,Kleptee Creek,331,259,,,,5:31:31
WC99010054,"Chatwin, Trudy",Irene A. Manley,WC,1999,7,14,195,3,33,181,116,0,0,Excluded,Burman River,Burman River,Shore,Coastal,49.614288,-126.055539,Trudys (MOE),FR-7111,25,0.5,14,Incoming,15,13,14,14,14,15,13,14,14,Burman River,329,213,,,,5:29:30
WC99010055,"Chatwin, Trudy",Catherine J. Conroy,WC,1999,7,15,196,3,31,194,122,0,0,Excluded,Jacklah,Jacklah,Shore,Coastal,49.722222,-126.16111,Trudys (MOE),FR-7111,25,0.75,15,Incoming,15,7,15,15,15,15,7,15,15,includes Wilson Ck,333,211,,,,5:33:10
WC01010001,"Chatwin, Trudy",CG,WC,2001,5,17,137,3,39,61,120,118,,Complete,Leiner,Leiner,Shore,Inland,50.069444,-126.657778,Trudys (MOE),FR-7111,25,0.5,28,Incoming,28,27,28,,28,28,27,28,,2 flight paths-Before sunrise incoming were 28 into Leiner and 11 into Tahsis,339,219,,,,5:39:00
WC01010002,"Chatwin, Trudy",SLW,WC,2001,5,18,138,3,37,180,120,0,0,Complete,Tahsis,Tahsis,Shore,Coastal,49.91167,-126.661439,Trudys (MOE),FR-7111,25,0.5,60,Incoming,60,27,60,,60,60,27,60,,2 flight paths-Before sunrise incoming were 60 into Tahsis and 28 into Leiner - Lat and Lon Corrected Apr 2023,337,217,,,,5:37:00
WC01010003,"Chatwin, Trudy",CG,WC,2001,5,19,139,3,36,180,120,0,0,Complete,Kleptee,Kleptee,Shore,Coastal,49.659803,-126.376574,Trudys (MOE),FR-7111,25,0.5,29,Incoming,29,7,29,,29,29,7,29,,2 flight paths-Before sunrise incoming were 29 in Kleptee and 38 in Williamson Passage,336,216,,,,5:36:00
WC01010004,"Chatwin, Trudy",SLW,WC,2001,5,20,140,3,35,180,120,0,0,Complete,Kleptee,Kleptee,Shore,Coastal,49.659803,-126.376574,Trudys (MOE),FR-7111,25,0.5,58,Incoming,58,13,58,,58,58,13,58,,2 flight paths-Before sunrise incoming were 58 in Kleptee and 44 in Williamson Passage,335,215,,,,5:35:00
WC01010005,"Chatwin, Trudy",CG,WC,2001,5,21,141,3,50,165,104,0,0,Complete,Tlupana/Nesook,Tlupana/Nesook,Shore,Inland,49.997222,-126.407222,Trudys (MOE),FR-7111,25,0.75,48,Incoming,48,19,48,,48,48,19,48,,"3 flight paths-Before sunrise incoming were 70 into Bolton Lake, 23 into North Creek and 48 into Tlupana River",334,230,,,,5:34:00
WC01010006,"Chatwin, Trudy",SLW,WC,2001,5,22,142,3,33,180,120,0,0,Complete,Tlupana/Nesook,Tlupana/Nesook,Shore,Inland,49.997222,-126.407222,Trudys (MOE),FR-7111,25,0.75,37,Incoming,37,13,37,,37,37,13,37,,"3 flight paths-Before sunrise incoming were 49 into Bolton Lake, 36 into North Creek and 37 into Tlupana River",333,213,,,,5:33:00
WC01010007,"Chatwin, Trudy",CG,WC,2001,5,23,143,3,32,180,120,0,0,Complete,Conuma R.,Conuma R.,Shore,Inland,49.886111,-126.4525,Trudys (MOE),FR-7111,25,0.75,38,Incoming,38,27,38,,38,38,27,38,,,332,212,,,,5:32:00
WC01010008,"Chatwin, Trudy",SLW,WC,2001,5,24,144,3,30,180,120,0,0,Complete,Conuma R.,Conuma R.,Shore,Inland,49.886111,-126.4525,Trudys (MOE),FR-7111,25,0.75,35,Incoming,35,29,35,,35,35,29,35,,,330,210,,,,5:30:00
WC01010009,"Chatwin, Trudy",CG,WC,2001,5,25,145,3,29,188,120,0,0,Complete,Zeballos,Zeballos,Shore,Coastal,49.978112,-126.857462,Trudys (MOE),FR-7111,25,0.75,108,Incoming,108,39,108,,108,108,39,108,,,329,209,,,,5:29:00
WC01010010,"Chatwin, Trudy",SLW,WC,2001,5,26,146,3,28,180,120,0,0,Complete,Zeballos,Zeballos,Shore,Coastal,49.978112,-126.857462,Trudys (MOE),FR-7111,25,0.75,120,Incoming,121,57,120,,120,121,57,120,,,328,208,,,,5:28:00
WC01010011,"Chatwin, Trudy",CG,WC,2001,5,27,147,3,27,179,120,11,,Complete,Artlish,Artlish River (Tahsish),Shore,Coastal,50.109444,-127.096111,Trudys (MOE),FR-7111,25,0.75,289,Incoming,293,96,289,,289,293,96,289,,,327,207,,,,5:27:00
WC01010012,"Chatwin, Trudy",SLW,WC,2001,5,29,149,3,26,99,120,30,,Complete,Tahsish Inlet,Tahsish,Shore,Coastal,50.1301389,-127.101667,Trudys (MOE),FR-7111,25,0.5,307,Incoming,307,79,307,,307,307,79,307,,> 10 minutes rain,326,206,,,,5:26:00
WC01010013,"Chatwin, Trudy",CG,WC,2001,5,31,151,3,24,149,120,33,,Complete,Kauwinich,Kauwinich,Shore,Coastal,50.1875,-127.268333,Trudys (MOE),FR-7111,25,0.75,260,Incoming,270,45,260,,260,270,45,260,,> 10 minutes rain,324,204,,,,5:24:00
WC01010014,"Chatwin, Trudy",SLW,WC,2001,6,1,152,3,23,202,120,0,0,Complete,Kauwinich,Kauwinich,Shore,Coastal,50.1875,-127.268333,Trudys (MOE),FR-7111,25,0.75,340,Incoming,363,136,340,,340,363,136,340,,,323,203,,,,5:23:00
WC01010015,"Chatwin, Trudy",CG,WC,2001,6,3,154,3,22,180,120,0,0,Complete,Malskope,Malskope,Shore,Coastal,50.313889,-127.436667,Trudys (MOE),FR-7111,25,0.5,107,Incoming,108,18,107,,107,108,18,107,,main flight path E-W; occassional targets N-S,322,202,,,,5:22:00
WC01010016,"Chatwin, Trudy",SLW,WC,2001,6,4,155,3,21,180,120,0,0,Complete,Ououkinish,Ououkinish,Shore,Coastal,50.400833,-127.454722,Trudys (MOE),FR-7111,25,0.5,138,Incoming,141,50,138,,138,141,50,138,,2 flight paths: all flying E-W but someSouth of the boat,321,201,,,,5:21:00
WC01010017,"Chatwin, Trudy",CG,WC,2001,6,5,156,3,21,196,120,32,,Complete,Power,Power 1,Shore,Coastal,50.17414405,-127.4768584,Trudys (MOE),FR-7111,25,0.75,362,Incoming,378,128,362,,362,378,128,362,,ISLAND ANCHORAGE; 2 flight paths: most targets flying N-W; some flying E-W through the channel (towards Ououkinish?),321,201,,,,5:21:00
WC01010018,"Chatwin, Trudy",SLW,WC,2001,6,6,157,3,20,74,120,11,,Excluded,Power,Power 1,Shore,Coastal,50.17414405,-127.4768584,Trudys (MOE),FR-7111,25,0.5,8,Incoming,8,3,8,,8,8,3,8,,ESTUARY ANCHORAGE; rained out >10 minutes of interference,320,200,,,,5:20:00
WC01010019,"Chatwin, Trudy",CG,WC,2001,6,7,158,3,19,131,120,49,,Complete,Ououkinish,Ououkinish,Shore,Coastal,50.400833,-127.454722,Trudys (MOE),FR-7111,25,0.5,83,Incoming,87,20,83,,83,87,20,83,,2 flight paths: all flying E-W but someSouth of the boat,319,199,,,,5:19:00
WC01010020,"Chatwin, Trudy",SLW,WC,2001,6,8,159,3,19,171,120,14,,Complete,Nasparti,Nasparti,Shore,Coastal,50.18455,-127.61658,Trudys (MOE),FR-7111,25,0.5,132,Incoming,139,84,132,,132,139,84,132,,> 10 min rain,319,199,,,,5:19:00
WC01010021,"Chatwin, Trudy",CG,WC,2001,6,9,160,3,19,65,120,106,,Excluded,Nasparti,Nasparti,Shore,Coastal,50.18455,-127.61658,Trudys (MOE),FR-7111,25,0.5,45,Outgoing,69,45,29,,45,69,45,29,,Mostly rained out.  Survey ended at 06:10.  106 minutes of clutter before then.  No concurrent survey.,319,199,,,,5:19:00
WC01010022,"Chatwin, Trudy",SLW,WC,2001,6,10,161,3,18,43,121,138,,Complete,East Creek,East Creek,Shore,Coastal,50.431944,-127.759722,Trudys (MOE),FR-7111,25,0.75,347,Incoming,358,84,347,,347,358,84,347,,> 10 minutes rain,319,198,,,,5:19:00
WC01010023,"Chatwin, Trudy",CG,WC,2001,6,11,162,3,18,137,120,50,,Complete,Klaskish,Klaskish 1,Shore,Coastal,50.25,-127.756667,Trudys (MOE),FR-7111,25,0.75,292,Incoming,300,78,292,,292,300,78,292,,> 10 minutes rain,318,198,,,,5:18:00
WC01010024,"Chatwin, Trudy",SLW,WC,2001,6,12,163,3,18,203,120,0,0,Complete,East Creek,East Creek,Shore,Coastal,50.431944,-127.759722,Trudys (MOE),FR-7111,25,0.75,380,Incoming,386,160,380,380,380,386,160,380,380,,318,198,,,,5:18:00
WC01010025,"Chatwin, Trudy",CG,WC,2001,6,13,164,3,18,210,120,0,0,Complete,Klaskish,Klaskish 1,Shore,Coastal,50.25,-127.756667,Trudys (MOE),FR-7111,25,0.75,267,Incoming,284,169,267,,267,284,169,267,,,318,198,,,,5:18:00
WC01010026,"Chatwin, Trudy",CG,WC,2001,6,16,167,3,18,180,120,0,0,Complete,East Creek,East Creek,Shore,Coastal,50.431944,-127.759722,Trudys (MOE),FR-7111,25,0.5,346,Incoming,351,87,346,,346,351,87,346,,Surveyed at 0.5 NM,318,198,,,,5:18:00
WC01010027,"Chatwin, Trudy",SLW,WC,2001,6,17,168,3,18,219,120,0,0,Complete,Klaskish,Klaskish 1,Shore,Coastal,50.25,-127.756667,Trudys (MOE),FR-7111,25,0.75,444,Incoming,449,154,444,444,444,449,154,444,444,,318,198,,,,5:18:00
WC01010028,"Chatwin, Trudy",CG,WC,2001,6,18,169,3,18,180,120,0,0,Complete,Nasparti,Nasparti,Shore,Coastal,50.18455,-127.61658,Trudys (MOE),FR-7111,25,0.5,133,Incoming,136,48,133,,133,136,48,133,,,318,198,,,,5:18:00
WC01010029,"Chatwin, Trudy",SLW,WC,2001,6,19,170,3,18,182,120,0,0,Complete,Nasparti,Nasparti,Shore,Coastal,50.18455,-127.61658,Trudys (MOE),FR-7111,25,0.5,136,Incoming,139,46,136,136,136,139,46,136,136,,318,198,,,,5:18:00
WC01010030,"Chatwin, Trudy",CG,WC,2001,6,20,171,3,18,168,120,12,,Complete,Ououkinish,Ououkinish,Shore,Coastal,50.400833,-127.454722,Trudys (MOE),FR-7111,25,0.5,152,Incoming,154,42,152,152,152,154,42,152,152,,318,198,,,,5:18:00
WC01010031,"Chatwin, Trudy",SLW,WC,2001,6,22,173,3,19,251,120,9,,Complete,Power,Power 1,Shore,Coastal,50.17414405,-127.4768584,Trudys (MOE),FR-7111,25,0.75,396,Incoming,399,211,396,396,396,399,211,396,396,< 10 min rain interference,319,199,,,,5:19:00
WC01010032,"Chatwin, Trudy",CG,WC,2001,6,23,174,3,19,200,120,0,0,Complete,Power,Power 1,Shore,Coastal,50.17414405,-127.4768584,Trudys (MOE),FR-7111,25,0.75,326,Incoming,327,149,326,,326,327,149,326,,,319,199,,,,5:19:00
WC01010033,"Chatwin, Trudy",SLW,WC,2001,6,24,175,3,19,169,120,11,,Complete,Malskope,Malskope,Shore,Coastal,50.313889,-127.436667,Trudys (MOE),FR-7111,25,0.5,142,Incoming,147,41,142,,142,147,41,142,,11 min with >25% clutter but screen never taltally obscured,319,199,,,,5:19:00
WC01010034,"Chatwin, Trudy",CG,WC,2001,6,25,176,3,20,180,120,0,0,Complete,Malskope,Malskope,Shore,Coastal,50.313889,-127.436667,Trudys (MOE),FR-7111,25,0.5,192,Incoming,198,50,192,192,192,198,50,192,192,,320,200,,,,5:20:00
WC01010035,"Chatwin, Trudy",SLW,WC,2001,6,26,177,3,20,180,120,0,0,Complete,Kauwinich,Kauwinich,Shore,Coastal,50.1875,-127.268333,Trudys (MOE),FR-7111,25,0.75,363,Incoming,363,90,363,363,363,363,90,363,363,,320,200,,,,5:20:00
WC01010036,"Chatwin, Trudy",CG,WC,2001,6,28,179,3,21,199,120,0,0,Complete,Artlish,Artlish River (Tahsish),Shore,Coastal,50.109444,-127.096111,Trudys (MOE),FR-7111,25,0.75,372,Incoming,375,165,372,,372,375,165,372,,radar interference immediately South of boat,321,201,,,,5:21:00
WC01010037,"Chatwin, Trudy",SLW,WC,2001,6,29,180,3,22,204,120,0,0,Complete,Tahsish Inlet,Tahsish,Shore,Coastal,50.1301389,-127.101667,Trudys (MOE),FR-7111,25,0.5,376,Incoming,380,110,376,376,376,380,110,376,376,,322,202,,,,5:22:00
WC01010038,"Chatwin, Trudy",CG,WC,2001,6,30,181,3,22,189,120,0,0,Complete,Tahsish Inlet,Tahsish,Shore,Coastal,50.1301389,-127.101667,Trudys (MOE),FR-7111,25,0.5,289,Incoming,293,111,289,,289,293,111,289,,most incoming birds through estuary E of boat and outgoing through estuary that lies W of the boat (see map),322,202,,,,5:22:00
WC01010039,"Chatwin, Trudy",SLW,WC,2001,7,1,182,3,23,189,120,0,0,Complete,Artlish,Artlish River (Tahsish),Shore,Coastal,50.109444,-127.096111,Trudys (MOE),FR-7111,25,0.75,479,Incoming,479,192,479,479,479,479,192,479,479,,323,203,,,,5:23:00
WC01010040,"Chatwin, Trudy",CG,WC,2001,7,2,183,3,24,180,120,0,0,Complete,Zeballos,Zeballos,Shore,Coastal,49.978112,-126.857462,Trudys (MOE),FR-7111,25,0.75,123,Incoming,126,44,123,,123,126,44,123,,,324,204,,,,5:24:00
WC01010041,"Chatwin, Trudy",SLW,WC,2001,7,3,184,3,24,180,120,0,0,Complete,Zeballos,Zeballos,Shore,Coastal,49.978112,-126.857462,Trudys (MOE),FR-7111,25,0.75,167,Incoming,167,61,167,167,167,167,61,167,167,,324,204,,,,5:24:00
WC01010042,"Chatwin, Trudy",CG,WC,2001,7,4,185,3,25,188,120,0,0,Complete,Tahsis,Tahsis,Shore,Coastal,49.91167,-126.661439,Trudys (MOE),FR-7111,25,0.5,209,Incoming,216,56,209,209,209,216,56,209,209,"24 birds incoming into the Leiner before sunrise, 3 incoming after sunrise, and 20 outgoing - Lat and Lon Corrected Apr 2023",325,205,,,,5:25:00
WC01010043,"Chatwin, Trudy",SLW,WC,2001,7,5,186,3,26,180,120,0,0,Complete,Tahsis,Tahsis,Shore,Coastal,49.91167,-126.661439,Trudys (MOE),FR-7111,25,0.5,112,Incoming,112,80,112,,112,112,80,112,,"20 birds incoming into Leiner before sunrise, 2 incoming after sunrise, and 16 outgoing - Lat and Lon Corrected Apr 2023",326,206,,,,5:26:00
WC01010044,"Chatwin, Trudy",SLW,WC,2001,7,7,188,3,28,131,120,77,,Complete,Leiner,Leiner,Shore,Inland,50.069444,-126.657778,Trudys (MOE),FR-7111,25,0.5,133,Incoming,137,63,133,133,133,137,63,133,133,"99 birds incoming into Tahsis before sunrise, 5 incoming after sunrise, 31 outgoing",328,208,,,,5:28:00
WC01010045,"Chatwin, Trudy",CG,WC,2001,7,8,189,3,28,181,120,0,0,Complete,Leiner,Leiner,Shore,Inland,50.069444,-126.657778,Trudys (MOE),FR-7111,25,0.5,98,Incoming,98,23,98,,98,98,23,98,,"69 birds incoming into Tahsis before sunrise, 3 after sunrise, and 30 outgoing",328,208,,,,5:28:00
WC01010046,"Chatwin, Trudy",SLW,WC,2001,7,9,190,3,29,180,120,0,0,Complete,Tlupana/Nesook,Tlupana/Nesook,Shore,Inland,49.997222,-126.407222,Trudys (MOE),FR-7111,25,0.75,120,Incoming,121,22,120,120,120,121,22,120,120,"3 flight paths-Before sunrise incoming were 129 into Bolton Lake, 66 into North Creek and 116 into Tlupana River",329,209,,,,5:29:00
WC01010047,"Chatwin, Trudy",CG,WC,2001,7,10,191,3,30,181,120,0,0,Complete,Tlupana/Nesook,Tlupana/Nesook,Shore,Inland,49.997222,-126.407222,Trudys (MOE),FR-7111,25,0.75,80,Incoming,82,33,80,,80,82,33,80,,"3 flight paths-Before sunrise incoming were 104 into Bolton Lake, 59 into North Creek and 80 into Tlupana River",330,210,,,,5:30:00
WC01010048,"Chatwin, Trudy",SLW,WC,2001,7,11,192,3,31,180,120,0,0,Complete,Conuma R.,Conuma R.,Shore,Inland,49.886111,-126.4525,Trudys (MOE),FR-7111,25,0.75,93,Incoming,93,31,93,93,93,93,31,93,93,,331,211,,,,5:31:00
WC01010049,"Chatwin, Trudy",CG,WC,2001,7,12,193,3,32,184,120,0,0,Complete,Kleptee,Kleptee,Shore,Coastal,49.659803,-126.376574,Trudys (MOE),FR-7111,25,0.5,118,Incoming,123,17,118,,118,123,17,118,,"2 flight paths - Before sunrise 82 incoming into Williamson Passage, and 118 incoming into Kleptee estuary",332,212,,,,5:32:00
WC01010050,"Chatwin, Trudy",SLW,WC,2001,7,13,194,3,33,263,120,0,0,Complete,Kleptee,Kleptee,Shore,Coastal,49.659803,-126.376574,Trudys (MOE),FR-7111,25,0.5,183,Incoming,282,92,183,183,183,282,92,183,183,"2 flight paths - Before sunrise 81 incoming into Williamson Passage, and 183 incoming into Kleptee estuary",333,213,,,,5:33:00
WC02020001,"Deal, John",Unknown,WC,2002,5,21,141,21,0,60,0,0,0,Complete,Nimpkish Lake,Nimpkish Lake N,Shore,Inland,50.514,-127.029,CWS 1(Grampa),FR-8050D,0,0.75,1,Incoming,1,0,0,,0,1,0,0,,,331,1260,,,,5:31:48
WC02020002,"Deal, John",Unknown,WC,2002,5,22,142,3,30,180,120,0,0,Complete,Nimpkish Lake,Nimpkish Lake N,Shore,Inland,50.514,-127.029,CWS 1(Grampa),FR-8050D,0,0.75,33,Incoming,33,32,33,33,33,33,32,33,33,,330,210,,,,5:30:37
WC02020003,"Deal, John",Unknown,WC,2002,5,22,142,21,0,60,0,0,0,Complete,Nimpkish River,Nimpkish River M,Shore,Coastal,50.561294,-126.971265,CWS 1(Grampa),FR-8050D,0,0.75,6,Outgoing,4,6,0,,6,4,6,0,,,330,1260,,,,5:30:37
WC02020004,"Deal, John",Unknown,WC,2002,5,23,143,3,29,135,120,45,,Complete,Nimpkish River,Nimpkish River M,Shore,Coastal,50.561294,-126.971265,CWS 1(Grampa),FR-8050D,0,0.75,23,Outgoing,17,23,17,23,20,17,20,17,20,,329,209,,,,5:29:28
WC02020005,"Deal, John",Unknown,WC,2002,6,5,156,21,0,60,0,0,0,Complete,Vernon Lake,Vernon Lake N,Shore,Inland,50.054,-126.443,CWS 1(Grampa),FR-8050D,0,0.75,1,Outgoing,0,1,0,,1,0,1,0,,,318,1260,,,,5:18:45
WC02020006,"Deal, John",Unknown,WC,2002,6,7,158,20,0,5,0,175,,Excluded,Atluck West,Atluck West - approx. Coords,Shore,Inland,50.205,-126.976,CWS 1(Grampa),FR-8050D,0,0.75,8,Incoming,8,4,0,4,4,8,4,0,4,,319,1200,,,,5:19:09
WC02020007,"Deal, John",Unknown,WC,2002,6,8,159,3,18,180,120,0,0,Complete,Atluck West,Atluck West - approx. Coords,Shore,Inland,50.205,-126.976,CWS 1(Grampa),FR-8050D,0,0.75,2,Outgoing,0,2,0,,2,0,2,0,,,318,198,,,,5:18:43
WC02020008,"Deal, John",Unknown,WC,2002,6,8,159,21,0,60,0,0,0,Complete,Atluck West,Atluck West - approx. Coords,Shore,Inland,50.205,-126.976,CWS 1(Grampa),FR-8050D,0,0.75,0,,0,0,0,,0,0,0,0,,,318,1260,,,,5:18:43
WC02020009,"Deal, John",Unknown,WC,2002,6,9,160,3,18,150,120,30,,Complete,Atluck West,Atluck West - approx. Coords,Shore,Inland,50.205,-126.976,CWS 1(Grampa),FR-8050D,0,0.75,4,Outgoing,3,4,3,4,4,3,4,3,4,,318,198,,,,5:18:20
WC02020010,"Deal, John",Unknown,WC,2002,6,9,160,21,0,0,0,60,,Excluded,Claude Elliott,Claude Elliott,Shore,Inland,50.311,-126.56,CWS 1(Grampa),FR-8050D,0,0.75,3,Outgoing,2,3,0,,3,2,3,0,,,316,1260,,,,5:16:08
WC02020011,"Deal, John",Unknown,WC,2002,6,10,161,3,15,135,120,45,,Complete,Claude Elliott,Claude Elliott,Shore,Inland,50.311,-126.56,CWS 1(Grampa),FR-8050D,0,0.75,24,Outgoing,15,24,15,,24,14,24,14,,,315,195,,,,5:15:48
WC02020012,"Deal, John",Unknown,WC,2002,6,10,161,21,0,60,0,0,0,Complete,Claude Elliott,Claude Elliott,Shore,Inland,50.311,-126.56,CWS 1(Grampa),FR-8050D,0,0.75,2,Incoming,2,1,0,,1,2,1,0,,,315,1260,,,,5:15:48
WC02020013,"Deal, John",Unknown,WC,2002,6,11,162,3,15,125,120,55,,Complete,Claude Elliott,Claude Elliott,Shore,Inland,50.311,-126.56,CWS 1(Grampa),FR-8050D,0,0.75,39,Incoming,39,32,39,39,34,34,31,34,34,,315,195,,,,5:15:30
WC02020014,"Deal, John",Unknown,WC,2002,6,11,162,20,0,100,0,80,,Excluded,Woss Lake,Woss Lake N,Shore,Inland,50.175,-126.6,CWS 1(Grampa),FR-8050D,0,0.75,3,Outgoing,1,3,0,,3,1,3,0,,,316,1200,,,,5:16:22
WC02020015,"Deal, John",Unknown,WC,2002,6,12,163,3,16,95,120,85,,Complete,Woss Lake,Woss Lake N,Shore,Inland,50.175,-126.6,CWS 1(Grampa),FR-8050D,0,0.75,3,Outgoing,2,3,2,,3,2,3,2,,,316,196,,,,5:16:07
WC02020016,"Deal, John",Unknown,WC,2002,6,12,163,20,0,35,0,145,,Excluded,Lower Klat N,Lower Klat N - approx. Coords,Shore,Inland,50.175,-126.457,CWS 1(Grampa),FR-8050D,0,0.75,2,Incoming,2,0,0,,0,2,0,0,,,315,1200,,,,5:15:33
WC02020017,"Deal, John",Unknown,WC,2002,6,13,164,3,15,180,120,0,0,Complete,Lower Klat N,Lower Klat N - approx. Coords,Shore,Inland,50.175,-126.457,CWS 1(Grampa),FR-8050D,0,0.75,4,Outgoing,3,4,3,4,4,3,4,3,4,,315,195,,,,5:15:21
WC02010001,"Burger, Alan",Bernard K. Schroeder,EV,2002,6,13,164,3,17,180,120,0,0,Complete,Macktush,Macktush (Alberni Inlet),Shore,Coastal,49.10299115,-124.8336119,Alans,FR-810D,25,0.75,14,Incoming,14,3,14,14,14,14,3,14,14,0.5 nm range just reaches opposite side of Inlet,317,197,,,,5:17:00
WC02010002,"Burger, Alan",Bernard K. Schroeder,EV,2002,6,13,164,3,17,180,120,0,0,Complete,Macktush,Macktush (Macktush),Shore,Coastal,49.102991,-124.833611,Alans,FR-810D,25,0.75,2,Incoming,2,0,2,2,2,2,0,2,2,,317,197,,,,5:17:00
WC02010003,"Burger, Alan",Bernard K. Schroeder,WC,2002,6,14,165,3,17,208,120,0,0,Excluded,Coleman,Coleman Boat,Boat,Coastal,48.99556209,-124.8708846,Alans,FR-810D,25,0.75,191,Incoming,194,17,191,191,191,194,16,191,191,"Boat traffic travelling up and down inlet, mostly on opposite side",317,197,,,,5:17:00
WC02010004,"Burger, Alan",Bernard K. Schroeder,WC,2002,6,14,165,3,17,208,120,0,0,Excluded,Coleman,Coleman,Shore,Coastal,48.995562,-124.870884,Alans,FR-810D,25,0.75,6,Incoming,6,0,6,6,6,6,0,6,6,,317,197,,,,5:17:00
WC02010005,"Burger, Alan",Bernard K. Schroeder,WC,2002,6,15,166,3,17,180,120,0,0,Excluded,Sarita Lake,Sarita Lake,Shore,Inland,48.91018751,-124.8758147,Alans,FR-810D,25,0.75,38,Incoming,39,14,38,38,38,39,13,38,38,"From 5:45 onward, wave clutter causes interference on screen",317,197,,,,5:17:00
WC02010006,"Burger, Alan",Bernard K. Schroeder,WC,2002,6,16,167,3,17,180,120,0,0,Excluded,Bamfield at Marine Station,Bamfield at Marine Station,Shore,Coastal,48.83480793,-125.1367824,Alans,FR-810D,25,0.75,36,Incoming,36,6,36,36,35,35,6,35,35,"From 5:45 onward, wave clutter causes interference on screen",317,197,,,,5:17:00
WC02010007,"Burger, Alan",Bernard K. Schroeder,WC,2002,6,17,168,3,17,169,120,11,,Excluded,Pachena Bay,Pachena Bay,Shore,Coastal,48.7936252,-125.1121964,Alans,FR-810D,25,0.75,56,Incoming,56,6,56,56,56,56,6,56,56,Rain >10 min Significant intermittent rain interference during survey,317,197,,,,5:17:00
WC02010008,"Burger, Alan",Bernard K. Schroeder,WC,2002,6,18,169,3,17,191,120,0,0,Complete,Sarita Log Sort,Sarita Log Sort,Shore,Coastal,48.88266267,-125.0344527,Alans,FR-810D,25,0.75,157,Incoming,166,54,157,157,147,156,47,147,147,Main flight path in gap between point to north & Santa Maria Island,317,197,,,,5:17:00
WC02020018,"Deal, John",Unknown,WC,2002,6,18,169,21,0,60,0,0,0,Complete,Upper Klat S,Upper Klat S - approx. Coords,Shore,Inland,50.146,-126.464,CWS 1(Grampa),FR-8050D,0,0.75,0,,0,0,0,,0,0,0,0,,,315,1260,,,,5:15:18
WC02020019,"Deal, John",Unknown,WC,2002,6,19,170,3,15,90,120,90,,Complete,Upper Klat S,Upper Klat S - approx. Coords,Shore,Inland,50.146,-126.464,CWS 1(Grampa),FR-8050D,0,0.75,3,Incoming,3,0,3,3,3,3,0,3,3,,315,195,,,,5:15:24
WC02010009,"Burger, Alan",Bernard K. Schroeder,WC,2002,6,19,170,3,17,253,120,0,0,Complete,Klanawa River,Klanawa River,Shore,Inland,48.75729013,-124.9157644,Alans,FR-810D,25,0.75,179,Incoming,210,161,179,179,171,201,123,171,171,,317,197,,,,5:17:00
WC02020020,"Deal, John",Unknown,WC,2002,6,19,170,20,0,100,0,80,,Excluded,Anne Lake,Anne Lake - approx. Coords,Shore,Inland,50.259,-126.849,CWS 1(Grampa),FR-8050D,0,0.75,1,Incoming,1,0,0,,0,1,0,0,,,316,1200,,,,5:16:21
WC02020021,"Deal, John",Unknown,WC,2002,6,20,171,3,16,180,120,0,0,Complete,Anne Lake,Anne Lake - approx. Coords,Shore,Inland,50.259,-126.849,CWS 1(Grampa),FR-8050D,0,0.75,3,Outgoing,1,3,1,3,3,1,3,1,3,,316,196,,,,5:16:30
WC02010010,"Burger, Alan",Bernard K. Schroeder,WC,2002,6,20,171,3,17,190,120,0,0,Complete,Caycuse,Caycuse,Shore,Inland,48.79148268,-124.678036,Alans,FR-810D,25,0.75,124,Incoming,125,10,124,,115,116,10,115,,,317,197,,,,5:17:00
WC02010011,"Burger, Alan",Bernard K. Schroeder,WC,2002,6,20,171,3,17,190,120,0,0,Complete,Caycuse,Caycuse,Shore,Inland,48.791482,-124.678035,Alans,FR-810D,25,0.75,160,Incoming,160,49,160,,138,138,44,138,,,317,197,,,,5:17:00
WC02020022,"Deal, John",Unknown,WC,2002,6,20,171,21,0,60,0,0,0,Complete,Woss Airstrip,Woss Airstrip,Shore,Inland,50.218,-126.626,CWS 1(Grampa),FR-8050D,0,0.75,2,Incoming,2,0,0,,0,2,0,0,,,315,1260,,,,5:15:49
WC02020023,"Deal, John",Unknown,WC,2002,6,21,172,3,16,180,120,0,0,Complete,Woss Airstrip,Woss Airstrip,Shore,Inland,50.218,-126.626,CWS 1(Grampa),FR-8050D,0,0.75,7,Incoming,7,5,7,7,7,7,4,7,7,,316,196,,,,5:16:01
WC02010012,"Burger, Alan",Bernard K. Schroeder,WC,2002,6,21,172,3,17,184,120,0,0,Complete,Nitinat,Nitinat Village & Camp,Shore,Inland,48.8086076,-124.6752432,Alans,FR-810D,25,0.75,305,Incoming,305,76,305,305,267,267,72,267,267,"5:27-5:33, battery change",317,197,,,,5:17:00
WC02020024,"Deal, John",Unknown,WC,2002,6,21,172,21,0,60,0,0,0,Complete,Tahsish Inlet,Tahsish Inlet NW,Shore,Coastal,50.144441,-127.102584,CWS 1(Grampa),FR-8050D,0,0.75,28,Outgoing,2,28,0,,24,2,24,0,,,318,1260,,,,5:18:18
WC02010013,"Burger, Alan",Bernard K. Schroeder,WC,2002,6,22,173,3,17,182,120,0,0,Excluded,Carmanah/Bonilla Road,Carmanah/Bonilla Road,Shore,Coastal,48.63644317,-124.7249842,Alans,FR-810D,25,0.75,38,Incoming,38,9,38,38,36,36,9,36,36,"557-606, battery change",317,197,,,,5:17:00
WC02020025,"Deal, John",Unknown,WC,2002,6,22,173,3,18,180,120,0,0,Complete,Tahsish Inlet,Tahsish Inlet NW,Shore,Coastal,50.144441,-127.102584,CWS 1(Grampa),FR-8050D,0,0.75,521,Incoming,521,109,521,521,512,512,108,512,512,,318,198,,,,5:18:32
WC03020003,"Deal, John",Unknown,WC,2003,5,26,146,3,26,180,120,0,0,Complete,Nimpkish Lake,Nimpkish Lake N,Shore,Inland,50.514,-127.029,Trudys (MOE),FR-7111,25,0.75,37,Outgoing,19,37,19,,35,18,35,18,,,326,206,,,,5:26:30
WC03020004,"Deal, John",Unknown,WC,2003,5,27,147,3,25,180,120,0,0,Complete,Nimpkish Lake,Nimpkish Lake N,Shore,Inland,50.514,-127.029,Trudys (MOE),FR-7111,25,0.75,45,Incoming,45,24,45,45,44,44,22,44,44,,325,205,,,,5:25:31
WC03020005,"Deal, John",Unknown,WC,2003,5,29,149,3,23,180,120,0,0,Complete,Nimpkish River,Nimpkish River M,Shore,Coastal,50.561294,-126.971265,Trudys (MOE),FR-7111,25,0.75,64,Outgoing,12,64,12,64,63,12,63,12,63,,323,203,,,,5:23:39
WC03010006,"Burger, Alan",Catherine J. Conroy,WC,2003,5,29,149,3,45,160,100,0,0,Complete,Nahmint Lake,Nahmint Lake,Shore,Inland,49.18222222,-125.0517735,Trudys (MOE),FR-7111,25,0.5,51,Outgoing,34,51,26,51,46,29,46,22,46,,325,225,,,,5:25:00
WC03010007,"Burger, Alan",Catherine J. Conroy,WC,2003,5,30,150,3,46,164,98,0,0,Complete,Toquart,Toquart 1,Shore,Coastal,49.0223051,-125.3601861,Trudys (MOE),FR-7111,25,0.75,272,Incoming,272,41,272,272,264,264,38,264,264,,324,226,,,,5:24:00
WC03010008,"Burger, Alan",Alan Burger,WC,2003,6,1,152,3,44,204,99,0,0,Complete,Toquart,Toquart Boat,Boat,Coastal,49.03520531,-125.3355375,Trudys (MOE),FR-7111,25,0.75,193,Incoming,196,103,193,193,187,190,95,187,187,Mist/Drizzle during survey.,323,224,,,,5:23:00
WC03010009,"Burger, Alan",Jenna Cragg,WC,2003,6,2,153,3,43,167,100,0,0,Excluded,Pipestem Boat,Pipestem Boat,Boat,Coastal,49.0291104,-125.2346933,Trudys (MOE),FR-7111,25,0.75,46,Incoming,52,41,46,46,44,50,38,44,44,,323,223,,,,5:23:00
WC03010010,"Burger, Alan",Jenna Cragg,WC,2003,6,2,153,3,43,167,100,0,0,Excluded,Pipestem Boat,Pipestem Boat (Skull Lake),Boat,Coastal,49.02911,-125.234693,Trudys (MOE),FR-7111,25,0.75,32,Incoming,33,28,32,32,32,33,26,32,32,,323,223,,,,5:23:00
WC03020006,"Deal, John",Unknown,EV,2003,6,3,154,3,18,180,120,0,0,Complete,Strathcona-Buttle-Karst Ck,Strathcona-Buttle-Karst Ck - approx coords,Shore,Inland,49.659,-125.529,Trudys (MOE),FR-7111,25,0.75,16,Outgoing,9,16,9,16,16,9,16,9,16,,318,198,,,,5:18:18
WC03010011,"Burger, Alan",Catherine J. Conroy,WC,2003,6,3,154,3,39,176,102,0,0,Complete,Lucky Creek Boat,Lucky Creek Boat,Boat,Coastal,49.02631419,-125.3303329,Trudys (MOE),FR-7111,25,0.75,234,Incoming,242,131,234,234,222,228,121,222,222,4 birds circling over water.,321,219,,,,5:21:00
WC03020007,"Deal, John",Unknown,EV,2003,6,4,155,3,17,180,120,0,0,Complete,Strathcona-Buttle-Karst Ck,Strathcona-Buttle-Karst Ck - approx coords,Shore,Inland,49.659,-125.529,Trudys (MOE),FR-7111,25,0.75,12,Outgoing,9,12,9,,12,9,12,9,,,317,197,,,,5:17:42
WC03010012,"Burger, Alan",Jenna Cragg,WC,2003,6,4,155,3,41,199,100,0,0,Excluded,Effingham,Effingham Inlet Boat #1,Boat,Coastal,49.03458396,-125.160025,Trudys (MOE),FR-7111,25,0.75,180,Incoming,183,118,180,180,179,180,113,179,179,Birds flying up/down inlet.,321,221,,,,5:21:00
WC03010013,"Burger, Alan",Jenna Cragg,WC,2003,6,4,155,3,41,199,100,0,0,Excluded,Effingham,Effingham Inlet Boat #1 (Skull Lake),Boat,Coastal,49.034583,-125.160025,Trudys (MOE),FR-7111,25,0.75,4,Outgoing,3,4,3,4,3,3,3,3,3,"Birds flying across inlet towards Skull Lake habitat. Bearing W or SW considered incoming, SE or E considered outgoing.",321,221,,,,5:21:00
WC03020008,"Deal, John",Unknown,WC,2003,6,5,156,3,18,180,120,0,0,Complete,Nimpkish River,Nimpkish River M,Shore,Coastal,50.561294,-126.971265,Trudys (MOE),FR-7111,25,0.75,49,Outgoing,33,49,33,,47,32,47,32,,,318,198,,,,5:18:31
WC03010014,"Burger, Alan",Catherine J. Conroy,WC,2003,6,5,156,3,39,162,101,0,0,Excluded,Effingham,Effingham Inlet Boat #2,Boat,Coastal,49.08114356,-125.1670433,Trudys (MOE),FR-7111,25,0.5,26,Incoming,26,18,26,26,23,23,18,23,23,EFI02EI refers to MaMu flying up/down Effingham Inlet.,320,219,,,,5:20:00
WC03010015,"Burger, Alan",Catherine J. Conroy,WC,2003,6,5,156,3,39,162,101,0,0,Excluded,Effingham,Effingham Inlet Boat #2 (Effingham),Boat,Coastal,49.081143,-125.167043,Trudys (MOE),FR-7111,25,0.5,21,Outgoing,19,21,19,21,18,18,17,18,18,"EFI02F refers to MaMu flying across Inlet bearing E towards forest, to SSE of radar position.",320,219,,,,5:20:00
WC03010016,"Burger, Alan",Jenna Cragg,WC,2003,6,6,157,3,38,183,102,0,0,Complete,Uchucklesit Boat,Uchucklesit Boat,Boat,Coastal,49.01324067,-125.0479765,Trudys (MOE),FR-7111,25,0.75,279,Incoming,288,118,279,279,277,286,116,277,277,,320,218,,,,5:20:00
WC03020009,"Deal, John",Unknown,WC,2003,6,8,159,3,18,180,120,0,0,Complete,Lower Kaipit Cutblock,Lower Kaipit Cutblock - approx coords,Shore,Inland,50.204,-126.77,Trudys (MOE),FR-7111,25,0.75,10,Outgoing,7,10,7,10,10,6,10,6,10,,318,198,,,,5:18:00
WC03020010,"Deal, John",Unknown,WC,2003,6,9,160,3,16,180,120,0,0,Complete,Claude Elliott,Claude Elliott,Shore,Inland,50.311,-126.56,Trudys (MOE),FR-7111,25,0.75,67,Incoming,67,51,67,,63,63,48,63,,,316,196,,,,5:16:14
WC03020011,"Deal, John",Unknown,WC,2003,6,10,161,3,15,180,120,0,0,Complete,Claude Elliott,Claude Elliott,Shore,Inland,50.311,-126.56,Trudys (MOE),FR-7111,25,0.75,112,Incoming,112,86,112,112,92,92,72,92,92,,315,195,,,,5:15:53
WC03020012,"Deal, John",Unknown,WC,2003,6,11,162,3,17,115,120,65,,Complete,Atluck West,Atluck West - approx. Coords,Shore,Inland,50.205,-126.976,Trudys (MOE),FR-7111,25,0.75,130,Outgoing,71,130,71,130,105,63,105,63,105,,317,197,,,,5:17:47
WC03020013,"Deal, John",Unknown,WC,2003,6,12,163,3,17,180,120,0,0,Complete,Atluck West,Atluck West - approx. Coords,Shore,Inland,50.205,-126.976,Trudys (MOE),FR-7111,25,0.75,22,Outgoing,13,22,13,,22,13,22,13,,,317,197,,,,5:17:32
WC03010017,"Burger, Alan",Catherine J. Conroy,WC,2003,6,12,163,3,55,170,83,0,0,Complete,Nitinat,Nitinat Camp (Nitinat River),Shore,Inland,48.80434694,-124.6749923,Trudys (MOE),FR-7111,25,0.5,470,Incoming,535,191,470,470,428,470,153,428,428,Most birds seen in last 30 min coming and going off lake.,318,235,,,,5:18:00
WC03010018,"Burger, Alan",Catherine J. Conroy,WC,2003,6,16,167,3,39,162,98,0,0,Excluded,Carmanah Point,Carmanah Point,Shore,Coastal,48.61201213,-124.7467688,Trudys (MOE),FR-7111,25,0.75,122,Outgoing,92,122,73,,104,82,104,67,,,317,219,,,,5:17:00
WC03010019,"Burger, Alan",Jenna Cragg,WC,2003,6,17,168,3,44,176,93,0,0,Excluded,Carmanah Point,Carmanah Point,Shore,Coastal,48.61201213,-124.7467688,Trudys (MOE),FR-7111,25,0.75,268,Outgoing,143,268,126,268,260,140,260,123,260,"Radar tilted down 10º, towards SE to see birds low over water.",317,224,,,,5:17:00
WC03010020,"Burger, Alan",Catherine J. Conroy,WC,2003,6,18,169,3,35,167,102,0,0,Excluded,Carmanah Point,Carmanah Point,Shore,Coastal,48.61201213,-124.7467688,Trudys (MOE),FR-7111,25,0.75,63,Incoming,66,30,63,,59,62,24,59,,,317,215,,,,5:17:00
WC03020014,"Deal, John",Unknown,WC,2003,6,19,170,3,17,180,120,0,0,Complete,Zeballos,Zeballos Inlet,Shore,Coastal,49.978112,-126.857462,Trudys (MOE),FR-7111,25,0.75,70,Incoming,70,41,70,70,70,70,41,70,70,,317,197,,,,5:17:49
WC03010021,"Burger, Alan",Catherine J. Conroy,WC,2003,6,19,170,3,41,148,97,11,,Excluded,Carmanah Point,Carmanah Point,Shore,Coastal,48.61201213,-124.7467688,Trudys (MOE),FR-7111,25,0.75,196,Incoming,216,66,196,,169,186,59,169,,"Rain >10 min Some chop in first hour of survey causing sea clutter. Jerry Etzkorn did AV survey at Carmanah Cr., had 18 detections, 14 visual.",318,221,,,,5:18:00
WC03020015,"Deal, John",Unknown,WC,2003,6,20,171,3,17,180,120,0,0,Complete,Zeballos,Zeballos Inlet,Shore,Coastal,49.978112,-126.857462,Trudys (MOE),FR-7111,25,0.75,43,Incoming,43,36,43,,43,43,36,43,,,317,197,,,,5:17:57
WC03010022,"Burger, Alan",Catherine J. Conroy,WC,2003,6,20,171,3,33,138,105,0,0,Excluded,Bottard Creek,Bottard Creek,Shore,Inland,48.77003303,-125.0058061,Trudys (MOE),FR-7111,25,0.75,81,Outgoing,84,81,75,,74,80,74,73,,"Birds flying E/W across Bottard Cr.  E incoming, W outgoing. Survey ended early but well after sunrise.",318,213,,,,5:18:00
WC03020016,"Deal, John",Unknown,WC,2003,6,21,172,3,15,180,120,0,0,Complete,Woss Airstrip,Woss Airstrip,Shore,Inland,50.218,-126.626,Trudys (MOE),FR-7111,25,0.75,25,Incoming,25,21,25,,25,25,20,25,,,315,195,,,,5:15:58
WC03010023,"Burger, Alan",Catherine J. Conroy,WC,2003,6,21,172,3,58,141,80,0,0,Excluded,Darling River,Darling River,Shore,Coastal,48.7315504,-125.0132232,Trudys (MOE),FR-7111,25,0.75,141,Incoming,153,73,141,,132,144,70,132,,"Birds bearing E or N considered incoming, bearing S or W considered outgoing.",318,238,,,,5:18:00
WC03020017,"Deal, John",Unknown,WC,2003,6,22,173,3,16,180,120,0,0,Complete,Woss Airstrip,Woss Airstrip,Shore,Inland,50.218,-126.626,Trudys (MOE),FR-7111,25,0.75,50,Outgoing,21,50,21,50,48,21,48,21,48,,316,196,,,,5:16:12
WC03020018,"Deal, John",Unknown,WC,2003,6,23,174,3,15,72,120,108,,Complete,Schoen Lake,Schoen Lake,Shore,Inland,50.164,-126.305,Trudys (MOE),FR-7111,25,0.75,12,Incoming,12,2,12,12,10,10,2,10,10,,315,195,,,,5:15:28
WC03020019,"Deal, John",Unknown,WC,2003,6,24,175,3,15,180,120,0,0,Complete,Schoen Lake,Schoen Lake,Shore,Inland,50.164,-126.305,Trudys (MOE),FR-7111,25,0.75,5,Outgoing,1,5,1,,5,1,5,1,,,315,195,,,,5:15:47
WC03020020,"Deal, John",Unknown,WC,2003,6,25,176,3,19,180,120,0,0,Complete,Artlish,Artlish River (Tahsish),Shore,Coastal,50.102764,-127.095771,Trudys (MOE),FR-7111,25,0.75,631,Incoming,631,262,631,631,629,629,248,629,629,,319,199,,,,5:19:38
WC03020021,"Deal, John",Unknown,WC,2003,6,26,177,3,20,180,120,0,0,Complete,Artlish,Artlish River (Tahsish),Shore,Coastal,50.102764,-127.095771,Trudys (MOE),FR-7111,25,0.75,417,Outgoing,343,417,343,,331,321,331,321,,,320,200,,,,5:20:02
WC03010024,"Burger, Alan",Jenna Cragg,WC,2003,6,26,177,3,36,163,103,0,0,Complete,Sarita Log Sort,Sarita Log Sort,Shore,Coastal,48.88266267,-125.0344527,Trudys (MOE),FR-7111,25,0.75,259,Incoming,265,97,259,259,251,256,90,251,251,,319,216,,,,5:19:00
WC03020022,"Deal, John",Unknown,WC,2003,6,27,178,3,18,180,120,0,0,Complete,Vernon Lake,Vernon Lake N,Shore,Inland,50.054,-126.443,Trudys (MOE),FR-7111,25,0.75,33,Outgoing,16,33,16,,32,16,32,16,,,318,198,,,,5:18:07
WC03010025,"Burger, Alan",Jenna Cragg,WC,2003,6,27,178,3,48,188,92,0,0,Excluded,Gorge Creek,Gorge Creek,Shore,Inland,48.77825197,-124.9537656,Trudys (MOE),FR-7111,25,0.75,287,Outgoing,242,287,224,287,254,218,254,205,254,Very tricky site. Possible that some birds counted twice.,320,228,,,,5:20:00
WC03020023,"Deal, John",Unknown,WC,2003,6,28,179,3,18,180,120,0,0,Complete,Vernon Lake,Vernon Lake N,Shore,Inland,50.054,-126.443,Trudys (MOE),FR-7111,25,0.75,47,Incoming,47,29,47,47,47,47,26,47,47,,318,198,,,,5:18:37
WC03010026,"Burger, Alan",Catherine J. Conroy,WC,2003,6,28,179,3,38,163,102,0,0,Complete,Klanawa River,Klanawa River,Shore,Inland,48.75729013,-124.9157644,Trudys (MOE),FR-7111,25,0.75,310,Incoming,313,273,310,310,287,290,252,287,287,Birds following Klanawa River into watershed,320,218,,,,5:20:00
WC03010027,"Burger, Alan",Catherine J. Conroy,WC,2003,6,28,179,3,38,163,102,0,0,Complete,Klanawa River,Klanawa River (Klanawa),Shore,Inland,48.75729,-124.915764,Trudys (MOE),FR-7111,25,0.75,93,Incoming,94,73,93,93,92,93,71,92,92,Birds following West Klanawa River into watershed,320,218,,,,5:20:00
WC03010028,"Burger, Alan",Jenna Cragg,WC,2003,6,29,180,3,44,167,97,0,0,Complete,Caycuse,Caycuse,Shore,Inland,48.79148268,-124.678036,Trudys (MOE),FR-7111,25,0.75,292,Incoming,298,128,292,,289,295,120,289,,Extremely busy - focused attention on birds flying up/down Caycuse River.,321,224,,,,5:21:00
WC03010029,"Burger, Alan",Jenna Cragg,WC,2003,6,29,180,3,44,167,97,0,0,Complete,Caycuse,Caycuse,Shore,Inland,48.791482,-124.678035,Trudys (MOE),FR-7111,25,0.75,753,Incoming,754,256,753,753,732,733,244,732,732,,321,224,,,,5:21:00
WC03010030,"Burger, Alan",Jenna Cragg,WC,2003,7,5,186,3,39,209,106,0,0,Excluded,Bottard Creek,Bottard Creek,Shore,Inland,48.77003303,-125.0058061,Trudys (MOE),FR-7111,25,0.75,197,Outgoing,183,197,81,197,183,140,183,67,183,Combines Bottard East Incoming and Bottard (Other) in the raw data to match 2002 data.,325,219,,,,5:25:00
WC03010031,"Burger, Alan",Catherine J. Conroy,WC,2003,7,6,187,3,33,172,113,0,0,Complete,Pachena Bay,Pachena Bay,Shore,Coastal,48.7936252,-125.1121964,Trudys (MOE),FR-7111,25,0.75,143,Incoming,144,136,143,143,138,139,114,138,138,,326,213,,,,5:26:00
WC03010032,"Burger, Alan",Jenna Cragg,WC,2003,7,7,188,3,33,237,113,0,0,Excluded,Darling River,Darling River,Shore,Coastal,48.7315504,-125.0132232,Trudys (MOE),FR-7111,25,0.75,158,Outgoing,227,158,150,158,148,213,140,148,148,"Birds bearing E or N considered incoming, bearing S or W considered outgoing.",326,213,,,,5:26:00
WC03020024,"Deal, John",Unknown,WC,2003,7,8,189,3,25,180,120,0,0,Complete,Woss Lake,Woss Lake N,Shore,Inland,50.175,-126.6,Trudys (MOE),FR-7111,25,0.75,46,Incoming,46,13,46,46,44,44,13,44,44,,325,205,,,,5:25:49
WC03020025,"Deal, John",Unknown,WC,2003,7,9,190,3,26,60,120,120,,Complete,Woss Lake,Woss Lake N,Shore,Inland,50.175,-126.6,Trudys (MOE),FR-7111,25,0.75,37,Incoming,37,18,37,,34,34,16,34,,,326,206,,,,5:26:45
WC03010033,"Burger, Alan",Alan Burger,WC,2003,7,9,190,3,46,162,102,0,0,Complete,Nahmint Lake,Nahmint Lake,Shore,Inland,49.18222222,-125.0517735,Trudys (MOE),FR-7111,25,0.75,36,Incoming,36,12,36,,31,31,12,31,,,328,226,,,,5:28:00
WC03020026,"Deal, John",Unknown,WC,2003,7,10,191,3,27,180,120,0,0,Complete,Nimpkish Lake,Nimpkish Lake S,Shore,Inland,50.322,-126.92,Trudys (MOE),FR-7111,25,0.75,70,Outgoing,25,70,25,70,64,20,64,20,64,,327,207,,,,5:27:19
WC03010034,"Burger, Alan",Alan Burger,WC,2003,7,10,191,3,51,199,98,0,0,Excluded,Gorge Creek,Gorge Creek,Shore,Inland,48.77825197,-124.9537656,Trudys (MOE),FR-7111,25,0.75,115,Outgoing,91,115,89,,103,90,103,88,,,329,231,,,,5:29:00
WC03010035,"Burger, Alan",Matt Farnholtz,WC,2003,7,11,192,3,48,167,102,0,0,Complete,Sarita Log Sort,Sarita Log Sort,Shore,Coastal,48.88266267,-125.0344527,Trudys (MOE),FR-7111,25,0.75,163,Incoming,166,94,163,,160,163,82,160,,,330,228,,,,5:30:00
WC03020027,"Deal, John",Unknown,WC,2003,7,12,193,3,30,60,120,120,,Complete,Woss Lake,Woss Lake South Park - approx. Coords,Shore,Inland,50.043,-126.637,Trudys (MOE),FR-7111,25,0.75,46,Incoming,46,44,46,46,43,41,43,41,43,,330,210,,,,5:30:28
WC03010036,"Burger, Alan",Jenna Cragg,EV,2003,7,12,193,3,46,169,105,0,0,Complete,Macktush,Macktush Campsite,Shore,Coastal,49.10570127,-124.8312043,Trudys (MOE),FR-7111,25,0.75,7,Outgoing,7,7,4,7,6,6,6,4,6,Not a very good view of Alberni Inlet.,331,226,,,,5:31:00
WC03010037,"Burger, Alan",Jenna Cragg,EV,2003,7,12,193,3,46,169,105,0,0,Complete,Macktush,Macktush (Macktush),Shore,Coastal,49.105701,-124.831204,Trudys (MOE),FR-7111,25,0.75,8,Outgoing,3,8,2,8,6,3,6,2,6,,331,226,,,,5:31:00
WC03020028,"Deal, John",Unknown,WC,2003,7,13,194,3,31,172,120,8,,Complete,Woss Lake,Woss Lake South Park - approx. Coords,Shore,Inland,50.043,-126.637,Trudys (MOE),FR-7111,25,0.75,3,Incoming,3,1,3,,3,3,1,3,,,331,211,,,,5:31:30
WC03010038,"Burger, Alan",Jenna Cragg,WC,2003,7,13,194,3,55,95,96,61,37,Excluded,Walbran,Walbran (Mid Walbran),Shore,Inland,48.63562496,-124.6056414,Trudys (MOE),FR-7111,25,0.75,249,Incoming,308,212,249,249,220,272,179,220,227,"Rain >10 min Rain from 4:11-4:22, 4:25-4:41, 4:47-4:56, 5:15-5:16, 5:50-5:52, 6:09-6:31 (end).",331,235,,,,5:31:00
WC03020029,"Deal, John",Unknown,WC,2003,7,15,196,3,34,166,120,14,,Complete,Tahsish Inlet,Tahsish_Kwois Park,Shore,Coastal,50.14661,-127.098368,Trudys (MOE),FR-7111,25,0.75,257,Incoming,257,191,257,257,236,236,156,236,236,- Lat and Lon Corrected Apr 2023,334,214,,,,5:34:21
WC03020030,"Deal, John",Unknown,WC,2003,7,16,197,3,35,180,120,0,0,Complete,Tahsish Inlet,Tahsish_Kwois Park,Shore,Coastal,50.14661,-127.098368,Trudys (MOE),FR-7111,25,0.75,211,Incoming,211,168,211,,207,207,159,207,,- Lat and Lon Corrected Apr 2023,335,215,,,,5:35:29
WC03020031,"Deal, John",Unknown,WC,2003,7,17,198,3,33,60,120,120,,Complete,Schoen Lake,Schoen Lake NE - approx. Coords,Shore,Inland,50.185,-126.244,Trudys (MOE),FR-7111,25,0.75,57,Incoming,57,21,57,57,45,45,18,45,45,,333,213,,,,5:33:44
WC03020032,"Deal, John",Unknown,WC,2003,7,18,199,3,34,34,120,146,,Complete,Schoen Lake,Schoen Lake NE - approx. Coords,Shore,Inland,50.185,-126.244,Trudys (MOE),FR-7111,25,0.75,35,Incoming,35,17,35,,29,29,15,29,,,334,214,,,,5:34:54
WC03020033,"Deal, John",Unknown,WC,2003,7,19,200,3,37,180,120,0,0,Complete,Nimpkish Lake,Nimpkish Lake Kilpala,Shore,Inland,50.439,-126.999,Trudys (MOE),FR-7111,25,0.75,63,Incoming,63,53,63,63,59,59,50,59,59,,337,217,,,,5:37:21
WC03020034,"Deal, John",Unknown,WC,2003,7,20,201,3,38,180,120,0,0,Complete,Nimpkish Lake,Nimpkish Lake Kilpala,Shore,Inland,50.439,-126.999,Trudys (MOE),FR-7111,25,0.75,43,Incoming,43,35,43,,38,38,30,38,,,338,218,,,,5:38:36
WC04010001,"Burger, Alan",Alan Burger,WC,2004,5,18,139,3,55,160,100,0,0,Excluded,Pipestem Boat,Pipestem Boat,Boat,Coastal,49.0291104,-125.2346933,Trudys (MOE),FR-7111,25,0.75,7,Incoming,7,1,7,7,7,7,1,7,7,northbound birds,335,235,,,,5:35:00
WC04010002,"Burger, Alan",Alan Burger,WC,2004,5,18,139,3,55,160,100,0,0,Excluded,Pipestem Boat,Pipestem Boat (Black Peaks),Boat,Coastal,49.02911,-125.234693,Trudys (MOE),FR-7111,25,0.75,32,Incoming,32,4,32,32,31,31,4,31,31,ENE bound birds- Circling birds not divided by watershed,335,235,,,,5:35:00
WC04010003,"Burger, Alan",Catherine J. Conroy,WC,2004,5,19,140,3,51,195,104,0,0,Complete,Effingham,Effingham Estuary & Brand Creek*,Shore,Coastal,49.09138236,-125.1983244,Trudys (MOE),FR-7111,25,0.75,50,Outgoing,34,50,27,,45,30,45,25,,VALLEY TO EAST,335,231,,,,5:35:00
WC04010004,"Burger, Alan",Catherine J. Conroy,WC,2004,5,19,140,3,51,195,104,0,0,Complete,Effingham,Effingham Estuary (Effingham River),Shore,Coastal,49.091382,-125.198324,Trudys (MOE),FR-7111,25,0.75,20,Outgoing,22,20,14,,17,20,17,14,,MAIN RIVER VALLEY,335,231,,,,5:35:00
WC04010005,"Burger, Alan",Alan Burger,WC,2004,5,20,141,3,46,169,107,0,0,Complete,Lucky Creek Boat,Lucky Creek Boat,Boat,Coastal,49.02631419,-125.3303329,Trudys (MOE),FR-7111,25,0.75,191,Incoming,197,53,191,,189,194,49,189,,,333,226,,,,5:33:00
WC04010006,"Burger, Alan",Catherine J. Conroy,WC,2004,5,21,142,3,46,224,106,0,0,Excluded,Numukamis Bay,Numukamis Bay,Shore,Coastal,48.91193189,-125.0086435,Trudys (MOE),FR-7111,25,0.75,90,Incoming,97,63,90,90,80,86,52,80,80,"Excluded Sarita birds (3x1, 1x2)",332,226,,,,5:32:00
WC04010007,"Burger, Alan",Catherine J. Conroy,WC,2004,5,22,143,3,46,234,105,0,0,Complete,Uchucklesit Boat,Uchucklesit Boat,Boat,Coastal,49.01324067,-125.0479765,Trudys (MOE),FR-7111,25,0.75,575,Outgoing,662,575,549,575,485,580,449,485,485,,331,226,,,,5:31:00
WC04010008,"Burger, Alan",Catherine J. Conroy,EV,2004,5,23,144,3,47,194,103,0,0,Excluded,China Creek,China Creek Boat,Boat,Coastal,49.14331709,-124.7891772,Trudys (MOE),FR-7111,25,0.75,584,Incoming,584,11,584,584,539,539,10,539,539,,330,227,,,,5:30:00
WC04010009,"Burger, Alan",Catherine J. Conroy,EV,2004,5,23,144,3,47,194,103,0,0,Excluded,China Creek,China Creek Boat (China Creek),Boat,Coastal,49.143317,-124.789177,Trudys (MOE),FR-7111,25,0.75,477,Incoming,491,19,477,477,447,457,16,447,447,"Many birds all at once, some probably missed",330,227,,,,5:30:00
WC04010010,"Burger, Alan",Catherine J. Conroy,EV,2004,5,24,145,4,20,138,69,0,0,Excluded,Franklin River Boat,Franklin River Boat,Boat,Coastal,49.09082364,-124.8327801,Trudys (MOE),FR-7111,25,0.75,17,Incoming,17,0,17,,14,14,0,14,,,329,260,,,,5:29:00
WC04010011,"Burger, Alan",Catherine J. Conroy,EV,2004,5,24,145,4,20,138,69,0,0,Excluded,Franklin River Boat,Franklin River Boat (Franklin),Boat,Coastal,49.090823,-124.83278,Trudys (MOE),FR-7111,25,0.75,34,Incoming,35,20,34,,30,31,16,30,,,329,260,,,,5:29:00
WC04010012,"Burger, Alan",Catherine J. Conroy,WC,2004,5,25,146,3,45,163,103,0,0,Excluded,Nahmint Bay,Nahmint Bay Boat,Boat,Coastal,49.05859503,-124.8711146,Trudys (MOE),FR-7111,25,0.75,119,Incoming,121,22,119,119,112,113,20,112,112,"Pooled data - Cook Creek, Nahmint R. and Overland flight paths - all to Nahmint.",328,225,,,,5:28:00
WC04010013,"Burger, Alan",Fern Wager,WC,2004,5,26,147,3,47,163,100,0,0,Excluded,Spencer Creek Boat,Spencer Creek Boat (Alberni Inlet),Boat,Coastal,48.97885849,-124.8960355,Trudys (MOE),FR-7111,25,0.75,131,Incoming,162,68,131,131,125,152,66,125,125,,327,227,,,,5:27:00
WC04010014,"Burger, Alan",Fern Wager,WC,2004,5,26,147,3,47,163,100,0,0,Excluded,Spencer Creek Boat,Spencer Creek Boat (Spencer),Boat,Coastal,48.978858,-124.896035,Trudys (MOE),FR-7111,25,0.75,111,Incoming,118,83,111,,109,115,78,109,,,327,227,,,,5:27:00
WC04020001,"Deal, John",Unknown,WC,2004,5,31,152,3,21,180,120,0,0,Complete,Nimpkish River,Nimpkish River M,Shore,Coastal,50.561294,-126.971265,Trudys (MOE),FR-7111,25,0.75,383,Outgoing,7,383,7,383,382,7,382,7,382,,321,201,,,,5:21:21
WC04020002,"Deal, John",Unknown,WC,2004,6,2,154,3,19,180,120,0,0,Complete,Claude Elliott,Claude Elliott,Shore,Inland,50.311,-126.56,Trudys (MOE),FR-7111,25,0.75,37,Incoming,37,26,37,,34,34,22,34,,,319,199,,,,5:19:29
WC04010015,"Burger, Alan",Catherine J. Conroy,WC,2004,6,2,154,3,40,183,102,0,0,Excluded,Gorge Creek,Gorge Creek,Shore,Inland,48.77825197,-124.9537656,Trudys (MOE),FR-7111,25,0.75,234,Incoming,234,157,234,234,215,215,147,215,215,,322,220,,,,5:22:00
WC04020003,"Deal, John",Unknown,WC,2004,6,3,155,3,18,180,120,0,0,Complete,Claude Elliott,Claude Elliott,Shore,Inland,50.311,-126.56,Trudys (MOE),FR-7111,25,0.75,55,Incoming,59,30,55,55,53,55,29,53,53,,318,198,,,,5:18:51
WC04010016,"Burger, Alan",Catherine J. Conroy,WC,2004,6,3,155,3,37,164,104,0,0,Excluded,Bottard Creek,Bottard Creek,Shore,Inland,48.77003303,-125.0058061,Trudys (MOE),FR-7111,25,0.75,145,Incoming,148,57,145,,130,133,51,130,,Combines Bottard East Incoming and Bottard (Other) in the raw data to match 2002 data.,321,217,,,,5:21:00
WC04020004,"Deal, John",Unknown,WC,2004,6,4,156,3,20,180,120,0,0,Complete,Atluck West,Atluck West - approx. Coords,Shore,Inland,50.205,-126.976,Trudys (MOE),FR-7111,25,0.75,46,Outgoing,32,46,26,46,45,32,45,26,45,,320,200,,,,5:20:26
WC04010017,"Burger, Alan",Catherine J. Conroy,WC,2004,6,4,156,3,40,168,100,0,0,Complete,Klanawa River,Klanawa River,Shore,Inland,48.75729013,-124.9157644,Trudys (MOE),FR-7111,25,0.75,317,Incoming,325,227,317,317,290,298,195,290,290,,320,220,,,,5:20:00
WC04010018,"Burger, Alan",Catherine J. Conroy,WC,2004,6,4,156,3,40,168,100,0,0,Complete,Klanawa River,Klanawa River (West Klanawa),Shore,Inland,48.75729,-124.915764,Trudys (MOE),FR-7111,25,0.75,11,Incoming,11,0,11,11,10,10,0,10,10,,320,220,,,,5:20:00
WC04020005,"Deal, John",Unknown,WC,2004,6,5,157,3,19,180,120,0,0,Complete,Atluck West,Atluck West - approx. Coords,Shore,Inland,50.205,-126.976,Trudys (MOE),FR-7111,25,0.75,43,Incoming,45,40,43,,43,45,39,43,,,319,199,,,,5:19:53
WC04010019,"Burger, Alan",Catherine J. Conroy,WC,2004,6,5,157,3,40,178,100,0,0,Excluded,Darling River,Darling River,Shore,Coastal,48.7315504,-125.0132232,Trudys (MOE),FR-7111,25,0.75,86,Outgoing,78,86,60,86,74,65,74,52,74,Combined birds in Darling + Orange Juice Creek - as in previous years,320,220,,,,5:20:00
WC04010020,"Burger, Alan",Catherine J. Conroy,WC,2004,6,7,159,3,36,166,103,0,0,Complete,Pachena Bay,Pachena Bay,Shore,Coastal,48.7936252,-125.1121964,Trudys (MOE),FR-7111,25,0.75,120,Incoming,122,85,120,,117,119,78,117,,,319,216,,,,5:19:00
WC04010021,"Burger, Alan",Catherine J. Conroy,WC,2004,6,11,163,3,42,160,96,0,0,Excluded,Francis Lake,Francis Lake,Shore,Inland,48.95487448,-124.7031409,Trudys (MOE),FR-7111,25,0.75,20,Incoming,21,10,20,20,19,20,10,19,19,,318,222,,,,5:18:00
WC04010022,"Burger, Alan",Catherine J. Conroy,WC,2004,6,11,163,3,42,160,96,0,0,Excluded,Francis Lake,Francis Lake ('Francis' Creek),Shore,Inland,48.954874,-124.70314,Trudys (MOE),FR-7111,25,0.75,10,Outgoing,9,10,6,10,10,9,10,6,10,,318,222,,,,5:18:00
WC04010023,"Burger, Alan",Catherine J. Conroy,WC,2004,6,12,164,3,35,175,103,0,0,Excluded,Nitinat Hatchery,Nitinat Hatchery,Shore,Inland,48.85794913,-124.6549661,Trudys (MOE),FR-7111,25,0.75,171,Incoming,186,66,171,171,157,170,62,157,157,,318,215,,,,5:18:00
WC04010024,"Burger, Alan",Catherine J. Conroy,WC,2004,6,12,164,3,35,175,103,0,0,Excluded,Nitinat Hatchery,Nitinat Hatchery (Big Nitinat),Shore,Inland,48.857949,-124.654966,Trudys (MOE),FR-7111,25,0.75,106,Incoming,106,43,106,106,103,103,39,103,103,,318,215,,,,5:18:00
WC04010025,"Burger, Alan",Catherine J. Conroy,WC,2004,6,12,164,3,35,175,103,0,0,Excluded,Nitinat Hatchery,Nitinat Hatchery (Little Nitinat),Shore,Inland,48.857949,-124.654966,Trudys (MOE),FR-7111,25,0.75,7,Incoming,7,1,7,,7,7,1,7,,,318,215,,,,5:18:00
WC04010026,"Burger, Alan",Catherine J. Conroy,WC,2004,6,14,166,3,30,152,107,0,0,Complete,Walbran,Walbran (Mid Walbran),Shore,Inland,48.63562496,-124.6056414,Trudys (MOE),FR-7111,25,0.75,438,Incoming,450,161,438,,404,415,136,404,,,317,210,,,,5:17:00
WC04010027,"Burger, Alan",Catherine J. Conroy,WC,2004,6,15,167,3,33,162,104,0,0,Complete,Walbran,Walbran (Mid Walbran),Shore,Inland,48.63562496,-124.6056414,Trudys (MOE),FR-7111,25,0.75,532,Incoming,535,255,532,532,469,471,216,469,469,,317,213,,,,5:17:00
WC04020006,"Deal, John",Unknown,WC,2004,6,16,168,3,15,180,120,0,0,Complete,Nimpkish River,Nimpkish River M,Shore,Coastal,50.561294,-126.971265,Trudys (MOE),FR-7111,25,0.75,26,Outgoing,21,26,20,,25,21,25,20,,,315,195,,,,5:15:07
WC04010028,"Burger, Alan",Catherine J. Conroy,WC,2004,6,16,168,3,37,163,100,0,0,Complete,Pachena Bay,Pachena Bay,Shore,Coastal,48.7936252,-125.1121964,Trudys (MOE),FR-7111,25,0.75,159,Incoming,159,120,159,159,149,149,97,149,149,,317,217,,,,5:17:00
WC04010029,"Burger, Alan",Alan Burger,WC,2004,6,18,170,3,48,152,90,0,0,Excluded,Numukamis Bay,Numukamis Bay,Shore,Coastal,48.91193189,-125.0086435,Trudys (MOE),FR-7111,25,0.75,50,Incoming,53,29,50,,48,51,27,48,,,318,228,,,,5:18:00
WC04010030,"Burger, Alan",Alan Burger,WC,2004,6,18,170,3,48,152,90,0,0,Excluded,Numukamis Bay,Numukamis Bay (Carnation Creek),Shore,Coastal,48.911931,-125.008643,Trudys (MOE),FR-7111,25,0.75,17,Incoming,18,17,17,17,17,18,17,17,17,,318,228,,,,5:18:00
WC04010031,"Burger, Alan",Alan Burger,WC,2004,6,19,171,3,42,158,96,0,0,Excluded,Ritherdon,Ritherdon,Shore,Coastal,48.95192769,-124.9838856,Trudys (MOE),FR-7111,25,0.75,180,Incoming,181,101,180,180,175,176,97,175,175,These are birds continuing up Alberni Inlet.,318,222,,,,5:18:00
WC04010032,"Burger, Alan",Alan Burger,WC,2004,6,19,171,3,42,158,96,0,0,Excluded,Ritherdon,Ritherdon (Alberni Inlet),Shore,Coastal,48.951927,-124.983885,Trudys (MOE),FR-7111,25,0.75,24,Incoming,24,13,24,24,24,24,11,24,24,NOT MANY DETECTIONS IN/OUT OF FOREST OR OVER CREEKS,318,222,,,,5:18:00
WC04010033,"Burger, Alan",Alan Burger,WC,2004,6,19,171,3,42,158,96,0,0,Excluded,Ritherdon,Ritherdon (San Mateo - May Creek),Shore,Coastal,48.951927,-124.983885,Trudys (MOE),FR-7111,25,0.75,7,Incoming,7,4,7,7,7,7,4,7,7,NOT MANY DETECTIONS IN/OUT OF FOREST OR OVER CREEKS,318,222,,,,5:18:00
WC04010034,"Burger, Alan",Alan Burger,WC,2004,6,20,172,3,40,210,98,0,0,Complete,Uchucklesit Boat,Uchucklesit Boat,Boat,Coastal,49.01324067,-125.0479765,Trudys (MOE),FR-7111,25,0.75,323,Incoming,343,244,323,,306,326,234,306,,,318,220,,,,5:18:00
WC04020007,"Deal, John",Unknown,WC,2004,6,21,173,3,18,180,120,0,0,Complete,Zeballos,Zeballos Inlet,Shore,Coastal,49.978112,-126.857462,Trudys (MOE),FR-7111,25,0.75,235,Incoming,239,90,235,235,208,212,81,208,208,,318,198,,,,5:18:18
WC04010035,"Burger, Alan",Alan Burger,WC,2004,6,21,173,3,40,185,98,0,0,Complete,Useless Inlet Boat,Useless Inlet Boat,Boat,Coastal,48.98692784,-125.0488933,Trudys (MOE),FR-7111,25,0.75,386,Incoming,406,261,386,386,371,389,242,371,371,,318,220,,,,5:18:00
WC04020008,"Deal, John",Unknown,WC,2004,6,22,174,3,18,180,120,0,0,Complete,Zeballos,Zeballos Inlet,Shore,Coastal,49.978112,-126.857462,Trudys (MOE),FR-7111,25,0.75,209,Incoming,214,130,209,,199,204,107,199,,,318,198,,,,5:18:34
WC04010036,"Burger, Alan",Alan Burger,WC,2004,6,22,174,3,38,207,100,0,0,Complete,Lucky Creek Boat,Lucky Creek Boat,Boat,Coastal,49.02631419,-125.3303329,Trudys (MOE),FR-7111,25,0.75,350,Incoming,376,268,350,350,335,361,249,335,335,,318,218,,,,5:18:00
WC04020009,"Deal, John",Unknown,WC,2004,6,23,175,3,16,180,120,0,0,Complete,Vernon Lake,Vernon Lake N,Shore,Inland,50.054,-126.443,Trudys (MOE),FR-7111,25,0.75,33,Outgoing,22,33,10,,30,18,30,9,,,316,196,,,,5:16:49
WC04010037,"Burger, Alan",Fern Wager,WC,2004,6,23,175,3,39,181,100,0,0,Excluded,Effingham,Effingham Inlet Boat #1,Boat,Coastal,49.03458396,-125.160025,Trudys (MOE),FR-7111,25,0.75,163,Outgoing,154,163,129,163,137,142,137,121,137,,319,219,,,,5:19:00
WC04010038,"Burger, Alan",Fern Wager,WC,2004,6,23,175,3,39,181,100,0,0,Excluded,Effingham,Effingham Inlet Bypass (East- Inlet),Shore,Coastal,49.034583,-125.160025,Trudys (MOE),FR-7111,25,0.75,41,Outgoing,8,41,2,41,33,7,33,2,33,,319,219,,,,5:19:00
WC04020010,"Deal, John",Unknown,WC,2004,6,24,176,3,17,180,120,0,0,Complete,Vernon Lake,Vernon Lake N,Shore,Inland,50.054,-126.443,Trudys (MOE),FR-7111,25,0.75,40,Outgoing,27,40,20,40,38,24,38,19,38,,317,197,,,,5:17:11
WC04010039,"Burger, Alan",Catherine J. Conroy,WC,2004,6,24,176,3,28,231,111,0,0,Complete,Effingham,Effingham Estuary & Brand Creek*,Shore,Coastal,49.09138236,-125.1983244,Trudys (MOE),FR-7111,25,0.75,76,Outgoing,85,76,56,76,65,74,65,50,65,,319,208,,,,5:19:00
WC04010040,"Burger, Alan",Catherine J. Conroy,WC,2004,6,24,176,3,28,231,111,0,0,Complete,Effingham,Effingham Estuary (Effingham River),Shore,Coastal,49.091382,-125.198324,Trudys (MOE),FR-7111,25,0.75,71,Outgoing,57,71,44,71,53,55,53,42,53,,319,208,,,,5:19:00
WC04020011,"Deal, John",Unknown,WC,2004,6,25,177,3,17,180,120,0,0,Complete,Woss Airstrip,Woss Airstrip,Shore,Inland,50.218,-126.626,Trudys (MOE),FR-7111,25,0.75,43,Outgoing,42,43,28,43,34,40,34,26,34,,317,197,,,,5:17:28
WC04010041,"Burger, Alan",Fern Wager,EV,2004,6,25,177,3,39,181,100,0,0,Excluded,Franklin River Boat,Franklin River Boat,Boat,Coastal,49.09082364,-124.8327801,Trudys (MOE),FR-7111,25,0.75,31,Incoming,42,10,31,31,30,40,9,30,30,,319,219,,,,5:19:00
WC04010042,"Burger, Alan",Fern Wager,EV,2004,6,25,177,3,39,181,100,0,0,Excluded,Franklin River Boat,Franklin River Boat (Franklin),Boat,Coastal,49.090823,-124.83278,Trudys (MOE),FR-7111,25,0.75,36,Incoming,40,7,36,36,36,40,7,36,36,,319,219,,,,5:19:00
WC04020012,"Deal, John",Unknown,WC,2004,6,26,178,3,17,180,120,0,0,Complete,Woss Airstrip,Woss Airstrip,Shore,Inland,50.218,-126.626,Trudys (MOE),FR-7111,25,0.75,35,Incoming,57,27,35,,34,54,25,34,,,317,197,,,,5:17:54
WC04010043,"Burger, Alan",Catherine J. Conroy,EV,2004,6,26,178,3,39,161,101,0,0,Excluded,China Creek,China Creek Boat,Boat,Coastal,49.14331709,-124.7891772,Trudys (MOE),FR-7111,25,0.75,62,Incoming,63,16,62,,49,50,14,49,,Many boats in close proximity obscurring some birds,320,219,,,,5:20:00
WC04020013,"Deal, John",Unknown,WC,2004,6,27,179,3,18,180,120,0,0,Complete,Woss Lake,Woss Lake N,Shore,Inland,50.175,-126.6,Trudys (MOE),FR-7111,25,0.75,47,Incoming,48,33,47,47,46,47,32,46,46,,318,198,,,,5:18:31
WC04010044,"Burger, Alan",Catherine J. Conroy,WC,2004,6,27,179,3,39,161,101,0,0,Excluded,Spencer Creek Boat,Spencer Creek Boat (Spencer),Boat,Coastal,48.97885849,-124.8960355,Trudys (MOE),FR-7111,25,0.75,341,Incoming,342,108,341,341,310,311,91,310,310,,320,219,,,,5:20:00
WC04010045,"Burger, Alan",Catherine J. Conroy,WC,2004,6,27,179,3,39,161,101,0,0,Excluded,Spencer Creek Boat,Spencer Creek Boat (Alberni Inlet),Boat,Coastal,48.978858,-124.896035,Trudys (MOE),FR-7111,25,0.75,67,Incoming,68,56,67,,57,58,47,57,,,320,219,,,,5:20:00
WC04020014,"Deal, John",Unknown,WC,2004,6,28,180,3,19,180,120,0,0,Complete,Woss Lake,Woss Lake N,Shore,Inland,50.175,-126.6,Trudys (MOE),FR-7111,25,0.75,32,Outgoing,32,32,29,,30,30,30,28,,,319,199,,,,5:19:02
WC04010046,"Burger, Alan",Catherine J. Conroy,WC,2004,6,28,180,3,20,181,121,0,0,Excluded,Maggie Lake,Maggie Lake,Shore,Inland,49.01809591,-125.4335505,Trudys (MOE),FR-7111,25,0.75,28,Incoming,30,26,28,28,26,28,23,26,26,Combined lake and East over forest to match 2002. South bearing excluded.,321,200,,,,5:21:00
WC04010047,"Burger, Alan",Fern Wager,WC,2004,6,29,181,3,41,174,100,0,0,Complete,Toquart,Toquart 1,Shore,Coastal,49.0223051,-125.3601861,Trudys (MOE),FR-7111,25,0.75,516,Incoming,541,269,516,,495,516,246,495,,,321,221,,,,5:21:00
WC04020015,"Deal, John",Unknown,WC,2004,6,30,182,3,22,180,120,0,0,Complete,Artlish,Artlish River (Tahsish),Shore,Coastal,50.102764,-127.095771,Trudys (MOE),FR-7111,25,0.75,447,Outgoing,422,447,417,,405,410,321,405,,,322,202,,,,5:22:34
WC04010048,"Burger, Alan",Catherine J. Conroy,EV,2004,6,30,182,3,42,149,99,11,,Excluded,Alberni Quay,Alberni Quay,Shore,Coastal,49.23510584,-124.8160377,Trudys (MOE),FR-7111,25,0.75,8,Outgoing,7,8,7,8,8,7,8,7,8,"Rain >10 min Very poor survey; rain, wave clutter, radar interference, marginal speed birds",321,222,,,,5:21:00
WC04020016,"Deal, John",Unknown,WC,2004,7,1,183,3,23,180,120,0,0,Complete,Artlish,Artlish River (Tahsish),Shore,Coastal,50.102764,-127.095771,Trudys (MOE),FR-7111,25,0.75,725,Incoming,742,458,725,725,681,695,341,681,681,,323,203,,,,5:23:14
WC04010049,"Burger, Alan",Catherine J. Conroy,WC,2004,7,1,183,3,42,198,100,0,0,Complete,Nitinat,Nitinat Village & Camp,Shore,Inland,48.8086076,-124.6752432,Trudys (MOE),FR-7111,25,0.75,559,Incoming,569,114,559,559,503,512,98,503,503,,322,222,,,,5:22:00
WC04020017,"Deal, John",Unknown,WC,2004,7,3,185,3,18,180,120,0,0,Complete,Kelsey Bay,Kelsey Bay,Shore,Coastal,50.397637,-125.960798,Trudys (MOE),FR-7111,25,0.75,45,Incoming,54,39,45,,45,52,39,45,,,318,198,,,,5:18:38
WC04020018,"Deal, John",Unknown,WC,2004,7,4,186,3,19,180,120,0,0,Complete,Kelsey Bay,Kelsey Bay,Shore,Coastal,50.397637,-125.960798,Trudys (MOE),FR-7111,25,0.75,101,Incoming,101,58,101,101,98,98,55,98,98,,319,199,,,,5:19:24
WC04020019,"Deal, John",Unknown,WC,2004,7,5,187,3,21,180,120,0,0,Complete,Adam-Eve River,Adam-Eve River M,Shore,Coastal,50.470546,-126.286984,Trudys (MOE),FR-7111,25,0.75,160,Incoming,160,30,160,160,154,154,30,154,154,,321,201,,,,5:21:09
WC04020020,"Deal, John",Unknown,WC,2004,7,7,189,3,27,180,120,0,0,Complete,Tahsis,Tahsis Govt Dock,Shore,Coastal,49.911736,-126.661575,Trudys (MOE),FR-7111,25,0.75,351,Incoming,362,92,351,351,345,354,81,345,345,,327,207,,,,5:27:00
WC04010050,"Burger, Alan",Catherine J. Conroy,WC,2004,7,7,189,3,47,162,100,0,0,Complete,San Juan River,San Juan Port Renfrew,Shore,Coastal,48.55520425,-124.4209791,Trudys (MOE),FR-7111,25,0.75,609,Incoming,615,135,609,609,557,562,108,557,557,,327,227,,,,5:27:00
WC04020021,"Deal, John",Unknown,WC,2004,7,8,190,3,28,180,120,0,0,Complete,Tahsis,Tahsis Govt Dock,Shore,Coastal,49.911736,-126.661575,Trudys (MOE),FR-7111,25,0.75,257,Incoming,269,142,257,,249,261,135,249,,,328,208,,,,5:28:00
WC04010051,"Burger, Alan",Catherine J. Conroy,WC,2004,7,8,190,3,48,192,100,0,0,Complete,Gordon River,Gordon River,Shore,Coastal,48.57333488,-124.4090825,Trudys (MOE),FR-7111,25,0.75,287,Incoming,293,64,287,287,246,251,51,246,246,,328,228,,,,5:28:00
WC04010052,"Burger, Alan",Catherine J. Conroy,WC,2004,7,8,190,3,48,192,100,0,0,Complete,Gordon River,Gordon River (Gordon),Shore,Coastal,48.573334,-124.409082,Trudys (MOE),FR-7111,25,0.75,423,Incoming,427,63,423,423,391,394,50,391,391,Missed birds due to quantity at once and screen being obscurred,328,228,,,,5:28:00
WC04010053,"Burger, Alan",Catherine J. Conroy,WC,2004,7,9,191,3,49,100,100,11,,Excluded,Francis Lake,Francis Lake,Shore,Inland,48.95487448,-124.7031409,Trudys (MOE),FR-7111,25,0.75,7,Incoming,7,0,7,,5,5,0,5,,Rain >10 min Rain,329,229,,,,5:29:00
WC04010054,"Burger, Alan",Catherine J. Conroy,WC,2004,7,9,191,3,49,100,100,11,,Excluded,Francis Lake,Francis Lake (main valley),Shore,Inland,48.954874,-124.70314,Trudys (MOE),FR-7111,25,0.75,28,Incoming,28,15,28,28,25,25,15,25,25,Rain >10 min Rain,329,229,,,,5:29:00
WC04010055,"Burger, Alan",Fern Wager,WC,2004,7,10,192,3,54,163,97,0,0,Excluded,Franklin Camp,Franklin Camp (3 flight paths),Shore,Inland,48.97264283,-124.739809,Trudys (MOE),FR-7111,25,0.75,45,Outgoing,26,45,23,45,36,24,36,21,36,,331,234,,,,5:31:00
WC04010056,"Burger, Alan",Fern Wager,WC,2004,7,10,192,3,54,163,97,0,0,Excluded,Franklin Camp,Franklin Camp (North Coleman Creek),Shore,Inland,48.972642,-124.739809,Trudys (MOE),FR-7111,25,0.75,18,Incoming,21,3,18,18,15,17,2,15,15,,331,234,,,,5:31:00
WC04010057,"Burger, Alan",Fern Wager,WC,2004,7,10,192,3,54,163,97,0,0,Excluded,Franklin Camp,Franklin Camp (Main Valley - W and NW),Shore,Inland,48.972642,-124.739809,Trudys (MOE),FR-7111,25,0.75,35,Incoming,35,30,35,35,30,30,27,30,30,,331,234,,,,5:31:00
WC04010058,"Burger, Alan",Catherine J. Conroy,WC,2004,7,11,193,3,51,179,100,0,0,Excluded,Nitinat Hatchery,Nitinat Hatchery,Shore,Inland,48.85794913,-124.6549661,Trudys (MOE),FR-7111,25,0.75,125,Incoming,134,83,125,,114,122,73,114,,,331,231,,,,5:31:00
WC04010059,"Burger, Alan",Catherine J. Conroy,WC,2004,7,11,193,3,51,179,100,0,0,Excluded,Nitinat Hatchery,Nitinat Hatchery (Little Nitinat),Shore,Inland,48.857949,-124.654966,Trudys (MOE),FR-7111,25,0.75,135,Incoming,142,39,135,135,124,130,31,124,124,,331,231,,,,5:31:00
WC04010060,"Burger, Alan",Fern Wager,WC,2004,7,12,194,3,52,160,100,0,0,Excluded,Bottard Creek,Bottard Creek,Shore,Inland,48.77003303,-125.0058061,Trudys (MOE),FR-7111,25,0.75,185,Outgoing,190,185,180,185,152,162,129,152,152,Combines Bottard East Incoming and Bottard (Other) in the raw data to match 2002 data.,332,232,,,,5:32:00
WC04010061,"Burger, Alan",Catherine J. Conroy,WC,2004,7,13,195,3,48,165,105,0,0,Excluded,Gorge Creek,Gorge Creek,Shore,Inland,48.77825197,-124.9537656,Trudys (MOE),FR-7111,25,0.75,145,Incoming,162,128,145,,129,143,114,129,,,333,228,,,,5:33:00
WC04020022,"Deal, John",Unknown,WC,2004,7,14,196,3,32,180,120,0,0,Complete,Nimpkish Lake,Nimpkish Lake S,Shore,Inland,50.322,-126.92,Trudys (MOE),FR-7111,25,0.75,7,Incoming,7,0,7,,7,7,0,7,,,332,212,,,,5:32:21
WC04010062,"Burger, Alan",Fern Wager,WC,2004,7,14,196,3,54,176,100,0,0,Excluded,Maggie Lake,Maggie Lake,Shore,Inland,49.01809591,-125.4335505,Trudys (MOE),FR-7111,25,0.75,3,Incoming,4,3,3,,3,3,3,2,,Combined lake and East over forest to match 2002. South bearing excluded.,334,234,,,,5:34:00
WC04020023,"Deal, John",Unknown,WC,2004,7,15,197,3,33,180,120,0,0,Complete,Nimpkish Lake,Nimpkish Lake S,Shore,Inland,50.322,-126.92,Trudys (MOE),FR-7111,25,0.75,19,Outgoing,22,19,18,19,17,21,16,17,17,,333,213,,,,5:33:29
WC04010063,"Burger, Alan",Catherine J. Conroy,WC,2004,7,15,197,4,0,181,95,0,0,Complete,Toquart,Toquart 1,Shore,Coastal,49.0223051,-125.3601861,Trudys (MOE),FR-7111,25,0.75,636,Incoming,696,229,636,636,578,626,196,578,578,,335,240,,,,5:35:00
WC04020024,"Deal, John",Unknown,WC,2004,7,16,198,3,33,180,120,0,0,Complete,Schoen Lake,Schoen Lake NE - approx. Coords,Shore,Inland,50.185,-126.244,Trudys (MOE),FR-7111,25,0.75,31,Outgoing,45,31,30,31,27,38,24,27,27,,333,213,,,,5:33:27
WC04020025,"Deal, John",Unknown,WC,2004,7,17,199,3,34,180,120,0,0,Complete,Schoen Lake,Schoen Lake NE - approx. Coords,Shore,Inland,50.185,-126.244,Trudys (MOE),FR-7111,25,0.75,13,Outgoing,7,13,5,,13,7,13,5,,,334,214,,,,5:34:37
WC04020026,"Deal, John",Unknown,WC,2004,7,18,200,3,37,180,120,0,0,Complete,Nimpkish Lake,Nimpkish Lake Kilpala,Shore,Inland,50.439,-126.999,Trudys (MOE),FR-7111,25,0.75,115,Incoming,116,31,115,115,104,105,28,104,104,,337,217,,,,5:37:04
WC04020027,"Deal, John",Unknown,WC,2004,7,19,201,3,38,180,120,0,0,Complete,Nimpkish Lake,Nimpkish Lake Kilpala,Shore,Inland,50.439,-126.999,Trudys (MOE),FR-7111,25,0.75,58,Incoming,58,8,58,,57,57,7,57,,,338,218,,,,5:38:18
WC04020028,"Deal, John",Unknown,WC,2004,7,20,202,3,38,180,120,0,0,Complete,Robson Bight-Tsitika R,Robson Bight-Tsitika R,Shore,Coastal,50.482858,-126.589522,Trudys (MOE),FR-7111,25,0.75,464,Incoming,464,101,464,464,458,458,82,458,458,,338,218,,,,5:38:22
WC04020029,"Deal, John",Unknown,WC,2004,7,21,203,3,39,180,120,0,0,Complete,Robson Bight-Tsitika R,Robson Bight-Tsitika R,Shore,Coastal,50.482858,-126.589522,Trudys (MOE),FR-7111,25,0.75,323,Incoming,325,134,323,,320,322,88,320,,,339,219,,,,5:39:39
WC04010064,"Burger, Alan",Catherine J. Conroy,WC,2004,7,21,203,4,2,161,100,0,0,Complete,San Juan River,San Juan Port Renfrew,Shore,Coastal,48.55520425,-124.4209791,Trudys (MOE),FR-7111,25,0.75,305,Incoming,305,25,305,,272,272,22,272,,,342,242,,,,5:42:00
WC04020030,"Deal, John",Unknown,WC,2004,7,22,204,3,39,180,120,0,0,Complete,Adam-Eve River,Adam-Eve River M,Shore,Coastal,50.470546,-126.286984,Trudys (MOE),FR-7111,25,0.75,140,Incoming,140,18,140,,125,125,15,125,,,339,219,,,,5:39:47
WC04010065,"Burger, Alan",Fern Wager,WC,2004,7,22,204,4,3,160,100,0,0,Complete,Gordon River,Gordon River,Shore,Coastal,48.57333488,-124.4090825,Trudys (MOE),FR-7111,25,0.75,47,Incoming,47,17,47,,43,43,17,43,,Very late in season - likely not a representative count,343,243,,,,5:43:00
WC04010066,"Burger, Alan",Fern Wager,WC,2004,7,22,204,4,3,160,100,0,0,Complete,Gordon River,Gordon River (South San Juan),Shore,Coastal,48.573334,-124.409082,Trudys (MOE),FR-7111,25,0.75,32,Incoming,32,7,32,32,32,32,7,32,32,,343,243,,,,5:43:00
WC04010067,"Burger, Alan",Catherine J. Conroy,WC,2004,7,23,205,4,3,161,101,0,0,Excluded,Franklin Camp,Franklin Camp (3 flight paths),Shore,Inland,48.97264283,-124.739809,Trudys (MOE),FR-7111,25,0.75,5,Incoming,5,0,5,,5,5,0,5,,,344,243,,,,5:44:00
WC04010068,"Burger, Alan",Catherine J. Conroy,WC,2004,7,23,205,4,3,161,101,0,0,Excluded,Franklin Camp,Franklin Camp (Main Valley - W and NW),Shore,Inland,48.972642,-124.739809,Trudys (MOE),FR-7111,25,0.75,3,Incoming,5,0,3,,3,4,0,3,,,344,243,,,,5:44:00
WC04010069,"Burger, Alan",Catherine J. Conroy,WC,2004,7,23,205,4,3,161,101,0,0,Excluded,Franklin Camp,Franklin Camp ('Francis' Creek),Shore,Inland,48.972642,-124.739809,Trudys (MOE),FR-7111,25,0.75,2,Incoming,3,0,2,2,2,3,0,2,2,,344,243,,,,5:44:00
WC05010001,"Burger, Alan",Alan Burger,WC,2005,5,19,139,3,53,137,99,11,,Excluded,Gordon River,Gordon River,Shore,Coastal,48.57333488,-124.4090825,Trudys (MOE),FR-7111,25,0.75,42,Incoming,43,31,42,,42,43,25,42,,Rain >10 min Radar headed due North,332,233,,,,5:32:00
WC05010002,"Burger, Alan",Alan Burger,WC,2005,5,19,139,3,53,137,99,11,,Excluded,Gordon River,Gordon River (South San Juan),Shore,Coastal,48.573334,-124.409082,Trudys (MOE),FR-7111,25,0.75,0,,0,0,0,,0,0,0,0,,Rain >10 min Radar headed due North,332,233,,,,5:32:00
WC05010003,"Burger, Alan",Ronan Eustace,WC,2005,5,20,140,4,40,61,51,11,,Excluded,Gordon River,Gordon River,Shore,Coastal,48.57333488,-124.4090825,Trudys (MOE),FR-7111,25,0.75,53,Incoming,53,2,53,,52,52,2,52,,Rain >10 min Radar headed due West,331,280,,,,5:31:00
WC05010004,"Burger, Alan",Ronan Eustace,WC,2005,5,20,140,4,40,61,51,11,,Excluded,Gordon River,Gordon River (South San Juan),Shore,Coastal,48.573334,-124.409082,Trudys (MOE),FR-7111,25,0.75,0,,0,0,0,,0,0,0,0,,Rain >10 min Radar headed due West,331,280,,,,5:31:00
WC05010005,"Burger, Alan",Ronan Eustace,WC,2005,5,23,143,3,54,161,95,0,0,Excluded,Nitinat Hatchery,Nitinat Hatchery,Shore,Inland,48.85794913,-124.6549661,Trudys (MOE),FR-7111,25,0.75,56,Incoming,57,38,56,,55,56,33,55,,Radar headed due East (also circling birds were not split into big or little birds). No dusk due to rain.,329,234,,,,5:29:00
WC05010006,"Burger, Alan",Ronan Eustace,WC,2005,5,23,143,3,54,161,95,0,0,Excluded,Nitinat Hatchery,Nitinat Hatchery (Big Nitinat),Shore,Inland,48.857949,-124.654966,Trudys (MOE),FR-7111,25,0.75,78,Incoming,78,38,78,,74,74,34,74,,Radar headed due East (also circling birds were not split into big or little birds),329,234,,,,5:29:00
WC05010007,"Burger, Alan",Kristin O'Brien,WC,2005,5,26,146,3,42,148,105,0,0,Excluded,Francis Lake,Francis Lake,Shore,Inland,48.95487448,-124.7031409,Trudys (MOE),FR-7111,25,0.75,0,,0,0,0,,0,0,0,0,,Radar headed due North (350 Degrees). Considered training - first solo survey,327,222,,,,5:27:00
WC05010008,"Burger, Alan",Kristin O'Brien,WC,2005,5,26,146,3,42,148,105,0,0,Excluded,Francis Lake,Francis Lake ('Francis' Creek),Shore,Inland,48.954874,-124.70314,Trudys (MOE),FR-7111,25,0.75,3,Outgoing,6,3,2,3,3,6,3,2,3,Radar headed due North (350 Degrees),327,222,,,,5:27:00
WC05010009,"Burger, Alan",Kristin O'Brien,WC,2005,5,27,147,3,45,159,100,0,0,Complete,Nitinat,Nitinat Village & Camp,Shore,Inland,48.8086076,-124.6752432,Trudys (MOE),FR-7111,25,0.75,251,Incoming,266,218,251,251,248,262,209,248,248,Radar headed due North (330 Degrees),325,225,,,,5:25:00
WC05010010,"Burger, Alan",Kristin O'Brien,EV,2005,5,28,148,3,50,179,95,0,0,Excluded,Alberni Quay,Alberni Quay,Shore,Coastal,49.23510584,-124.8160377,Trudys (MOE),FR-7111,25,0.75,5,Outgoing,4,5,0,5,5,4,5,0,5,Radar due West (277 Degrees). No dusk survey - Friday night crowd on dock.,325,230,,,,5:25:00
WC05010011,"Burger, Alan",Ronan Eustace,EV,2005,5,29,149,3,38,122,107,0,0,Complete,Macktush,Macktush Campsite,Shore,Coastal,49.10570127,-124.8312043,Trudys (MOE),FR-7111,25,0.75,13,Incoming,29,8,13,13,13,27,8,13,13,Radar headed due South. Not a very good view of Alberni Inlet.,325,218,,,,5:25:00
WC05010012,"Burger, Alan",Ronan Eustace,EV,2005,5,29,149,3,38,122,107,0,0,Complete,Macktush,Macktush (Macktush),Shore,Coastal,49.105701,-124.831204,Trudys (MOE),FR-7111,25,0.75,1,Outgoing,0,1,0,1,1,0,1,0,1,Radar headed due South.,325,218,,,,5:25:00
WC05010013,"Burger, Alan",Ronan Eustace,EV,2005,5,30,150,3,36,166,107,0,0,Excluded,Snow Creek,Snow Creek at highway,Shore,Inland,49.27851485,-125.1697969,Trudys (MOE),FR-7111,25,0.75,19,Outgoing,6,19,4,19,18,5,18,3,18,Radar headed due East.,323,216,,,,5:23:00
WC05010014,"Burger, Alan",Ronan Eustace,EV,2005,5,30,150,3,36,166,107,0,0,Excluded,Snow Creek,Snow Creek (North Sproat Lake),Shore,Inland,49.278514,-125.169796,Trudys (MOE),FR-7111,25,0.75,3,Incoming,3,2,3,3,3,3,2,3,3,Radar headed due East.,323,216,,,,5:23:00
WC05010015,"Burger, Alan",Kristin O'Brien,WC,2005,5,31,151,4,23,121,59,0,0,Complete,Nahmint Lake,Nahmint Lake,Shore,Inland,49.18222222,-125.0517735,Trudys (MOE),FR-7111,25,0.75,26,Incoming,35,14,26,,26,35,14,26,,Radar headed due East.,322,263,,,,5:22:00
WC05010016,"Burger, Alan",Kristin O'Brien,WC,2005,6,1,152,3,44,185,98,0,0,Excluded,Maggie Lake,Maggie Lake,Shore,Inland,49.01809591,-125.4335505,Trudys (MOE),FR-7111,25,0.75,7,Outgoing,6,7,5,7,7,6,7,5,7,Radar headed North East (40 Degrees),322,224,,,,5:22:00
WC05010017,"Burger, Alan",Ronan Eustace,WC,2005,6,2,153,3,40,180,101,0,0,Complete,Toquart,Toquart 1,Shore,Coastal,49.0223051,-125.3601861,Trudys (MOE),FR-7111,25,0.75,501,Incoming,521,152,501,501,492,511,144,492,492,Radar headed NNE (30 Degrees),321,220,,,,5:21:00
WC05010018,"Burger, Alan",Alan Burger,WC,2005,6,3,154,3,40,161,101,0,0,Excluded,Numukamis Bay,Numukamis Bay,Shore,Coastal,48.91193189,-125.0086435,Trudys (MOE),FR-7111,25,0.75,40,Incoming,42,36,40,40,39,41,33,39,39,Radar headed North East (40 Degrees). Same site as 2004.,321,220,,,,5:21:00
WC05010019,"Burger, Alan",Alan Burger,WC,2005,6,3,154,3,40,161,101,0,0,Excluded,Numukamis Bay,Numukamis Bay (Sarita),Shore,Coastal,48.911931,-125.008643,Trudys (MOE),FR-7111,25,0.75,17,Incoming,19,14,17,17,16,18,12,16,16,Radar headed North East (40 Degrees). Same site as 2004.,321,220,,,,5:21:00
WC05010020,"Burger, Alan",Alan Burger,WC,2005,6,4,155,3,45,156,96,0,0,Excluded,Ritherdon,Ritherdon,Shore,Coastal,48.95192769,-124.9838856,Trudys (MOE),FR-7111,25,0.75,153,Incoming,158,21,153,153,149,153,18,149,149,Radar headed South (170 Degrees),321,225,,,,5:21:00
WC05010021,"Burger, Alan",Alan Burger,WC,2005,6,4,155,3,45,156,96,0,0,Excluded,Ritherdon,Ritherdon (Ritherdon),Shore,Coastal,48.951927,-124.983885,Trudys (MOE),FR-7111,25,0.75,25,Incoming,28,12,25,,25,28,12,25,,Radar headed South (170 Degrees),321,225,,,,5:21:00
WC05010022,"Burger, Alan",Alan Burger,WC,2005,6,4,155,3,45,156,96,0,0,Excluded,Ritherdon,Ritherdon (San Mateo - May Creek),Shore,Coastal,48.951927,-124.983885,Trudys (MOE),FR-7111,25,0.75,4,Outgoing,2,4,2,,4,2,4,2,,Radar headed South (170 Degrees),321,225,,,,5:21:00
WC05010023,"Burger, Alan",Alan Burger,WC,2005,6,5,156,3,44,166,96,0,0,Excluded,Spencer Creek Boat,Spencer Creek Boat (Alberni Inlet),Boat,Coastal,48.97885849,-124.8960355,Trudys (MOE),FR-7111,25,0.75,149,Incoming,152,50,149,149,147,150,47,147,147,Radar headed East (60 Degrees),320,224,,,,5:20:00
WC05010024,"Burger, Alan",Alan Burger,WC,2005,6,5,156,3,44,166,96,0,0,Excluded,Spencer Creek Boat,Spencer Creek Boat (Spencer),Boat,Coastal,48.978858,-124.896035,Trudys (MOE),FR-7111,25,0.75,40,Incoming,41,38,40,,40,41,35,40,,Radar headed East (60 Degrees),320,224,,,,5:20:00
WC05010025,"Burger, Alan",Alan Burger,WC,2005,6,6,157,3,44,156,96,0,0,Complete,Uchucklesit Boat,Uchucklesit Boat (Henderson),Boat,Coastal,49.0122411,-125.0470192,Trudys (MOE),FR-7111,25,0.75,167,Incoming,168,102,167,,165,166,98,165,,Radar headed SE (120 Degrees); but boat swung a bit during survey.,320,224,,,,5:20:00
WC05010026,"Burger, Alan",Alan Burger,WC,2005,6,7,158,3,45,154,94,0,0,Complete,Lucky Creek Boat,Lucky Creek Boat,Boat,Coastal,49.02631419,-125.3303329,Trudys (MOE),FR-7111,25,0.75,339,Incoming,343,204,339,,331,335,192,331,,Radar headed WSW ; boat shifted often during the survey.,319,225,,,,5:19:00
WC05010027,"Burger, Alan",Kristin O'Brien,WC,2005,6,8,159,3,38,202,100,0,0,Excluded,Handy Creek,Handy Creek Boat,Boat,Coastal,48.97472927,-124.9509669,Trudys (MOE),FR-7111,25,0.75,73,Incoming,88,45,73,,73,87,42,73,,Boat moved during survey,318,218,,,,5:18:00
WC05010028,"Burger, Alan",Kristin O'Brien,WC,2005,6,8,159,3,38,202,100,0,0,Excluded,Handy Creek,Handy Creek (Handy Creek),Shore,Coastal,48.974729,-124.950966,Trudys (MOE),FR-7111,25,0.75,9,Incoming,20,7,9,9,9,20,7,9,9,Boat moved during survey,318,218,,,,5:18:00
WC05010029,"Burger, Alan",Kristin O'Brien,WC,2005,6,8,159,3,38,202,100,0,0,Excluded,Handy Creek,Handy Creek (Alberni Inlet),Shore,Coastal,48.974729,-124.950966,Trudys (MOE),FR-7111,25,0.75,3,Outgoing,2,3,0,,3,1,3,0,,Boat moved during survey,318,218,,,,5:18:00
WC05010030,"Burger, Alan",Kristin O'Brien,EV,2005,6,9,160,3,26,199,112,0,0,Excluded,China Creek,China Creek Boat,Boat,Coastal,49.14331709,-124.7891772,Trudys (MOE),FR-7111,25,0.75,33,Outgoing,37,33,18,33,33,34,33,15,33,Radar headed due South.,318,206,,,,5:18:00
WC05010031,"Burger, Alan",Kristin O'Brien,EV,2005,6,9,160,3,26,199,112,0,0,Excluded,China Creek,China Creek Boat (Alberni Inlet),Boat,Coastal,49.143317,-124.789177,Trudys (MOE),FR-7111,25,0.75,108,Incoming,131,60,108,108,105,127,59,105,105,Radar headed due South.,318,206,,,,5:18:00
WC05010032,"Burger, Alan",Ronan Eustace,EV,2005,6,10,161,3,25,181,112,0,0,Excluded,Franklin River Boat,Franklin River Boat,Boat,Coastal,49.09132495,-124.8329355,Trudys (MOE),FR-7111,25,0.75,0,,0,0,0,,0,0,0,0,,Radar headed SW (240 Degrees),317,205,,,,5:17:00
WC05010033,"Burger, Alan",Ronan Eustace,EV,2005,6,10,161,3,25,181,112,0,0,Excluded,Franklin River Boat,Franklin River Boat (Franklin),Boat,Coastal,49.091324,-124.832935,Trudys (MOE),FR-7111,25,0.75,35,Incoming,40,22,35,,35,40,22,35,,Radar headed SW (240 Degrees),317,205,,,,5:17:00
WC05010034,"Burger, Alan",Ronan Eustace,WC,2005,6,11,162,3,20,169,117,11,,Excluded,Effingham,Effingham Estuary & Brand Creek*,Shore,Coastal,49.09138236,-125.1983244,Trudys (MOE),FR-7111,25,0.75,1,Incoming,1,1,1,,1,1,1,1,,Rain >10 min Radar headed W (280 Degrees); rained throughout survey.,317,200,,,,5:17:00
WC05010035,"Burger, Alan",Ronan Eustace,WC,2005,6,11,162,3,20,169,117,11,,Complete,Effingham,Effingham Estuary (Brand Creek),Shore,Coastal,49.091382,-125.198324,Trudys (MOE),FR-7111,25,0.75,14,Outgoing,14,14,2,14,14,14,14,2,14,Rain >10 min Radar headed W (280 Degrees); rained throughout survey.,317,200,,,,5:17:00
WC05010036,"Burger, Alan",Kristin O'Brien,WC,2005,6,12,163,3,37,178,100,0,0,Excluded,Effingham,Effingham Inlet Boat #1,Boat,Coastal,49.03458396,-125.160025,Trudys (MOE),FR-7111,25,0.75,145,Incoming,154,85,145,145,145,154,85,145,145,Radar headed due South (197 Degrees),317,217,,,,5:17:00
WC05010037,"Burger, Alan",Kristin O'Brien,WC,2005,6,12,163,3,37,178,100,0,0,Excluded,Effingham,Effingham Inlet Boat #1 (Effingham),Boat,Coastal,49.034583,-125.160025,Trudys (MOE),FR-7111,25,0.75,17,Incoming,21,9,17,17,17,21,8,17,17,Radar headed due South (197 Degrees),317,217,,,,5:17:00
WC05010038,"Burger, Alan",Ronan Eustace,EV,2005,6,13,164,4,18,111,60,11,,Excluded,Snow Creek,Snow Creek at Sproat Lake,Shore,Inland,49.27396635,-125.1810502,Trudys (MOE),FR-7111,25,0.75,0,,0,0,0,,0,0,0,0,,Rain >10 min Rained out; no MaMu,318,258,,,,5:18:00
WC05010039,"Burger, Alan",Ronan Eustace,EV,2005,6,13,164,4,18,111,60,11,,Excluded,Snow Creek,Snow Creek (North Sproat Lake),Shore,Inland,49.273966,-125.18105,Trudys (MOE),FR-7111,25,0.75,0,,0,0,0,,0,0,0,0,,Rain >10 min Rained out; no MaMu,318,258,,,,5:18:00
WC05010040,"Burger, Alan",Kristin O'Brien,WC,2005,6,14,165,3,27,171,110,0,0,Excluded,Franklin Camp,Franklin Camp (3 flight paths),Shore,Inland,48.97264283,-124.739809,Trudys (MOE),FR-7111,25,0.75,5,Outgoing,3,5,1,5,5,3,5,1,5,Radar headed E (102 Degrees),317,207,,,,5:17:00
WC05010041,"Burger, Alan",Kristin O'Brien,WC,2005,6,14,165,3,27,171,110,0,0,Excluded,Franklin Camp,Franklin Camp (Main Valley - W and NW),Shore,Inland,48.972642,-124.739809,Trudys (MOE),FR-7111,25,0.75,9,Incoming,14,6,9,9,9,14,6,9,9,Radar headed E (102 Degrees),317,207,,,,5:17:00
WC05010042,"Burger, Alan",Kristin O'Brien,WC,2005,6,14,165,3,27,171,110,0,0,Excluded,Franklin Camp,Franklin Camp ('Francis' Creek),Shore,Inland,48.972642,-124.739809,Trudys (MOE),FR-7111,25,0.75,20,Outgoing,6,20,5,20,18,6,18,5,18,Radar headed E (102 Degrees),317,207,,,,5:17:00
WC05010043,"Burger, Alan",Ronan Eustace,WC,2005,6,15,166,3,25,172,112,0,0,Excluded,Nitinat Hatchery,Nitinat Hatchery,Shore,Inland,48.85794913,-124.6549661,Trudys (MOE),FR-7111,25,0.75,86,Incoming,94,37,86,86,86,94,35,86,86,Radar headed due East,317,205,,,,5:17:00
WC05010044,"Burger, Alan",Ronan Eustace,WC,2005,6,15,166,3,25,172,112,0,0,Excluded,Nitinat Hatchery,Nitinat Hatchery (Big Nitinat),Shore,Inland,48.857949,-124.654966,Trudys (MOE),FR-7111,25,0.75,112,Incoming,120,47,112,112,111,119,47,111,111,Radar headed due East,317,205,,,,5:17:00
WC05010045,"Burger, Alan",Kristin O'Brien,WC,2005,6,16,167,3,25,186,110,0,0,Complete,Gordon River,Gordon River,Shore,Coastal,48.57333488,-124.4090825,Trudys (MOE),FR-7111,25,0.75,202,Incoming,221,76,202,202,200,218,71,200,200,Radar headed due West,315,205,,,,5:15:00
WC05010046,"Burger, Alan",Kristin O'Brien,WC,2005,6,16,167,3,25,186,110,0,0,Complete,Gordon River,Gordon River (South San Juan),Shore,Coastal,48.573334,-124.409082,Trudys (MOE),FR-7111,25,0.75,177,Incoming,193,22,177,177,177,192,22,177,177,Radar headed due West,315,205,,,,5:15:00
WC05010047,"Burger, Alan",Ronan Eustace,WC,2005,6,23,174,3,45,181,91,0,0,Complete,San Juan River,San Juan Port Renfrew,Shore,Coastal,48.55520425,-124.4209791,Trudys (MOE),FR-7111,25,0.75,280,Incoming,288,96,280,280,280,287,94,280,280,Radar headed due North,316,225,,,,5:16:00
WC05010048,"Burger, Alan",Kristin O'Brien,WC,2005,6,24,175,3,35,169,102,0,0,Complete,Gordon River,Gordon River,Shore,Coastal,48.57333488,-124.4090825,Trudys (MOE),FR-7111,25,0.75,141,Incoming,154,57,141,,137,149,56,137,,Radar on the beach heading due South,317,215,,,,5:17:00
WC05010049,"Burger, Alan",Kristin O'Brien,WC,2005,6,24,175,3,35,169,102,0,0,Complete,Gordon River,Gordon River (South San Juan),Shore,Coastal,48.573334,-124.409082,Trudys (MOE),FR-7111,25,0.75,54,Incoming,57,17,54,,54,57,17,54,,Radar on the beach heading due South,317,215,,,,5:17:00
WC05010050,"Burger, Alan",Kristin O'Brien,WC,2005,6,25,176,3,34,180,103,0,0,Excluded,Franklin Camp,Franklin Camp (3 flight paths),Shore,Inland,48.97264283,-124.739809,Trudys (MOE),FR-7111,25,0.75,5,Outgoing,6,5,3,5,5,6,5,3,5,Radar headed East (102 degrees),317,214,,,,5:17:00
WC05010051,"Burger, Alan",Kristin O'Brien,WC,2005,6,25,176,3,34,180,103,0,0,Excluded,Franklin Camp,Franklin Camp (North Coleman Creek),Shore,Inland,48.972642,-124.739809,Trudys (MOE),FR-7111,25,0.75,17,Incoming,23,4,17,17,17,23,4,17,17,Radar headed East (102 degrees),317,214,,,,5:17:00
WC05010052,"Burger, Alan",Kristin O'Brien,WC,2005,6,25,176,3,34,180,103,0,0,Excluded,Franklin Camp,Franklin Camp ('Francis' Creek),Shore,Inland,48.972642,-124.739809,Trudys (MOE),FR-7111,25,0.75,11,Incoming,13,5,11,,11,13,5,11,,Radar headed East (102 degrees),317,214,,,,5:17:00
WC05010053,"Burger, Alan",Ronan Eustace,WC,2005,6,26,177,3,40,183,100,0,0,Complete,Nahmint Lake,Nahmint Lake,Shore,Inland,49.18222222,-125.0517735,Trudys (MOE),FR-7111,25,0.75,27,Incoming,33,22,27,27,27,33,21,27,27,Radar headed due West,320,220,,,,5:20:00
WC05010054,"Burger, Alan",Ronan Eustace,WC,2005,6,27,178,3,39,169,101,0,0,Complete,Toquart,Toquart 1,Shore,Coastal,49.0223051,-125.3601861,Trudys (MOE),FR-7111,25,0.75,425,Incoming,436,131,425,,425,436,131,425,,Radar facing 30 degrees,320,219,,,,5:20:00
WC05010055,"Burger, Alan",Alan Burger,WC,2005,6,28,179,3,45,175,96,0,0,Excluded,Numukamis Bay,Numukamis Bay,Shore,Coastal,48.91193189,-125.0086435,Trudys (MOE),FR-7111,25,0.75,37,Incoming,37,32,37,,35,35,27,35,,Radar facing 60 degrees,321,225,,,,5:21:00
WC05010056,"Burger, Alan",Alan Burger,WC,2005,6,28,179,3,45,175,96,0,0,Excluded,Numukamis Bay,Numukamis Bay (Carnation Creek),Shore,Coastal,48.911931,-125.008643,Trudys (MOE),FR-7111,25,0.75,25,Outgoing,27,25,21,25,22,25,22,20,22,Radar facing 60 degrees,321,225,,,,5:21:00
WC05010057,"Burger, Alan",Alan Burger,WC,2005,6,29,180,3,45,170,96,0,0,Excluded,Ritherdon,Ritherdon,Shore,Coastal,48.95192769,-124.9838856,Trudys (MOE),FR-7111,25,0.75,131,Incoming,134,3,131,,129,131,3,129,,Radar facing 170,321,225,,,,5:21:00
WC05010058,"Burger, Alan",Alan Burger,WC,2005,6,29,180,3,45,170,96,0,0,Excluded,Ritherdon,Ritherdon (Ritherdon),Shore,Coastal,48.951927,-124.983885,Trudys (MOE),FR-7111,25,0.75,31,Outgoing,32,31,27,31,28,32,28,27,28,Radar facing 170,321,225,,,,5:21:00
WC05010059,"Burger, Alan",Alan Burger,WC,2005,6,29,180,3,45,170,96,0,0,Excluded,Ritherdon,Ritherdon (San Mateo - May Creek),Shore,Coastal,48.951927,-124.983885,Trudys (MOE),FR-7111,25,0.75,7,Incoming,8,1,7,7,7,8,1,7,7,Radar facing 170,321,225,,,,5:21:00
WC05010060,"Burger, Alan",Alan Burger,WC,2005,6,30,181,3,44,159,98,0,0,Excluded,Spencer Creek Boat,Spencer Creek Boat,Boat,Coastal,48.97541534,-124.9046103,Trudys (MOE),FR-7111,25,0.75,112,Incoming,118,20,112,112,108,113,19,108,108,Radar facing 290: but boat swung during survey,322,224,,,,5:22:00
WC05010061,"Burger, Alan",Alan Burger,WC,2005,6,30,181,3,44,159,98,0,0,Excluded,Spencer Creek Boat,Spencer Creek Boat (Spencer),Boat,Coastal,48.975415,-124.90461,Trudys (MOE),FR-7111,25,0.75,45,Incoming,50,19,45,45,45,50,19,45,45,Radar facing 290: but boat swung during survey,322,224,,,,5:22:00
WC05010062,"Burger, Alan",Alan Burger,WC,2005,7,1,182,3,45,190,97,0,0,Complete,Uchucklesit Boat,Uchucklesit Boat (Henderson),Boat,Coastal,49.0122411,-125.0470192,Trudys (MOE),FR-7111,25,0.75,256,Incoming,268,200,256,256,248,260,186,248,248,"Radar facing 180, but boat swing towards ESE during survey",322,225,,,,5:22:00
WC05010063,"Burger, Alan",Alan Burger,WC,2005,7,2,183,3,45,160,98,0,0,Complete,Lucky Creek Boat,Lucky Creek Boat,Boat,Coastal,49.02631419,-125.3303329,Trudys (MOE),FR-7111,25,0.75,350,Incoming,354,225,350,350,345,349,216,345,345,Radar facing 230,323,225,,,,5:23:00
WC05010064,"Burger, Alan",Ronan Eustace,WC,2005,7,3,184,3,41,169,102,0,0,Complete,Effingham,Effingham Estuary & Brand Creek*,Shore,Coastal,49.09138236,-125.1983244,Trudys (MOE),FR-7111,25,0.75,6,Incoming,6,2,6,6,5,6,1,5,5,Radar facing 288,323,221,,,,5:23:00
WC05010065,"Burger, Alan",Ronan Eustace,WC,2005,7,3,184,3,41,169,102,0,0,Complete,Effingham,Effingham Estuary (Brand Creek),Shore,Coastal,49.091382,-125.198324,Trudys (MOE),FR-7111,25,0.75,9,Outgoing,6,9,6,,9,5,9,5,,Radar facing 288,323,221,,,,5:23:00
WC05010066,"Burger, Alan",Kristin O'Brien,WC,2005,7,4,185,3,44,176,100,0,0,Excluded,Handy Creek,Handy Creek Boat,Boat,Coastal,48.97472927,-124.9509669,Trudys (MOE),FR-7111,25,0.75,80,Incoming,85,75,80,80,80,85,75,80,80,Radar facing 125: rained a bit,324,224,,,,5:24:00
WC05010067,"Burger, Alan",Kristin O'Brien,WC,2005,7,4,185,3,44,176,100,0,0,Excluded,Handy Creek,Handy Creek (Spencer Creek),Shore,Coastal,48.974729,-124.950966,Trudys (MOE),FR-7111,25,0.75,22,Incoming,25,21,22,22,22,25,21,22,22,Radar facing 125: rained a bit,324,224,,,,5:24:00
WC05010068,"Burger, Alan",Kristin O'Brien,WC,2005,7,4,185,3,44,176,100,0,0,Excluded,Handy Creek,Handy Creek (Alberni Inlet),Shore,Coastal,48.974729,-124.950966,Trudys (MOE),FR-7111,25,0.75,13,Incoming,16,9,13,13,13,16,9,13,13,Radar facing 125: rained a bit,324,224,,,,5:24:00
WC05010069,"Burger, Alan",Kristin O'Brien,EV,2005,7,5,186,3,42,193,103,0,0,Excluded,China Creek,China Creek Boat,Boat,Coastal,49.14331709,-124.7891772,Trudys (MOE),FR-7111,25,0.75,13,Incoming,25,6,13,,13,25,6,13,,Radar facing 170 degrees.,325,222,,,,5:25:00
WC05010070,"Burger, Alan",Kristin O'Brien,EV,2005,7,5,186,3,42,182,103,11,,Excluded,China Creek,China Creek Boat (China Creek),Boat,Coastal,49.143317,-124.789177,Trudys (MOE),FR-7111,25,0.75,18,Incoming,29,7,18,18,18,29,7,18,18,Rain >10 min Radar facing 170 degrees. Frequent rain and choppy sea - missing birds,325,222,,,,5:25:00
WC05010071,"Burger, Alan",Ronan Eustace,EV,2005,7,6,187,3,44,179,102,0,0,Excluded,Franklin River Boat,Franklin River Boat,Boat,Coastal,49.09119668,-124.8330815,Trudys (MOE),FR-7111,25,0.75,4,Incoming,6,1,4,4,4,6,1,4,4,Radar facing 250 degrees.,326,224,,,,5:26:00
WC05010072,"Burger, Alan",Ronan Eustace,EV,2005,7,6,187,3,44,179,102,0,0,Excluded,Franklin River Boat,Franklin River Boat (Franklin),Boat,Coastal,49.091196,-124.833081,Trudys (MOE),FR-7111,25,0.75,36,Incoming,55,15,36,36,35,54,15,35,35,Radar facing 250 degrees. Some rain interference.,326,224,,,,5:26:00
WC05010073,"Burger, Alan",Kristin O'Brien,WC,2005,7,7,188,3,46,161,101,11,,Excluded,Pipestem Boat,Pipestem Boat,Boat,Coastal,49.0291104,-125.2346933,Trudys (MOE),FR-7111,25,0.75,2,Outgoing,9,2,1,2,2,8,2,1,2,Rain >10 min Radar facing 105 degrees; rained on/off during survey.,327,226,,,,5:27:00
WC05010074,"Burger, Alan",Kristin O'Brien,WC,2005,7,7,188,3,46,161,101,11,,Excluded,Pipestem Boat,Pipestem Boat (Black Peaks),Boat,Coastal,49.02911,-125.234693,Trudys (MOE),FR-7111,25,0.75,10,Outgoing,6,10,3,10,10,6,10,3,10,Rain >10 min Radar facing 105 degrees; rained on/off during survey.,327,226,,,,5:27:00
WC05010075,"Burger, Alan",Ronan Eustace,WC,2005,7,9,190,3,44,162,104,11,,Excluded,Nitinat Hatchery,Nitinat Hatchery,Shore,Inland,48.85794913,-124.6549661,Trudys (MOE),FR-7111,25,0.75,17,Outgoing,14,17,11,,17,14,17,11,,Rain >10 min Radar headed due East; rained thoughout survey.,328,224,,,,5:28:00
WC05010076,"Burger, Alan",Ronan Eustace,WC,2005,7,9,190,3,44,162,104,11,,Excluded,Nitinat Hatchery,Nitinat Hatchery (Big Nitinat),Shore,Inland,48.857949,-124.654966,Trudys (MOE),FR-7111,25,0.75,10,Incoming,11,9,10,,10,11,9,10,,Rain >10 min Radar headed due East; rained thoughout survey.,328,224,,,,5:28:00
WC05010077,"Burger, Alan",Ronan Eustace,WC,2005,7,10,191,3,43,167,106,0,0,Excluded,Nitinat Hatchery,Nitinat Hatchery,Shore,Inland,48.85794913,-124.6549661,Trudys (MOE),FR-7111,25,0.75,23,Incoming,24,11,23,,23,24,11,23,,Radar headed due East.,329,223,,,,5:29:00
WC05010078,"Burger, Alan",Ronan Eustace,WC,2005,7,10,191,3,43,167,106,0,0,Excluded,Nitinat Hatchery,Nitinat Hatchery (Big Nitinat),Shore,Inland,48.857949,-124.654966,Trudys (MOE),FR-7111,25,0.75,17,Incoming,22,12,17,,17,21,12,17,,Radar headed due East.,329,223,,,,5:29:00
WC05010079,"Burger, Alan",Kristin O'Brien,WC,2005,7,11,192,3,51,148,100,11,,Excluded,Francis Lake,Francis Lake,Shore,Inland,48.95487448,-124.7031409,Trudys (MOE),FR-7111,25,0.75,3,Incoming,6,1,3,3,3,6,1,3,3,Rain >10 min Radar headed due North.,331,231,,,,5:31:00
WC05010080,"Burger, Alan",Kristin O'Brien,WC,2005,7,11,192,3,51,148,100,11,,Excluded,Francis Lake,Francis Lake (main valley),Shore,Inland,48.954874,-124.70314,Trudys (MOE),FR-7111,25,0.75,1,Incoming,3,1,1,,1,3,1,1,,Rain >10 min Radar headed due North.,331,231,,,,5:31:00
WC05010081,"Burger, Alan",Kristin O'Brien,WC,2005,7,12,193,3,48,204,103,0,0,Complete,Nitinat,Nitinat Village & Camp,Shore,Inland,48.8086076,-124.6752432,Trudys (MOE),FR-7111,25,0.75,96,Incoming,100,71,96,,93,96,64,93,,Radar facing 330 degrees.,331,228,,,,5:31:00
WC05010082,"Burger, Alan",Kristin O'Brien,WC,2005,7,13,194,3,50,175,100,0,0,Complete,Gordon River,Gordon River,Shore,Coastal,48.57333488,-124.4090825,Trudys (MOE),FR-7111,25,0.75,64,Incoming,76,32,64,,61,71,31,61,,Radar on beach facing due South,330,230,,,,5:30:00
WC05010083,"Burger, Alan",Kristin O'Brien,WC,2005,7,13,194,3,50,175,100,0,0,Complete,Gordon River,Gordon River (Gordon),Shore,Coastal,48.573334,-124.409082,Trudys (MOE),FR-7111,25,0.75,14,Incoming,15,10,14,14,14,15,9,14,14,Radar on beach facing due South,330,230,,,,5:30:00
WC05010084,"Burger, Alan",Ronan Eustace,WC,2005,7,14,195,3,49,162,103,0,0,Complete,San Juan River,San Juan Port Renfrew,Shore,Coastal,48.55520425,-124.4209791,Trudys (MOE),FR-7111,25,0.75,87,Incoming,91,41,87,,83,87,41,83,,Radar headed due North,332,229,,,,5:32:00
WC05010085,"Burger, Alan",Kristin O'Brien,WC,2005,7,15,196,3,54,158,100,11,,Excluded,Francis Lake,Francis Lake,Shore,Inland,48.95487448,-124.7031409,Trudys (MOE),FR-7111,25,0.75,1,Incoming,1,0,1,,1,1,0,1,,Rain >10 min Radar headed South (195 Degrees),334,234,,,,5:34:00
WC05010086,"Burger, Alan",Kristin O'Brien,WC,2005,7,15,196,3,54,158,100,11,,Excluded,Francis Lake,Francis Lake (main valley),Shore,Inland,48.954874,-124.70314,Trudys (MOE),FR-7111,25,0.75,6,Outgoing,5,6,3,6,6,5,6,3,6,Rain >10 min Radar headed South (195 Degrees),334,234,,,,5:34:00
WC05010087,"Burger, Alan",Ronan Eustace,EV,2005,7,16,197,3,40,176,115,0,0,Complete,Macktush,Macktush Campsite,Shore,Coastal,49.10570127,-124.8312043,Trudys (MOE),FR-7111,25,0.75,5,Incoming,6,3,5,,5,6,3,5,,Radar headed NE (45 Degrees). Not a very good view of Alberni Inlet.,335,220,,,,5:35:00
WC05010088,"Burger, Alan",Ronan Eustace,EV,2005,7,16,197,3,40,176,115,0,0,Complete,Macktush,Macktush (Alberni Inlet),Shore,Coastal,49.105701,-124.831204,Trudys (MOE),FR-7111,25,0.75,0,,0,0,0,0,0,0,0,0,0,Radar headed NE (45 Degrees),335,220,,,,5:35:00
WC05010089,"Burger, Alan",Ronan Eustace,EV,2005,7,17,198,3,49,171,108,0,0,Excluded,Snow Creek,Snow Creek at Sproat Lake,Shore,Inland,49.27396635,-125.1810502,Trudys (MOE),FR-7111,25,0.75,3,Incoming,5,0,3,3,3,5,0,3,3,Radar facing West,337,229,,,,5:37:00
WC05010090,"Burger, Alan",Ronan Eustace,EV,2005,7,17,198,3,49,171,108,0,0,Excluded,Snow Creek,Snow Creek (Snow Creek),Shore,Inland,49.273966,-125.18105,Trudys (MOE),FR-7111,25,0.75,1,Incoming,1,0,1,1,1,1,0,1,1,Radar facing West,337,229,,,,5:37:00
WC0601B0001,"Burger, Alan",Alan Burger,WC,2006,5,15,135,20,38,112,22,0,0,Complete,Tofino Creek,Tofino Creek Boat,Boat,Coastal,49.23127647,-125.6007714,Alans,FR-810D,25,0.75,15,Outgoing,2,15,0,,15,1,15,0,,"NO AV, TRAINING SURVEY, SOME MAMU MISSED",1260,1238,,,,21:00:00
WC0601B0002,"Burger, Alan",Alan Burger,WC,2006,5,16,136,4,5,155,94,0,0,Complete,Tofino Creek,Tofino Creek Boat,Boat,Coastal,49.23127647,-125.6007714,Alans,FR-810D,25,0.75,124,Incoming,124,76,124,124,119,119,68,119,119,NO AV,339,245,,,,5:39:00
WC0601A0003,"Burger, Alan",Alan Burger,WC,2006,5,16,136,20,30,122,31,0,0,Complete,Tofino Creek,Tofino Creek Shore,Shore,Coastal,49.23265937,-125.6008852,Trudys (MOE),FR-7111,25,0.5,38,Outgoing,3,38,0,,38,3,38,0,,NO AV,1261,1230,,,,21:01:00
WC0601B0004,"Burger, Alan",Jenna Cragg,WC,2006,5,16,136,20,34,87,27,0,0,Complete,Tranquil,Tranquil Boat,Boat,Coastal,49.20871801,-125.6666109,Alans,FR-810D,25,0.75,7,Outgoing,3,7,0,,7,3,7,0,,,1261,1234,,,,21:01:00
WC0601B0005,"Burger, Alan",Jenna Cragg,WC,2006,5,17,137,4,8,156,90,0,0,Complete,Tranquil,Tranquil Boat,Boat,Coastal,49.20871801,-125.6666109,Alans,FR-810D,25,0.75,129,Incoming,136,34,129,,120,126,34,120,,No AV until 5:08,338,248,,,,5:38:00
WC0601A0006,"Burger, Alan",Alan Burger,WC,2006,5,17,137,4,20,138,78,0,0,Complete,Tofino Creek,Tofino Creek Shore,Shore,Coastal,49.23265937,-125.6008852,Trudys (MOE),FR-7111,25,0.5,161,Incoming,161,58,161,,152,152,57,152,,No AV but some watching for last hour for other birds. Started 12 min late due to flooding.,338,260,,,,5:38:00
WC0601B0007,"Burger, Alan",Derek L. Shaw,WC,2006,5,17,137,20,33,90,30,0,0,Complete,Tranquil,Tranquil Boat,Boat,Coastal,49.20871801,-125.6666109,Alans,FR-810D,25,0.75,4,Incoming,4,1,0,,1,4,1,0,,,1263,1233,,,,21:03:00
WC0601B0008,"Burger, Alan",Derek L. Shaw,WC,2006,5,18,138,4,7,150,90,0,0,Complete,Tranquil,Tranquil Boat,Boat,Coastal,49.20871801,-125.6666109,Alans,FR-810D,25,0.75,50,Incoming,51,13,50,,44,45,13,44,,Very low count for this site. May be marginal survey?,337,247,,,,5:37:00
WC0601A0009,"Burger, Alan",Marina Milligan,WC,2006,5,18,138,4,9,148,88,0,0,Complete,Tofino Creek,Tofino Creek Shore,Shore,Coastal,49.23265937,-125.6008852,Trudys (MOE),FR-7111,25,0.5,159,Incoming,159,78,159,,157,157,78,157,,,337,249,,,,5:37:00
WC0601B0010,"Burger, Alan",Derek L. Shaw,WC,2006,5,18,138,20,34,90,30,0,0,Complete,Bedwell,Bedwell Boat 2,Boat,Coastal,49.35901529,-125.7848538,Alans,FR-810D,25,0.75,5,Incoming,5,5,0,,5,5,5,0,,,1264,1234,,,,21:04:00
WC0601A0011,"Burger, Alan",Bonnie Vogt,WC,2006,5,18,138,20,36,123,28,0,0,Complete,Bulson,Bulson Shore,Shore,Coastal,49.25883313,-125.7290365,Trudys (MOE),FR-7111,25,0.75,22,Outgoing,15,22,0,,20,15,20,0,,NO AV,1264,1236,,,,21:04:00
WC0601A0012,"Burger, Alan",Bonnie Vogt,WC,2006,5,19,139,4,0,192,96,0,0,Complete,Bulson,Bulson Shore,Shore,Coastal,49.25883313,-125.7290365,Trudys (MOE),FR-7111,25,0.75,326,Incoming,337,137,326,,303,325,117,303,,,336,240,,,,5:36:00
WC0601B0013,"Burger, Alan",Derek L. Shaw,WC,2006,5,19,139,4,6,150,90,0,0,Complete,Bedwell,Bedwell Boat 2,Boat,Coastal,49.35901529,-125.7848538,Alans,FR-810D,25,0.75,105,Incoming,117,55,105,,92,101,54,92,,,336,246,,,,5:36:00
WC0601B0014,"Burger, Alan",Marina Milligan,WC,2006,5,19,139,20,30,120,35,0,0,Complete,Bedwell,Bedwell Boat 2,Boat,Coastal,49.36064009,-125.7827693,Alans,FR-810D,25,0.75,5,Outgoing,4,5,0,,5,4,5,0,,,1265,1230,,,,21:05:00
WC0601A0015,"Burger, Alan",Bonnie Vogt,WC,2006,5,19,139,20,33,118,32,0,0,Complete,Bulson,Bulson Shore,Shore,Coastal,49.25883313,-125.7290365,Trudys (MOE),FR-7111,25,0.75,15,Incoming,15,10,0,,10,13,10,0,,,1265,1233,,,,21:05:00
WC0601A0016,"Burger, Alan",Bonnie Vogt,WC,2006,5,20,140,4,5,201,89,0,0,Complete,Bulson,Bulson Shore,Shore,Coastal,49.25883313,-125.7290365,Trudys (MOE),FR-7111,25,0.75,378,Incoming,421,242,378,,374,414,233,374,,,334,245,,,,5:34:00
WC0601B0017,"Burger, Alan",Marina Milligan,WC,2006,5,20,140,4,7,177,87,0,0,Complete,Bedwell,Bedwell Boat 2,Boat,Coastal,49.36064009,-125.7827693,Alans,FR-810D,25,0.75,333,Incoming,373,141,333,333,303,337,127,303,303,,334,247,,,,5:34:00
WC0601A0018,"Burger, Alan",Jenna Cragg,WC,2006,5,20,140,20,36,128,30,0,0,Complete,Atleo Shore,Atleo Shore,Shore,Coastal,49.36766103,-126.0598948,Trudys (MOE),FR-7111,25,0.75,40,Outgoing,23,40,0,,40,21,40,0,,Poor radar view,1266,1236,,,,21:06:00
WC0601B0019,"Burger, Alan",Derek L. Shaw,WC,2006,5,20,140,20,37,105,29,0,0,Complete,Moyeha,Moyeha Boat,Boat,Coastal,49.41023544,-125.9135007,Alans,FR-810D,25,0.75,80,Incoming,80,52,0,,52,79,52,0,,,1266,1237,,,,21:06:00
WC0601B0021,"Burger, Alan",Derek L. Shaw,WC,2006,5,21,141,3,54,176,99,0,0,Complete,Moyeha,Moyeha Boat,Boat,Coastal,49.41023544,-125.9135007,Alans,FR-810D,25,0.75,338,Incoming,345,212,338,,332,339,201,332,,,333,234,,,,5:33:00
WC0601A0023,"Burger, Alan",Jenna Cragg,WC,2006,5,21,141,4,1,216,92,0,0,Complete,Atleo Shore,Atleo Shore,Shore,Coastal,49.36766103,-126.0598948,Trudys (MOE),FR-7111,25,0.75,153,Incoming,199,151,153,,146,186,135,146,,Poor radar view,333,241,,,,5:33:00
WC0601B0024,"Burger, Alan",Bonnie Vogt,WC,2006,5,21,141,20,30,122,38,0,0,Complete,Moyeha,Moyeha Boat,Boat,Coastal,49.41023544,-125.9135007,Alans,FR-810D,25,0.75,48,Incoming,48,19,0,,19,47,19,0,,,1268,1230,,,,21:08:00
WC0601A0026,"Burger, Alan",Jenna Cragg,WC,2006,5,21,141,20,36,112,32,10,0,Complete,Atleo Shore,Atleo Shore,Shore,Coastal,49.36766103,-126.0598948,Trudys (MOE),FR-7111,25,0.75,245,Outgoing,61,245,0,245,238,51,238,0,238,"Rained last 10 min of Survey, poor radar view",1268,1236,,,,21:08:00
WC0601B0027,"Burger, Alan",Derek L. Shaw,WC,2006,5,22,142,3,58,144,95,20,,Excluded,Moyeha,Moyeha Boat,Boat,Coastal,49.41023544,-125.9135007,Alans,FR-810D,25,0.75,516,Incoming,527,174,516,,508,518,170,508,,"Rain squalls lasting 5 min starting after 0600, from 0633 until end of survey.",333,238,,,,5:33:00
WC0601A0029,"Burger, Alan",Jenna Cragg,WC,2006,5,22,142,4,0,88,92,70,45,Excluded,Atleo Shore,Atleo Shore,Shore,Coastal,49.36766103,-126.0598948,Trudys (MOE),FR-7111,25,0.75,182,Outgoing,63,182,49,,178,57,178,46,,"45 MIN PRE SUNRISE LOST DUE TO BATTERY PROBLEMS, LOST 25 MIN POST SUNRISE DUE TO RAIN",332,240,,,,5:32:00
WC0601B0030,"Burger, Alan",Bonnie Vogt,WC,2006,5,22,142,20,30,68,39,9,,Excluded,Megin,Megin Boat,Boat,Coastal,49.43595732,-126.0808222,Alans,FR-810D,25,0.75,5,Incoming,5,2,0,,2,5,2,0,,INCOMPLETE DUE TO RAIN,1269,1230,,,,21:09:00
WC0601A0031,"Burger, Alan",Jenna Cragg,WC,2006,5,23,143,3,57,5,94,58,58,Excluded,Watta,Watta Shore WS,Shore,Coastal,49.43055263,-126.0365331,Trudys (MOE),FR-7111,25,0.75,29,Incoming,29,0,29,,29,29,0,29,,RAINED FROM 4:34 TO SUNRISE,331,237,,,,5:31:00
WC0601B0033,"Burger, Alan",Bonnie Vogt,WC,2006,5,23,143,20,30,0,40,67,,Excluded,Megin,Megin Boat,Boat,Coastal,49.43595732,-126.0808222,Alans,FR-810D,25,0.75,0,,0,0,0,,0,0,0,0,,"RAINED THROUGHOUT SURVEY, NO BIRDS SEEN",1270,1230,,,,21:10:00
WC0601B0034,"Burger, Alan",Bonnie Vogt,WC,2006,5,24,144,3,59,52,91,37,37,Excluded,Megin,Megin Boat,Boat,Coastal,49.43595732,-126.0808222,Alans,FR-810D,25,0.75,107,Incoming,107,94,107,,102,102,87,102,,BETWEEN 3:59 AND 5:28 THERE WERE 52 MIN OF VISIBILITY,330,239,,,,5:30:00
WC0601A0035,"Burger, Alan",Jenna Cragg,WC,2006,5,24,144,4,12,109,78,29,29,Excluded,Watta,Watta Shore WS,Shore,Coastal,49.43055263,-126.0365331,Trudys (MOE),FR-7111,25,0.75,286,Incoming,287,193,286,,275,276,176,275,,RAINING ON AND OFF THROUGHOUT PRESUNRISE PERIOD,330,252,,,,5:30:00
WC0601B0037,"Burger, Alan",Bonnie Vogt,WC,2006,5,24,144,20,43,48,28,55,,Excluded,Megin,Megin Boat,Boat,Coastal,49.43595732,-126.0808222,Alans,FR-810D,25,0.75,17,Incoming,17,10,0,,10,15,10,0,,RAINED FOR 55 MIN,1271,1243,,,,21:11:00
WC0601B0038,"Burger, Alan",Bonnie Vogt,WC,2006,5,25,145,4,0,49,89,33,33,Excluded,Megin,Megin Boat,Boat,Coastal,49.43595732,-126.0808222,Alans,FR-810D,25,0.75,66,Incoming,66,21,66,,62,62,21,62,,MORE THAN 70% OBSCURED FOR 33 MIN PRE SUNRISE,329,240,,,,5:29:00
WC0601A0039,"Burger, Alan",Jenna Cragg,WC,2006,5,25,145,4,9,-2,80,29,29,Excluded,Watta,Watta Shore WS,Shore,Coastal,49.43055263,-126.0365331,Trudys (MOE),FR-7111,25,0.75,23,Incoming,23,0,23,,23,23,0,23,,SURVEY ENDED EARLY DUE TO RAIN,329,249,,,,5:29:00
WC0601B0041,"Burger, Alan",Bonnie Vogt,WC,2006,5,25,145,20,40,122,33,0,0,Complete,Megin,Megin Boat,Boat,Coastal,49.43595732,-126.0808222,Alans,FR-810D,25,0.75,40,Incoming,40,29,0,,29,39,29,0,,,1273,1240,,,,21:13:00
WC0601A0042,"Burger, Alan",Jenna Cragg,WC,2006,5,25,145,20,51,89,22,0,0,Complete,Watta,Watta Shore WS,Shore,Coastal,49.43055263,-126.0365331,Trudys (MOE),FR-7111,25,0.75,145,Incoming,145,87,0,,82,136,82,0,,SURVEY ENDED AT 22:20 DUE TO INCOMING TIDE,1273,1251,,,,21:13:00
WC0601B0044,"Burger, Alan",Bonnie Vogt,WC,2006,5,26,146,3,54,161,94,0,0,Complete,Megin,Megin Boat,Boat,Coastal,49.43595732,-126.0808222,Alans,FR-810D,25,0.75,191,Incoming,199,73,191,,186,193,72,186,,,328,234,,,,5:28:00
WC0601A0045,"Burger, Alan",Jenna Cragg,WC,2006,5,26,146,3,56,172,92,0,0,Complete,Watta,Watta Shore WS,Shore,Coastal,49.43055263,-126.0365331,Trudys (MOE),FR-7111,25,0.75,556,Incoming,587,321,556,,523,548,305,523,,,328,236,,,,5:28:00
WC0601B0047,"Burger, Alan",Bonnie Vogt,WC,2006,5,26,146,20,37,126,37,0,0,Complete,Megin,Megin Boat,Boat,Coastal,49.43595732,-126.0808222,Alans,FR-810D,25,0.75,92,Incoming,92,31,0,,30,88,30,0,,,1274,1237,,,,21:14:00
WC0601A0048,"Burger, Alan",Jenna Cragg,WC,2006,5,26,146,21,11,50,3,27,,Excluded,Watta,Watta Shore WS,Shore,Coastal,49.43055263,-126.0365331,Trudys (MOE),FR-7111,25,0.75,68,Incoming,68,58,0,,52,66,52,0,,RADAR NOT WORKING FOR 1ST 27 MIN,1274,1271,,,,21:14:00
WC0601A0050,"Burger, Alan",Jenna Cragg,WC,2006,5,27,147,3,56,184,91,0,0,Complete,Watta,Watta Shore WS,Shore,Coastal,49.43055263,-126.0365331,Trudys (MOE),FR-7111,25,0.75,777,Incoming,945,516,777,,739,886,463,739,,SMALL AMOUNT OF RAIN AFTER 6:43,327,236,,,,5:27:00
WC0601B0052,"Burger, Alan",Bonnie Vogt,WC,2006,5,27,147,3,58,192,89,0,0,Complete,Megin,Megin Boat,Boat,Coastal,49.43595732,-126.0808222,Alans,FR-810D,25,0.75,283,Incoming,317,210,283,,272,305,193,272,,RAIN BEGAN AT 6:59,327,238,,,,5:27:00
WC0601A0053,"Burger, Alan",Bonnie Vogt,WC,2006,5,27,147,20,16,137,59,0,0,Complete,Pretty Girl Shore,Pretty Girl Shore,Shore,Coastal,49.4740643,-126.2315971,Trudys (MOE),FR-7111,25,0.75,28,Incoming,28,22,0,,22,26,22,0,,,1275,1216,,,,21:15:00
WC0601B0054,"Burger, Alan",Derek L. Shaw,WC,2006,5,27,147,20,37,98,38,0,0,Complete,Sydney,Sydney Boat,Boat,Coastal,49.50064916,-126.2952682,Alans,FR-810D,25,0.5,9,Outgoing,3,9,0,,9,3,9,0,,,1275,1237,,,,21:15:00
WC0601B0055,"Burger, Alan",Derek L. Shaw,WC,2006,5,28,148,3,49,185,97,0,0,Complete,Sydney,Sydney Boat,Boat,Coastal,49.50064916,-126.2952682,Alans,FR-810D,25,0.5,205,Incoming,228,70,205,,198,221,68,198,,,326,229,,,,5:26:00
WC0601A0056,"Burger, Alan",Bonnie Vogt,WC,2006,5,28,148,3,55,247,91,0,0,Complete,Pretty Girl Shore,Pretty Girl Shore,Shore,Coastal,49.4740643,-126.2315971,Trudys (MOE),FR-7111,25,0.75,213,Incoming,242,193,213,,206,234,185,206,,,326,235,,,,5:26:00
WC0601A0057,"Burger, Alan",Bonnie Vogt,WC,2006,5,28,148,20,44,76,32,15,0,Excluded,Pretty Girl Shore,Pretty Girl Shore,Shore,Coastal,49.4740643,-126.2315971,Trudys (MOE),FR-7111,25,0.75,33,Incoming,33,20,0,,20,32,20,0,,20% OF SCREEN OBSCURED FOR LAST 15 MIN,1276,1244,,,,21:16:00
WC0601B0058,"Burger, Alan",Derek L. Shaw,WC,2006,5,28,148,20,45,82,31,15,,Complete,Sydney,Sydney Boat,Boat,Coastal,49.50064916,-126.2952682,Alans,FR-810D,25,0.5,22,Outgoing,11,22,0,,21,10,21,0,,Misty drizzle for approx 15 min; some visibility lost.,1276,1245,,,,21:16:00
WC0601B0059,"Burger, Alan",Derek L. Shaw,WC,2006,5,29,149,3,47,158,99,0,0,Complete,Sydney,Sydney Boat,Boat,Coastal,49.50064916,-126.2952682,Alans,FR-810D,25,0.5,188,Incoming,192,46,188,,182,186,45,182,,"SOME MISTY DRIZZLE, BUT WAS ABLE TO SEE THROUGH WITH GAIN TURNED DOWN",326,227,,,,5:26:00
EV06010006,"Lindsay, Dave",Caeley Thacker,WC,2006,6,2,153,3,15,180,120,0,0,Complete,Kelsey Bay,Kelsey Bay,Shore,Coastal,50.39757329,-125.9607983,CWS 3,FR-8051,12.8,0.75,70,Incoming,73,43,70,,70,73,43,70,,,315,195,,,,5:15:00
WC0601A0060,"Burger, Alan",Marina Milligan,WC,2006,6,5,156,20,52,94,32,0,0,Complete,Tofino Creek,Tofino Creek Shore,Shore,Coastal,49.23265937,-125.6008852,Trudys (MOE),FR-7111,25,0.5,29,Outgoing,9,29,0,,29,9,29,0,,,1284,1252,,,,21:24:00
WC0601B0061,"Burger, Alan",Derek L. Shaw,WC,2006,6,5,156,20,52,94,32,0,0,Complete,Tranquil,Tranquil Boat,Boat,Coastal,49.20871801,-125.6666109,Alans,FR-810D,25,0.75,6,Incoming,6,4,0,,4,6,4,0,,,1284,1252,,,,21:24:00
WC0601A0062,"Burger, Alan",Marina Milligan,WC,2006,6,6,157,3,47,168,93,0,0,Complete,Tofino Creek,Tofino Creek Shore,Shore,Coastal,49.23265937,-125.6008852,Trudys (MOE),FR-7111,25,0.5,195,Incoming,215,74,195,,178,196,72,178,,,320,227,,,,5:20:00
WC0601B0063,"Burger, Alan",Derek L. Shaw,WC,2006,6,6,157,3,48,157,92,0,0,Complete,Tranquil,Tranquil Boat,Boat,Coastal,49.20871801,-125.6666109,Alans,FR-810D,25,0.75,116,Incoming,118,22,116,,113,115,22,113,,,320,228,,,,5:20:00
WC0601B0064,"Burger, Alan",Marina Milligan,WC,2006,6,6,157,20,51,117,33,0,0,Complete,Bedwell,Bedwell Boat 4,Boat,Coastal,49.35553135,-125.7737627,Alans,FR-810D,25,0.75,119,Outgoing,9,119,0,,114,8,114,0,,,1284,1251,,,,21:24:00
WC0601A0065,"Burger, Alan",Bonnie Vogt,WC,2006,6,6,157,20,57,103,27,0,0,Complete,Bulson,Bulson Shore,Shore,Coastal,49.25883313,-125.7290365,Trudys (MOE),FR-7111,25,0.75,69,Outgoing,59,69,0,,68,50,68,0,,,1284,1257,,,,21:24:00
WC0601B0066,"Burger, Alan",Marina Milligan,WC,2006,6,7,158,3,47,155,93,0,0,Complete,Bedwell,Bedwell Boat 4,Boat,Coastal,49.35553135,-125.7737627,Alans,FR-810D,25,0.75,330,Incoming,339,116,330,,300,309,107,300,,,320,227,,,,5:20:00
WC0601A0067,"Burger, Alan",Bonnie Vogt,WC,2006,6,7,158,3,49,178,91,0,0,Complete,Bulson,Bulson Shore,Shore,Coastal,49.25883313,-125.7290365,Trudys (MOE),FR-7111,25,0.75,278,Incoming,286,163,278,,271,279,153,271,,,320,229,,,,5:20:00
WC0601A0068,"Burger, Alan",Bonnie Vogt,WC,2006,6,7,158,20,25,157,60,0,0,Complete,Bulson,Bulson Shore,Shore,Coastal,49.25883313,-125.7290365,Trudys (MOE),FR-7111,25,0.75,117,Outgoing,95,117,0,,110,92,110,0,,,1285,1225,,,,21:25:00
WC0601B0069,"Burger, Alan",Marina Milligan,WC,2006,6,7,158,20,51,125,34,0,0,Complete,Bedwell,Bedwell Boat 4,Boat,Coastal,49.35553135,-125.7737627,Alans,FR-810D,25,0.75,190,Outgoing,39,190,0,,182,34,182,0,,,1285,1251,,,,21:25:00
WC0601B0070,"Burger, Alan",Marina Milligan,WC,2006,6,8,159,3,45,185,95,0,0,Complete,Bedwell,Bedwell Boat 4,Boat,Coastal,49.35553135,-125.7737627,Alans,FR-810D,25,0.75,242,Incoming,252,235,242,,224,234,213,224,,,320,225,,,,5:20:00
WC0601A0071,"Burger, Alan",Bonnie Vogt,WC,2006,6,8,159,3,48,244,92,0,0,Complete,Bulson,Bulson Shore,Shore,Coastal,49.25883313,-125.7290365,Trudys (MOE),FR-7111,25,0.75,415,Incoming,439,295,415,,400,423,280,400,,,320,228,,,,5:20:00
WC0601B0072,"Burger, Alan",Derek L. Shaw,WC,2006,6,8,159,20,47,120,37,0,0,Complete,Moyeha,Moyeha Boat,Boat,Coastal,49.41023544,-125.9135007,Alans,FR-810D,25,0.75,221,Incoming,221,96,0,,94,209,94,0,,,1284,1247,,,,21:24:00
WC0601A0074,"Burger, Alan",Jenna Cragg,WC,2006,6,8,159,20,55,98,31,0,0,Complete,Atleo Shore,Atleo Shore,Shore,Coastal,49.36766103,-126.0598948,Trudys (MOE),FR-7111,25,0.75,40,Outgoing,29,40,0,,38,28,38,0,,,1286,1255,,,,21:26:00
WC0601B0075,"Burger, Alan",Derek L. Shaw,WC,2006,6,9,160,3,45,162,94,0,0,Complete,Moyeha,Moyeha Boat,Boat,Coastal,49.41023544,-125.9135007,Alans,FR-810D,25,0.75,1003,Incoming,1030,417,1003,,941,966,382,941,,,319,225,,,,5:19:00
WC0601A0077,"Burger, Alan",Jenna Cragg,WC,2006,6,9,160,3,50,260,89,0,0,Complete,Atleo Shore,Atleo Shore,Shore,Coastal,49.36766103,-126.0598948,Trudys (MOE),FR-7111,25,0.75,119,Outgoing,89,119,53,,114,83,114,51,,Low tide - poor view of estuary,319,230,,,,5:19:00
WC0601B0078,"Burger, Alan",Derek L. Shaw,WC,2006,6,9,160,20,48,109,39,0,0,Complete,Moyeha,Moyeha Boat,Boat,Coastal,49.41023544,-125.9135007,Alans,FR-810D,25,0.75,143,Outgoing,133,143,0,,136,127,136,0,,,1287,1248,,,,21:27:00
WC0601A0080,"Burger, Alan",Jenna Cragg,WC,2006,6,9,160,20,55,92,32,0,0,Complete,Atleo Shore,Atleo Shore,Shore,Coastal,49.36766103,-126.0598948,Trudys (MOE),FR-7111,25,0.75,35,Incoming,35,25,0,,25,30,25,0,,,1287,1255,,,,21:27:00
WC0601B0081,"Burger, Alan",Derek L. Shaw,WC,2006,6,10,161,3,42,183,97,0,0,Complete,Moyeha,Moyeha Boat,Boat,Coastal,49.41023544,-125.9135007,Alans,FR-810D,25,0.75,759,Incoming,868,375,759,,707,808,351,707,,,319,222,,,,5:19:00
WC0601A0083,"Burger, Alan",Jenna Cragg,WC,2006,6,10,161,3,48,219,91,0,0,Complete,Atleo Shore,Atleo Shore,Shore,Coastal,49.36766103,-126.0598948,Trudys (MOE),FR-7111,25,0.75,116,Outgoing,118,116,90,,108,114,108,88,,Low tide - poor view of estuary,319,228,,,,5:19:00
WC0601A0084,"Burger, Alan",Bonnie Vogt,WC,2006,6,10,161,20,55,114,32,0,0,Complete,Pretty Girl Shore,Pretty Girl Shore,Shore,Coastal,49.4740643,-126.2315971,Trudys (MOE),FR-7111,25,0.75,108,Incoming,108,49,0,,49,98,49,0,,,1287,1255,,,,21:27:00
WC0601B0085,"Burger, Alan",Derek L. Shaw,WC,2006,6,10,161,20,59,89,29,0,0,Complete,Sydney,Sydney Boat,Boat,Coastal,49.50064916,-126.2952682,Alans,FR-810D,25,0.5,18,Incoming,18,12,0,,12,17,12,0,,,1288,1259,,,,21:28:00
WC0601A0086,"Burger, Alan",Bonnie Vogt,WC,2006,6,11,162,3,43,210,96,0,0,Complete,Pretty Girl Shore,Pretty Girl Shore,Shore,Coastal,49.4740643,-126.2315971,Trudys (MOE),FR-7111,25,0.75,296,Incoming,324,210,296,,283,309,201,283,,,319,223,,,,5:19:00
WC0601B0087,"Burger, Alan",Derek L. Shaw,WC,2006,6,11,162,3,49,151,90,0,0,Complete,Sydney,Sydney Boat,Boat,Coastal,49.50064916,-126.2952682,Alans,FR-810D,25,0.5,286,Incoming,316,85,286,286,261,287,79,261,261,,319,229,,,,5:19:00
WC0601A0088,"Burger, Alan",Bonnie Vogt,WC,2006,6,11,162,20,53,113,35,0,0,Complete,Pretty Girl Shore,Pretty Girl Shore,Shore,Coastal,49.4740643,-126.2315971,Trudys (MOE),FR-7111,25,0.75,102,Incoming,102,38,0,,37,89,37,0,,,1288,1253,,,,21:28:00
WC0601B0089,"Burger, Alan",Derek L. Shaw,WC,2006,6,11,162,20,56,103,32,0,0,Complete,Sydney,Sydney Boat,Boat,Coastal,49.50064916,-126.2952682,Alans,FR-810D,25,0.5,16,Outgoing,12,16,0,,14,12,14,0,,,1288,1256,,,,21:28:00
WC0601A0090,"Burger, Alan",Bonnie Vogt,WC,2006,6,12,163,3,42,168,97,0,0,Complete,Pretty Girl Shore,Pretty Girl Shore,Shore,Coastal,49.4740643,-126.2315971,Trudys (MOE),FR-7111,25,0.75,305,Incoming,324,153,305,,286,304,142,286,,,319,222,,,,5:19:00
WC0601B0091,"Burger, Alan",Derek L. Shaw,WC,2006,6,12,163,3,45,154,94,0,0,Complete,Sydney,Sydney Boat,Boat,Coastal,49.50064916,-126.2952682,Alans,FR-810D,25,0.5,106,Incoming,109,68,106,,100,103,66,100,,,319,225,,,,5:19:00
WC0601A0093,"Burger, Alan",Marina Milligan,WC,2006,6,12,163,20,57,96,32,0,0,Complete,Flores #6 Shore,Flores #6 Shore,Shore,Coastal,49.31647688,-126.0789368,Trudys (MOE),FR-7111,25,0.75,14,Incoming,14,7,0,,6,13,6,0,,"Changed settings (offset, radius) often to establish view, see data for records of birds flying in channel",1289,1257,,,,21:29:00
WC0601B0092,"Burger, Alan",Jenna Cragg,WC,2006,6,12,163,20,57,105,32,0,0,Complete,Cypre Boat,Cypre Boat,Boat,Coastal,49.27558113,-125.9041934,Alans,FR-810D,25,0.75,12,Incoming,12,9,0,,9,12,9,0,,See data for birds flying S of Bedingfield Range (towards Bedwell). Boat swinging.,1289,1257,,,,21:29:00
WC0601B0094,"Burger, Alan",Jenna Cragg,WC,2006,6,13,164,3,47,97,91,54,0,Complete,Cypre Boat,Cypre Boat,Boat,Coastal,49.27558113,-125.9041934,Alans,FR-810D,25,0.75,27,Incoming,28,7,27,,26,27,7,26,,Rain for last 54 min of survey (after sunrise),318,227,,,,5:18:00
WC0601A0095,"Burger, Alan",Marina Milligan,WC,2006,6,13,164,3,49,150,89,0,0,Complete,Flores #6 Shore,Flores #6 Shore,Shore,Coastal,49.31647688,-126.0789368,Trudys (MOE),FR-7111,25,0.5,51,Incoming,58,27,51,,47,52,25,47,,Some scatter in 400 m radius around radar due to light precipitation,318,229,,,,5:18:00
WC0601B0096,"Burger, Alan",Jenna Cragg,WC,2006,6,13,164,20,57,96,32,0,0,Complete,Cypre Boat,Cypre Boat,Boat,Coastal,49.27558113,-125.9041934,Alans,FR-810D,25,0.75,3,Outgoing,2,3,0,,3,2,3,0,,Boat swinging,1289,1257,,,,21:29:00
WC0601A0097,"Burger, Alan",Marina Milligan,WC,2006,6,13,164,20,59,108,30,0,0,Complete,Flores #6 Shore,Flores #6 Shore,Shore,Coastal,49.31647688,-126.0789368,Trudys (MOE),FR-7111,25,0.5,15,Incoming,15,15,0,,15,15,15,0,,,1289,1259,,,,21:29:00
WC0601B0098,"Burger, Alan",Jenna Cragg,WC,2006,6,14,165,3,47,218,91,0,0,Complete,Cypre Boat,Cypre Boat,Boat,Coastal,49.27558113,-125.9041934,Alans,FR-810D,25,0.75,15,Outgoing,27,15,12,,14,23,14,12,,"Small amount of rain on and off throughout survey, not obscuring flight paths",318,227,,,,5:18:00
WC0601A0099,"Burger, Alan",Marina Milligan,WC,2006,6,14,165,3,49,204,89,0,0,Complete,Flores #6 Shore,Flores #6 Shore,Shore,Coastal,49.31647688,-126.0789368,Trudys (MOE),FR-7111,25,0.5,56,Outgoing,41,56,18,,54,34,54,18,,,318,229,,,,5:18:00
WC0601B0100,"Burger, Alan",Derek L. Shaw,WC,2006,6,14,165,20,58,59,32,34,,Complete,Boat Basin Boat,Boat Basin Boat,Boat,Coastal,49.47416111,-126.4219741,Alans,FR-810D,25,0.75,67,Outgoing,57,67,0,,61,52,61,0,,Some portion of screen obscured for 34 min; no AV survey,1290,1258,,,,21:30:00
WC0601B0101,"Burger, Alan",Derek L. Shaw,WC,2006,6,15,166,3,46,164,92,0,0,Complete,Boat Basin Boat,Boat Basin Boat,Boat,Coastal,49.47416111,-126.4219741,Alans,FR-810D,25,0.75,280,Incoming,284,131,280,280,273,277,121,273,273,Boat swinging and rough weather (Marina). Could be difficult to detect birds.,318,226,,,,5:18:00
WC0601A0102,"Burger, Alan",Jenna Cragg,WC,2006,6,15,166,3,47,173,91,0,0,Complete,Hesquiat,Hesquiat Point Shore 1,Shore,Coastal,49.41106261,-126.3936527,Trudys (MOE),FR-7111,25,0.5,109,Incoming,124,40,109,109,101,115,36,101,101,Sea scatter a problem. First half of survey at 0.75 nm.,318,227,,,,5:18:00
WC0601A0103,"Burger, Alan",Jenna Cragg,WC,2006,6,16,167,4,19,129,59,0,0,Complete,Hesquiat,Hesquiat Point Shore 1,Shore,Coastal,49.41106261,-126.3936527,Trudys (MOE),FR-7111,25,0.5,64,Incoming,71,28,64,,63,69,24,63,,Started 30 min late due to rain; ended survey early due to technical problem,318,259,,,,5:18:00
WC0601A0104,"Burger, Alan",Jenna Cragg,WC,2006,6,17,168,20,57,133,34,0,0,Complete,Watta,Watta Shore WS,Shore,Coastal,49.43055263,-126.0365331,Trudys (MOE),FR-7111,25,0.75,236,Incoming,236,227,0,,218,216,218,0,,,1291,1257,,,,21:31:00
WC0601B0106,"Burger, Alan",Bonnie Vogt,WC,2006,6,17,168,21,1,114,30,0,0,Complete,Megin,Megin Boat,Boat,Coastal,49.43595732,-126.0808222,Alans,FR-810D,25,0.75,93,Incoming,93,77,0,,74,85,74,0,,,1291,1261,,,,21:31:00
WC0601A0107,"Burger, Alan",Jenna Cragg,WC,2006,6,18,169,3,42,251,96,0,0,Complete,Watta,Watta Shore WS,Shore,Coastal,49.43055263,-126.0365331,Trudys (MOE),FR-7111,25,0.75,538,Incoming,593,449,538,,520,570,418,520,,,318,222,,,,5:18:00
WC0601B0109,"Burger, Alan",Bonnie Vogt,WC,2006,6,18,169,3,46,166,92,0,0,Complete,Megin,Megin Boat,Boat,Coastal,49.43595732,-126.0808222,Alans,FR-810D,25,0.75,316,Incoming,332,127,316,,299,314,117,299,,,318,226,,,,5:18:00
WC0601B0110,"Burger, Alan",Bonnie Vogt,WC,2006,6,18,169,21,1,122,30,0,0,Complete,Megin,Megin Boat,Boat,Coastal,49.43595732,-126.0808222,Alans,FR-810D,25,0.75,126,Incoming,126,98,0,,94,113,94,0,,,1291,1261,,,,21:31:00
WC0601A0111,"Burger, Alan",Jenna Cragg,WC,2006,6,18,169,21,2,126,29,0,0,Complete,Watta,Watta Shore WS,Shore,Coastal,49.43055263,-126.0365331,Trudys (MOE),FR-7111,25,0.75,238,Incoming,238,147,0,,139,221,139,0,,Small amounts of drizzle throughout survey obscuring <15% of screen,1291,1262,,,,21:31:00
WC0601A0113,"Burger, Alan",Jenna Cragg,WC,2006,6,19,170,3,44,212,94,0,0,Complete,Watta,Watta Shore WS,Shore,Coastal,49.43055263,-126.0365331,Trudys (MOE),FR-7111,25,0.75,513,Incoming,536,291,513,,490,512,280,490,,,318,224,,,,5:18:00
WC0601B0115,"Burger, Alan",Bonnie Vogt,WC,2006,6,19,170,3,45,179,93,0,0,Complete,Megin,Megin Boat,Boat,Coastal,49.43595732,-126.0808222,Alans,FR-810D,25,0.75,483,Incoming,497,224,483,483,472,485,207,472,472,,318,225,,,,5:18:00
WC0601A0116,"Burger, Alan",Marina Milligan,WC,2006,6,27,178,21,0,96,32,15,15,Complete,Tofino Creek,Tofino Creek Shore,Shore,Coastal,49.23265937,-125.6008852,Trudys (MOE),FR-7111,25,0.5,52,Outgoing,27,52,0,,48,26,48,0,,Radar sensitivity down for first 15 min of survey but spontaneously fixed itself,1292,1260,,,,21:32:00
WC0601B0117,"Burger, Alan",Derek L. Shaw,WC,2006,6,27,178,21,1,91,31,0,0,Complete,Tranquil,Tranquil Boat,Boat,Coastal,49.20871801,-125.6666109,Alans,FR-810D,25,0.75,8,Incoming,8,6,0,,6,8,6,0,,,1292,1261,,,,21:32:00
WC0601B0118,"Burger, Alan",Derek L. Shaw,WC,2006,6,28,179,3,50,159,91,0,0,Complete,Tranquil,Tranquil Boat,Boat,Coastal,49.20871801,-125.6666109,Alans,FR-810D,25,0.75,191,Incoming,191,48,191,191,185,185,48,185,185,,321,230,,,,5:21:00
WC0601A0119,"Burger, Alan",Marina Milligan,WC,2006,6,28,179,3,51,216,90,0,0,Complete,Tofino Creek,Tofino Creek Shore,Shore,Coastal,49.23265937,-125.6008852,Trudys (MOE),FR-7111,25,0.5,269,Incoming,336,172,269,269,249,314,163,249,249,,321,231,,,,5:21:00
WC0601B0120,"Burger, Alan",Derek L. Shaw,WC,2006,6,28,179,21,1,91,31,0,0,Complete,Tranquil,Tranquil Boat,Boat,Coastal,49.20871801,-125.6666109,Alans,FR-810D,25,0.75,8,Outgoing,5,8,0,,8,5,8,0,,,1292,1261,,,,21:32:00
WC0601A0121,"Burger, Alan",Marina Milligan,WC,2006,6,28,179,21,3,101,29,0,0,Complete,Tofino Creek,Tofino Creek Shore,Shore,Coastal,49.23265937,-125.6008852,Trudys (MOE),FR-7111,25,0.5,45,Outgoing,29,45,0,,45,29,45,0,,,1292,1263,,,,21:32:00
WC0601A0122,"Burger, Alan",Marina Milligan,WC,2006,6,29,180,3,48,207,94,0,0,Complete,Tofino Creek,Tofino Creek Shore,Shore,Coastal,49.23265937,-125.6008852,Trudys (MOE),FR-7111,25,0.5,183,Incoming,209,53,183,,178,203,52,178,,,322,228,,,,5:22:00
WC0601B0123,"Burger, Alan",Derek L. Shaw,WC,2006,6,29,180,3,50,152,92,0,0,Complete,Tranquil,Tranquil Boat,Boat,Coastal,49.20871801,-125.6666109,Alans,FR-810D,25,0.75,158,Incoming,158,30,158,,151,151,30,151,,,322,230,,,,5:22:00
WC0601A0124,"Burger, Alan",Bonnie Vogt,WC,2006,6,29,180,20,59,124,33,0,0,Complete,Bulson,Bulson Shore,Shore,Coastal,49.25883313,-125.7290365,Trudys (MOE),FR-7111,25,0.75,147,Incoming,147,131,0,,125,129,125,0,,,1292,1259,,,,21:32:00
WC0601B0125,"Burger, Alan",Marina Milligan,WC,2006,6,29,180,21,1,117,31,0,0,Complete,Bedwell,Bedwell Boat 4,Boat,Coastal,49.35553135,-125.7737627,Alans,FR-810D,25,0.75,194,Outgoing,111,194,0,,180,97,180,0,,,1292,1261,,,,21:32:00
EV06010016,"Lindsay, Dave",Caeley Thacker,WC,2006,6,30,181,3,13,169,121,11,105,Complete,Kelsey Bay,Kelsey Bay,Shore,Coastal,50.39757329,-125.9607983,CWS 3,FR-8051,12.8,0.75,92,Incoming,92,21,92,,92,92,21,92,,>10 minutes of interference,314,193,,,,5:14:00
WC0601B0126,"Burger, Alan",Marina Milligan,WC,2006,6,30,181,3,49,218,93,0,0,Complete,Bedwell,Bedwell Boat 4,Boat,Coastal,49.35553135,-125.7737627,Alans,FR-810D,25,0.75,379,Incoming,393,214,379,,346,359,206,346,,,322,229,,,,5:22:00
WC0601A0127,"Burger, Alan",Bonnie Vogt,WC,2006,6,30,181,3,50,165,92,0,0,Complete,Bulson,Bulson Shore,Shore,Coastal,49.25883313,-125.7290365,Trudys (MOE),FR-7111,25,0.75,365,Incoming,371,267,365,,336,342,226,336,,,322,230,,,,5:22:00
WC0601A0128,"Burger, Alan",Bonnie Vogt,WC,2006,6,30,181,21,0,115,32,0,0,Complete,Bulson,Bulson Shore,Shore,Coastal,49.25883313,-125.7290365,Trudys (MOE),FR-7111,25,0.75,168,Incoming,168,129,0,,123,156,123,0,,,1292,1260,,,,21:32:00
WC0601B0129,"Burger, Alan",Marina Milligan,WC,2006,6,30,181,21,1,119,31,0,0,Complete,Bedwell,Bedwell Boat 4,Boat,Coastal,49.35553135,-125.7737627,Alans,FR-810D,25,0.75,257,Outgoing,81,257,0,,240,74,240,0,,,1292,1261,,,,21:32:00
WC0601B0130,"Burger, Alan",Marina Milligan,WC,2006,7,1,182,3,48,229,95,0,0,Complete,Bedwell,Bedwell Boat 4,Boat,Coastal,49.35553135,-125.7737627,Alans,FR-810D,25,0.75,556,Incoming,633,314,556,556,504,568,304,504,504,,323,228,,,,5:23:00
WC0601A0131,"Burger, Alan",Bonnie Vogt,WC,2006,7,1,182,3,51,232,92,0,0,Complete,Bulson,Bulson Shore,Shore,Coastal,49.25883313,-125.7290365,Trudys (MOE),FR-7111,25,0.75,421,Outgoing,349,421,260,421,398,339,398,251,400,,323,231,,,,5:23:00
WC0601B0132,"Burger, Alan",Derek L. Shaw,WC,2006,7,1,182,21,0,112,32,0,0,Complete,Moyeha,Moyeha Boat,Boat,Coastal,49.41023544,-125.9135007,Alans,FR-810D,25,0.75,258,Incoming,258,234,0,,223,215,223,0,,,1292,1260,,,,21:32:00
WC0601A0134,"Burger, Alan",Jenna Cragg,WC,2006,7,1,182,21,5,98,27,19,,Excluded,Atleo Shore,Atleo Shore,Shore,Coastal,49.36766103,-126.0598948,Trudys (MOE),FR-7111,25,0.75,55,Incoming,55,37,0,,37,54,37,0,,Lost 19 min at 22:36 due to battery failure. Sea clutter in 500 m radius.,1292,1265,,,,21:32:00
WC0601B0135,"Burger, Alan",Derek L. Shaw,WC,2006,7,2,183,3,49,169,95,0,0,Complete,Moyeha,Moyeha Boat,Boat,Coastal,49.41023544,-125.9135007,Alans,FR-810D,25,0.75,787,Incoming,912,440,787,,707,815,407,707,,,324,229,,,,5:24:00
WC0601A0137,"Burger, Alan",Jenna Cragg,WC,2006,7,2,183,3,52,203,92,0,0,Complete,Atleo Shore,Atleo Shore,Shore,Coastal,49.36766103,-126.0598948,Trudys (MOE),FR-7111,25,0.75,104,Incoming,121,101,104,,97,113,97,96,,,324,232,,,,5:24:00
WC0601B0138,"Burger, Alan",Derek L. Shaw,WC,2006,7,2,183,21,1,106,30,0,0,Complete,Moyeha,Moyeha Boat,Boat,Coastal,49.41023544,-125.9135007,Alans,FR-810D,25,0.75,115,Outgoing,112,115,0,,111,105,111,0,,,1291,1261,,,,21:31:00
WC0601A0140,"Burger, Alan",Jenna Cragg,WC,2006,7,2,183,21,3,110,28,0,0,Complete,Atleo Shore,Atleo Shore,Shore,Coastal,49.36766103,-126.0598948,Trudys (MOE),FR-7111,25,0.75,51,Incoming,51,46,0,,45,46,45,0,,,1291,1263,,,,21:31:00
WC0601A0141,"Burger, Alan",Jenna Cragg,WC,2006,7,3,184,3,49,223,95,0,0,Complete,Atleo Shore,Atleo Shore,Shore,Coastal,49.36766103,-126.0598948,Trudys (MOE),FR-7111,25,0.75,125,Incoming,146,97,125,,118,138,85,118,,,324,229,,,,5:24:00
WC0601B0142,"Burger, Alan",Derek L. Shaw,WC,2006,7,3,184,3,51,169,93,0,0,Complete,Moyeha,Moyeha Boat,Boat,Coastal,49.41023544,-125.9135007,Alans,FR-810D,25,0.75,1306,Incoming,1511,513,1306,1306,1122,1303,455,1122,1122,,324,231,,,,5:24:00
WC0601A0145,"Burger, Alan",Marina Milligan,WC,2006,7,3,184,21,1,92,30,0,0,Complete,Flores #6 Shore,Flores #6 Shore,Shore,Coastal,49.31647688,-126.0789368,Trudys (MOE),FR-7111,25,0.5,28,Incoming,28,20,0,,19,23,19,0,,Birds bypassing over forest parallel to channel,1291,1261,,,,21:31:00
WC0601B0144,"Burger, Alan",Jenna Cragg,WC,2006,7,3,184,21,1,123,30,0,0,Complete,Cypre Boat,Cypre Boat,Boat,Coastal,49.27558113,-125.9041934,Alans,FR-810D,25,0.75,20,Outgoing,19,20,0,,20,19,20,0,,,1291,1261,,,,21:31:00
WC0601A0146,"Burger, Alan",Marina Milligan,WC,2006,7,4,185,3,51,179,94,0,0,Complete,Flores #6 Shore,Flores #6 Shore,Shore,Coastal,49.31647688,-126.0789368,Trudys (MOE),FR-7111,25,0.5,71,Outgoing,77,71,57,71,60,66,60,51,60,Birds bypassing over forest parallel to channel,325,231,,,,5:25:00
WC0601B0147,"Burger, Alan",Jenna Cragg,WC,2006,7,4,185,3,54,165,91,0,0,Complete,Cypre Boat,Cypre Boat,Boat,Coastal,49.27558113,-125.9041934,Alans,FR-810D,25,0.75,36,Incoming,44,34,36,,34,42,33,34,,,325,234,,,,5:25:00
WC0601B0148,"Burger, Alan",Jenna Cragg,WC,2006,7,4,185,21,0,125,31,0,0,Complete,Cypre Boat,Cypre Boat,Boat,Coastal,49.27558113,-125.9041934,Alans,FR-810D,25,0.75,30,Outgoing,17,30,0,,30,16,30,0,,,1291,1260,,,,21:31:00
WC0601A0149,"Burger, Alan",Marina Milligan,WC,2006,7,4,185,21,1,102,30,0,0,Complete,Flores #6 Shore,Flores #6 Shore,Shore,Coastal,49.31647688,-126.0789368,Trudys (MOE),FR-7111,25,0.5,19,Outgoing,17,19,0,,18,13,18,0,,Birds bypassing over forest parallel to channel,1291,1261,,,,21:31:00
WC0601B0150,"Burger, Alan",Jenna Cragg,WC,2006,7,5,186,3,51,197,95,0,0,Complete,Cypre Boat,Cypre Boat,Boat,Coastal,49.27558113,-125.9041934,Alans,FR-810D,25,0.75,78,Outgoing,46,78,28,78,70,45,70,28,70,,326,231,,,,5:26:00
WC0601A0151,"Burger, Alan",Marina Milligan,WC,2006,7,5,186,3,56,182,90,0,0,Complete,Flores #6 Shore,Flores #6 Shore,Shore,Coastal,49.31647688,-126.0789368,Trudys (MOE),FR-7111,25,0.5,62,Incoming,78,59,62,,59,73,53,59,,Birds bypassing over forest parallel to channel,326,236,,,,5:26:00
WC0601B0152,"Burger, Alan",Bonnie Vogt,WC,2006,7,5,186,20,59,108,31,0,0,Complete,Megin,Megin Boat,Boat,Coastal,49.43595732,-126.0808222,Alans,FR-810D,25,0.75,78,Incoming,78,61,0,,56,72,56,0,,Boat swinging and scatter along header line.,1290,1259,,,,21:30:00
WC0601A0153,"Burger, Alan",Jenna Cragg,WC,2006,7,5,186,21,2,113,28,0,0,Complete,Watta,Watta Shore WS,Shore,Coastal,49.43055263,-126.0365331,Trudys (MOE),FR-7111,25,0.75,145,Outgoing,144,145,0,,144,140,144,0,,,1290,1262,,,,21:30:00
WC0601A0155,"Burger, Alan",Jenna Cragg,WC,2006,7,6,187,3,50,202,97,0,0,Complete,Watta,Watta Shore WS,Shore,Coastal,49.43055263,-126.0365331,Trudys (MOE),FR-7111,25,0.75,885,Incoming,920,331,885,885,820,855,315,820,820,,327,230,,,,5:27:00
WC0601B0157,"Burger, Alan",Bonnie Vogt,WC,2006,7,6,187,3,58,164,89,0,0,Complete,Megin,Megin Boat,Boat,Coastal,49.43595732,-126.0808222,Alans,FR-810D,25,0.75,347,Incoming,358,72,347,,335,346,68,335,,Boat swinging and scatter along header line.,327,238,,,,5:27:00
WC0601A0158,"Burger, Alan",Jenna Cragg,WC,2006,7,6,187,20,58,114,32,0,0,Complete,Watta,Watta Shore WS,Shore,Coastal,49.43055263,-126.0365331,Trudys (MOE),FR-7111,25,0.75,66,Incoming,66,46,0,,46,64,46,0,,Boat swinging and scatter along header line.,1290,1258,,,,21:30:00
WC0601B0159,"Burger, Alan",Bonnie Vogt,WC,2006,7,6,187,20,58,110,32,0,0,Complete,Megin,Megin Boat,Boat,Coastal,49.43595732,-126.0808222,Alans,FR-810D,25,0.75,125,Incoming,125,60,0,,58,120,58,0,,,1290,1258,,,,21:30:00
WC0601A0161,"Burger, Alan",Jenna Cragg,WC,2006,7,7,188,3,55,194,92,0,0,Complete,Watta,Watta Shore WS,Shore,Coastal,49.43055263,-126.0365331,Trudys (MOE),FR-7111,25,0.75,801,Incoming,840,340,801,,764,802,330,764,,,327,235,,,,5:27:00
WC0601B0163,"Burger, Alan",Bonnie Vogt,WC,2006,7,7,188,3,57,193,90,0,0,Complete,Megin,Megin Boat,Boat,Coastal,49.43595732,-126.0808222,Alans,FR-810D,25,0.75,284,Incoming,324,183,284,,276,314,172,276,,Boat swinging and scatter along header line.,327,237,,,,5:27:00
WC0601A0164,"Burger, Alan",Jenna Cragg,WC,2006,7,7,188,20,58,81,31,10,0,Complete,Hesquiat,Hesquiat Point Shore 2,Shore,Coastal,49.41299623,-126.4075869,Trudys (MOE),FR-7111,25,0.75,8,Incoming,8,2,0,,2,8,2,0,,"Missed approx 10 min due to rain (not during peak). Radar view is poor, can't see landmarks",1289,1258,,,,21:29:00
WC0601B0165,"Burger, Alan",Derek L. Shaw,WC,2006,7,7,188,20,59,96,30,0,0,Complete,Boat Basin Boat,Boat Basin Boat,Boat,Coastal,49.47416111,-126.4219741,Alans,FR-810D,25,0.75,106,Outgoing,35,106,0,,103,34,103,0,,,1289,1259,,,,21:29:00
WC0601B0166,"Burger, Alan",Derek L. Shaw,WC,2006,7,8,189,20,59,101,30,0,0,Complete,Boat Basin Boat,Boat Basin Boat,Boat,Coastal,49.47416111,-126.4219741,Alans,FR-810D,25,0.75,102,Outgoing,85,102,0,,99,76,99,0,,,1289,1259,,,,21:29:00
WC0601A0167,"Burger, Alan",Jenna Cragg,WC,2006,7,8,189,21,2,87,27,0,0,Complete,Hesquiat,Hesquiat Point Shore 2,Shore,Coastal,49.41299623,-126.4075869,Trudys (MOE),FR-7111,25,0.75,17,Incoming,17,4,0,,4,16,4,0,,"Radar view poor, can't see landmarks. High swell visible on screen in 300 m radius.",1289,1262,,,,21:29:00
WC0601A0168,"Burger, Alan",Jenna Cragg,WC,2006,7,9,190,3,55,154,94,0,0,Complete,Hesquiat,Hesquiat Point Shore 2,Shore,Coastal,49.41299623,-126.4075869,Trudys (MOE),FR-7111,25,0.75,41,Incoming,48,21,41,41,39,46,18,39,39,"Radar view poor, can't see landmarks",329,235,,,,5:29:00
WC0601B0169,"Burger, Alan",Derek L. Shaw,WC,2006,7,9,190,3,57,181,92,0,0,Complete,Boat Basin Boat,Boat Basin Boat,Boat,Coastal,49.47416111,-126.4219741,Alans,FR-810D,25,0.75,159,Incoming,162,133,159,,149,152,128,149,,,329,237,,,,5:29:00
WC0601A0170,"Burger, Alan",Bonnie Vogt,WC,2006,7,9,190,20,58,109,30,0,0,Complete,Pretty Girl Shore,Pretty Girl Shore,Shore,Coastal,49.4740643,-126.2315971,Trudys (MOE),FR-7111,25,0.75,69,Incoming,69,37,0,,37,65,37,0,,,1288,1258,,,,21:28:00
WC0601B0171,"Burger, Alan",Derek L. Shaw,WC,2006,7,9,190,20,58,94,30,0,0,Complete,Sydney,Sydney Boat,Boat,Coastal,49.50064916,-126.2952682,Alans,FR-810D,25,0.5,31,Outgoing,3,31,0,,30,3,30,0,,,1288,1258,,,,21:28:00
WC0601B0172,"Burger, Alan",Derek L. Shaw,WC,2006,7,10,191,3,58,152,92,0,0,Complete,Sydney,Sydney Boat,Boat,Coastal,49.50064916,-126.2952682,Alans,FR-810D,25,0.5,112,Incoming,130,74,112,,108,123,72,108,,,330,238,,,,5:30:00
WC0601A0173,"Burger, Alan",Bonnie Vogt,WC,2006,7,10,191,3,59,199,91,0,0,Complete,Pretty Girl Shore,Pretty Girl Shore,Shore,Coastal,49.4740643,-126.2315971,Trudys (MOE),FR-7111,25,0.75,332,Incoming,362,258,332,,325,354,248,325,,Lots of circling over water and W flight path made detecting outgoing W birds difficult,330,239,,,,5:30:00
WC0601A0174,"Burger, Alan",Bonnie Vogt,WC,2006,7,10,191,20,57,103,30,0,0,Complete,Pretty Girl Shore,Pretty Girl Shore,Shore,Coastal,49.4740643,-126.2315971,Trudys (MOE),FR-7111,25,0.75,81,Incoming,81,47,0,,46,78,46,0,,,1287,1257,,,,21:27:00
WC0601B0175,"Burger, Alan",Derek L. Shaw,WC,2006,7,10,191,21,0,90,27,0,0,Complete,Sydney,Sydney Boat,Boat,Coastal,49.50064916,-126.2952682,Alans,FR-810D,25,0.5,28,Outgoing,10,28,0,,27,10,27,0,,,1287,1260,,,,21:27:00
WC0601B0176,"Burger, Alan",Derek L. Shaw,WC,2006,7,11,192,3,59,141,92,10,,Complete,Sydney,Sydney Boat,Boat,Coastal,49.50064916,-126.2952682,Alans,FR-810D,25,0.5,122,Incoming,134,58,122,,110,129,57,110,,"Some rain in pre and post sunrise, but not enough to discount survey",331,239,,,,5:31:00
WC0601A0177,"Burger, Alan",Bonnie Vogt,WC,2006,7,11,192,4,0,162,91,7,7,Complete,Pretty Girl Shore,Pretty Girl Shore,Shore,Coastal,49.4740643,-126.2315971,Trudys (MOE),FR-7111,25,0.75,337,Incoming,366,131,337,337,330,356,122,330,330,"Lost 7 min presunrise to dead battery, ended early due to dead battery.",331,240,,,,5:31:00
EV06010021,"Lindsay, Dave",Lana Cortese,WC,2006,7,18,199,3,25,185,125,0,0,Complete,Kelsey Bay,Kelsey Bay,Shore,Coastal,50.39757329,-125.9607983,CWS 3,FR-8051,12.8,0.75,44,Incoming,46,21,44,,44,46,21,44,,,330,205,,,,5:30:00
EV06010022,"Lindsay, Dave",Caeley Thacker,WC,2006,7,19,200,3,26,185,125,0,0,Complete,Kelsey Bay,Kelsey Bay,Shore,Coastal,50.39757329,-125.9607983,CWS 3,FR-8051,12.8,0.75,139,Incoming,139,26,139,139,139,139,26,139,139,,331,206,,,,5:31:00
EV06010026,"Lindsay, Dave",Caeley Thacker,WC,2006,8,1,213,3,48,180,120,0,0,Complete,Kelsey Bay,Kelsey Bay,Shore,Coastal,50.39757329,-125.9607983,CWS 3,FR-8051,12.8,0.75,14,Incoming,18,10,14,,14,18,10,14,,,348,228,,,,5:48:00
EV07010008,"Lindsay, Dave",Caeley Thacker,WC,2007,6,15,166,3,10,180,120,0,0,Complete,Kelsey Bay,Kelsey Bay,Shore,Coastal,50.39757329,-125.9607983,CWS 3,FR-8051,12.8,0.75,37,Incoming,37,14,37,,37,37,14,37,,,310,190,,,,5:10:00
WC07010001,"Bertram, Doug",Bernard K. Schroeder,WC,2007,6,18,169,3,14,191,120,18,,Complete,Nitinat,Nitinat Village (Nitinat River),Shore,Inland,48.80846174,-124.6753745,CWS 6 (Dunbar),FR-7112,25,0.75,383,Incoming,414,132,383,383,330,354,96,330,330,"A/V Nitinat camp beach, seawind & wave action - high noise",314,194,383,,,5:14:00
WC07010002,"Bertram, Doug",Bernard K. Schroeder,WC,2007,6,20,171,3,16,180,120,0,0,Complete,Bulson,Bulson Boat,Boat,Coastal,49.25451394,-125.7324817,CWS 6 (Dunbar),FR-7112,25,0.75,263,Incoming,273,177,263,,217,226,134,217,,,316,196,261,2,30,5:16:00
WC07010003,"Bertram, Doug",Bernard K. Schroeder,WC,2007,6,20,171,22,0,-30,0,60,,Excluded,Bulson,Bulson Boat,Boat,Coastal,49.25451394,-125.7324817,CWS 6 (Dunbar),FR-7112,25,0.75,0,,0,0,0,,0,0,0,0,,"SE winds, heavy rain continuous throughout evening survey session - RAIN OUT",315,1320,,,,5:15:00
EV07010011,"Lindsay, Dave",Roxanne Tripp,WC,2007,6,21,172,3,10,181,121,0,0,Complete,Kelsey Bay,Kelsey Bay,Shore,Coastal,50.39757329,-125.9607983,CWS 3,FR-8051,12.8,0.75,17,Incoming,18,7,17,,17,18,7,17,,,311,190,,,,5:11:00
WC07010004,"Bertram, Doug",Bernard K. Schroeder,WC,2007,6,21,172,3,15,139,120,42,,Complete,Bulson,Bulson Boat,Boat,Coastal,49.25451394,-125.7324817,CWS 6 (Dunbar),FR-7112,25,0.75,308,Incoming,330,106,308,308,287,304,70,287,287,,315,195,308,,,5:15:00
WC07010005,"Bertram, Doug",Bernard K. Schroeder,WC,2007,6,21,172,21,31,95,1,0,0,Complete,Bedwell,Bedwell Boat 4,Boat,Coastal,49.35556733,-125.7741366,CWS 6 (Dunbar),FR-7112,25,0.75,219,Outgoing,90,219,0,,155,71,155,0,,,1292,1291,,,,21:32:00
WC07010006,"Bertram, Doug",Bernard K. Schroeder,WC,2007,6,22,173,3,16,194,120,15,,Complete,Bedwell,Bedwell Boat 4,Boat,Coastal,49.35556733,-125.7741366,CWS 6 (Dunbar),FR-7112,25,0.75,423,Incoming,434,237,423,423,294,304,185,294,294,,316,196,421,2,30,5:16:00
WC07010007,"Bertram, Doug",Bernard K. Schroeder,WC,2007,6,23,174,3,17,154,120,37,,Complete,Bedwell,Bedwell Boat 4,Boat,Coastal,49.35556733,-125.7741366,CWS 6 (Dunbar),FR-7112,25,0.75,225,Incoming,241,152,225,,193,205,102,193,,,317,197,225,,,5:17:00
WC07010008,"Bertram, Doug",Bernard K. Schroeder,WC,2007,6,23,174,21,5,40,28,9,,Complete,Moyeha,Moyeha Boat,Boat,Coastal,49.40965083,-125.9134936,CWS 6 (Dunbar),FR-7112,25,0.75,21,Outgoing,20,21,0,,17,14,17,0,,RAIN,1293,1265,,,,21:33:00
WC07010009,"Bertram, Doug",Bernard K. Schroeder,WC,2007,6,24,175,3,17,191,120,19,,Complete,Moyeha,Moyeha Boat,Boat,Coastal,49.40965083,-125.9134936,CWS 6 (Dunbar),FR-7112,25,0.75,558,Incoming,571,283,558,558,482,492,202,482,482,,317,197,556,2,30,5:17:00
WC07010010,"Bertram, Doug",Bernard K. Schroeder,WC,2007,6,25,176,3,17,183,121,0,0,Complete,Moyeha,Moyeha Boat,Boat,Coastal,49.40965083,-125.9134936,CWS 6 (Dunbar),FR-7112,25,0.75,489,Incoming,491,241,489,,412,413,180,412,,,318,197,488,1,31,5:18:00
WC07010011,"Bertram, Doug",Bernard K. Schroeder,WC,2007,6,25,176,21,9,85,25,0,0,Complete,Watta,Watta Boat,Boat,Coastal,49.42643892,-126.0413466,CWS 6 (Dunbar),FR-7112,25,0.75,85,Incoming,85,79,0,,49,63,49,0,,,1294,1269,,,,21:34:00
WC07010012,"Bertram, Doug",Bernard K. Schroeder,WC,2007,6,26,177,3,18,186,120,0,0,Complete,Watta,Watta Boat,Boat,Coastal,49.42643892,-126.0413466,CWS 6 (Dunbar),FR-7112,25,0.75,420,Incoming,425,153,420,420,334,338,100,334,334,,318,198,415,5,30,5:18:00
WC07010013,"Bertram, Doug",Bernard K. Schroeder,WC,2007,6,27,178,3,18,184,120,0,0,Complete,Watta,Watta Boat,Boat,Coastal,49.42643892,-126.0413466,CWS 6 (Dunbar),FR-7112,25,0.75,399,Incoming,413,181,399,,324,334,126,324,,,318,198,399,,,5:18:00
WC07010014,"Bertram, Doug",Bernard K. Schroeder,WC,2007,6,27,178,3,19,60,120,60,,Excluded,Megin,Megin,Shore,Coastal,49.435155,-126.078648,CWS 6 (Dunbar),FR-7112,25,0.75,0,,0,0,0,,0,0,0,0,,RAINOUT,319,199,,,,5:19:00
WC07010015,"Bertram, Doug",Bernard K. Schroeder,WC,2007,6,28,179,3,19,30,120,90,,Excluded,Megin,Megin,Shore,Coastal,49.435155,-126.078648,CWS 6 (Dunbar),FR-7112,25,0.75,64,Incoming,65,0,64,,59,60,0,59,,RAINOUT,319,199,64,,,5:19:00
WC07010017,"Bertram, Doug",Bernard K. Schroeder,WC,2007,6,29,180,3,19,238,120,0,0,Complete,Megin,Megin,Shore,Coastal,49.435155,-126.078648,CWS 6 (Dunbar),FR-7112,25,0.75,278,Incoming,286,163,278,278,210,216,103,210,210,,319,199,268,10,30,5:19:00
WC07010016,"Bertram, Doug",Derek L. Shaw,WC,2007,6,29,180,21,19,80,0,10,,Complete,Tahsis,Tahsis,Shore,Coastal,49.911711,-126.661572,CWS 6 (Dunbar),FR-7112,25,0.75,111,Outgoing,34,111,0,,98,28,98,0,,,319,1279,,,,5:19:00
WC07010018,"Bertram, Doug",Derek L. Shaw,WC,2007,7,1,182,3,20,181,121,0,0,Complete,Tahsis,Tahsis,Shore,Coastal,49.911711,-126.661572,CWS 6 (Dunbar),FR-7112,25,0.75,156,Incoming,159,124,156,,123,126,108,123,,,321,200,152,4,31,5:21:00
WC07010019,"Bertram, Doug",SAM,WC,2007,7,1,182,21,8,42,0,32,,Excluded,Power,Power 2,Shore,Coastal,50.174144,-127.476858,CWS 6 (Dunbar),FR-7112,25,0.75,15,Outgoing,11,15,0,,12,9,12,0,,RAINOUT,321,1268,,,,5:21:00
WC07010020,"Bertram, Doug",Derek L. Shaw,WC,2007,7,2,183,3,17,165,124,8,,Complete,Power,Power 2,Shore,Coastal,50.174144,-127.476858,CWS 6 (Dunbar),FR-7112,25,0.75,173,Incoming,174,85,173,,160,161,76,160,,,321,197,172,1,34,5:21:00
WC07010021,"Bertram, Doug",Derek L. Shaw,WC,2007,7,2,183,3,20,181,121,0,0,Excluded,Tahsis,Tahsis,Shore,Coastal,49.91171161,-126.661572,CWS 6 (Dunbar),FR-7112,25,0.75,0,,0,0,0,,0,0,0,0,,RAINOUT,321,200,,,,5:21:00
WC07010022,"Bertram, Doug",Derek L. Shaw,WC,2007,7,3,184,3,18,79,124,35,,Complete,Power,Power 2,Shore,Coastal,50.174144,-127.476858,CWS 6 (Dunbar),FR-7112,25,0.75,177,Incoming,177,3,177,,150,150,3,150,,,322,198,177,,,5:22:00
WC07010023,"Bertram, Doug",Bernard K. Schroeder,WC,2007,7,4,185,3,20,191,120,0,0,Complete,Nitinat,Nitinat Village (Nitinat River),Shore,Inland,48.80846174,-124.6753745,CWS 6 (Dunbar),FR-7112,25,0.75,188,Outgoing,163,188,152,,129,138,124,129,,,320,200,152,,,5:20:00
WC07010024,"Bertram, Doug",SAM,WC,2007,7,4,185,21,9,94,0,0,0,Complete,Klaskish,Klaskish 2,Shore,Coastal,50.23637391,-127.7694718,CWS 6 (Dunbar),FR-7112,25,0.75,97,Incoming,97,18,0,,16,77,16,0,,,320,1269,,,,5:20:00
WC07010025,"Bertram, Doug",Derek L. Shaw,WC,2007,7,5,186,3,18,194,123,0,0,Complete,Klaskish,Klaskish 2,Shore,Coastal,50.23637391,-127.7694718,CWS 6 (Dunbar),FR-7112,25,0.75,408,Incoming,416,318,408,408,345,352,271,345,345,,321,198,404,4,33,5:21:00
WC07010026,"Bertram, Doug",Bernard K. Schroeder,WC,2007,7,5,186,3,20,218,121,0,0,Complete,Nitinat,Nitinat Village (Nitinat River),Shore,Inland,48.80846174,-124.6753745,CWS 6 (Dunbar),FR-7112,25,0.75,241,Incoming,246,204,241,,175,180,135,175,,,321,200,239,2,31,5:21:00
WC07010027,"Bertram, Doug",Derek L. Shaw,WC,2007,7,6,187,3,20,182,124,0,0,Complete,Klaskish,Klaskish 2,Shore,Coastal,50.23637391,-127.7694718,CWS 6 (Dunbar),FR-7112,25,0.75,351,Incoming,356,229,351,,300,304,187,300,,,324,200,334,17,34,5:24:00
WC07010029,"Bertram, Doug",Bernard K. Schroeder,WC,2007,7,6,187,3,20,203,123,0,0,Complete,Toquart,Toquart 3,Shore,Coastal,49.02036817,-125.3594379,CWS 6 (Dunbar),FR-7112,25,0.75,434,Incoming,469,218,434,434,349,376,155,349,349,,323,200,421,13,33,5:23:00
WC07010030,"Bertram, Doug",SAM,WC,2007,7,6,187,21,7,93,0,0,0,Complete,Tahsish Inlet,Tahsish Inlet NW,Shore,Coastal,50.13414757,-127.1025012,CWS 6 (Dunbar),FR-7112,25,0.75,56,Incoming,56,26,0,,24,45,24,0,,,323,1267,,,,5:23:00
WC07010028,"Bertram, Doug",Derek L. Shaw,WC,2007,7,7,188,3,20,190,125,0,0,Complete,Tahsish Inlet,Tahsish Inlet NW,Shore,Coastal,50.13414757,-127.1025012,CWS 6 (Dunbar),FR-7112,25,0.75,403,Incoming,403,169,403,,310,310,143,310,,,325,200,375,28,35,5:25:00
WC07010031,"Bertram, Doug",Bernard K. Schroeder,WC,2007,7,8,189,3,26,53,120,84,,Complete,Tahsis,Tahsis,Shore,Coastal,49.911711,-126.661572,CWS 6 (Dunbar),FR-7112,25,0.75,222,Incoming,236,81,222,222,154,164,50,154,154,,326,206,181,41,30,5:26:00
WC07010032,"Bertram, Doug",Bernard K. Schroeder,WC,2007,7,9,190,3,57,210,90,0,0,Complete,Tahsis,Tahsis,Shore,Coastal,49.911711,-126.661572,CWS 6 (Dunbar),FR-7112,25,0.75,178,Outgoing,99,178,84,,114,78,114,67,,,327,237,84,,,5:27:00
WC07010033,"Bertram, Doug",Bernard K. Schroeder,WC,2007,7,10,191,3,29,181,120,0,0,Complete,Power,Power 2,Shore,Coastal,50.175741,-127.472493,CWS 6 (Dunbar),FR-7112,25,0.75,370,Outgoing,297,370,294,370,244,246,233,244,244,,329,209,287,7,30,5:29:00
WC07010034,"Bertram, Doug",Bernard K. Schroeder,WC,2007,7,11,192,3,30,181,121,0,0,Complete,Power,Power 2,Shore,Coastal,50.175741,-127.472493,CWS 6 (Dunbar),FR-7112,25,0.75,312,Outgoing,263,312,263,,211,205,211,205,,,331,210,246,17,31,5:31:00
WC07010035,"Bertram, Doug",Bernard K. Schroeder,WC,2007,7,12,193,3,40,173,113,0,0,Excluded,Klaskish,Klaskish 3,Shore,Coastal,50.23352468,-127.7645673,CWS 6 (Dunbar),FR-7112,25,0.75,208,Outgoing,202,208,189,,147,152,147,143,,moved in morning before survey from McDougall Island to the Klaskish Anchorage due to high SE winds blowing boat off anchorage,333,220,174,15,23,5:33:00
WC07010036,"Bertram, Doug",Bernard K. Schroeder,WC,2007,7,13,194,3,26,198,128,0,0,Complete,Klaskish,Klaskish 3,Shore,Coastal,50.23352468,-127.7645673,CWS 6 (Dunbar),FR-7112,25,0.75,486,Incoming,494,329,486,486,387,393,205,387,387,,334,206,406,80,38,5:34:00
WC07010037,"Bertram, Doug",Bernard K. Schroeder,WC,2007,7,14,195,3,28,217,125,0,0,Complete,Tahsish Inlet,Tahsish Inlet NW,Shore,Coastal,50.13414757,-127.1025012,CWS 6 (Dunbar),FR-7112,25,0.75,419,Incoming,422,156,419,419,322,323,110,322,344,,333,208,403,16,35,5:33:00
WC07010038,"Bertram, Doug",Bernard K. Schroeder,WC,2007,7,15,196,3,32,184,122,0,0,Complete,Tahsish Inlet,Tahsish Inlet NW,Shore,Coastal,50.13414757,-127.1025012,CWS 6 (Dunbar),FR-7112,25,0.75,412,Incoming,425,33,412,,344,354,23,344,,,334,212,409,3,32,5:34:00
EV07010022,"Lindsay, Dave",Roxanne Tripp,WC,2007,7,17,198,3,29,169,120,11,0,Complete,Kelsey Bay,Kelsey Bay,Shore,Coastal,50.39757329,-125.9607983,CWS 3,FR-8051,12.8,0.75,11,Incoming,11,4,11,,11,11,4,11,,>10 minutes of interference,329,209,,,,5:29:00
WC07010039,"Bertram, Doug",Bernard K. Schroeder,WC,2007,7,17,198,3,30,234,125,0,0,Complete,Watta,Watta Boat,Boat,Coastal,49.42643892,-126.0413466,CWS 6 (Dunbar),FR-7112,25,0.75,163,Incoming,199,162,163,,125,147,107,125,,,335,210,163,,,5:35:00
EV07010023,"Lindsay, Dave",Roxanne Tripp,WC,2007,7,18,199,3,30,169,120,11,0,Complete,Kelsey Bay,Kelsey Bay,Shore,Coastal,50.39757329,-125.9607983,CWS 3,FR-8051,12.8,0.75,40,Incoming,40,11,40,40,40,40,11,40,40,>10 minutes of interference,330,210,,,,5:30:00
WC07010040,"Bertram, Doug",Bernard K. Schroeder,WC,2007,7,21,202,3,38,143,120,37,,Excluded,Toquart,Toquart 4,Shore,Coastal,49.01958475,-125.3581561,CWS 6 (Dunbar),FR-7112,25,0.75,94,Incoming,108,21,94,94,75,84,14,75,75,RAINOUT,338,218,91,3,30,5:38:00
WC07010041,"Bertram, Doug",Bernard K. Schroeder,WC,2007,7,22,203,3,40,149,119,60,,Excluded,Toquart,Toquart 5,Shore,Coastal,49.02005892,-125.3591634,CWS 6 (Dunbar),FR-7112,25,0.75,43,Incoming,60,41,43,43,35,48,27,35,35,RAINOUT,339,220,43,,,5:39:00
WC07010042,"Bertram, Doug",Derek L. Shaw,WC,2007,7,23,204,3,40,158,124,26,,Excluded,Bulson,Bulson,Shore,Coastal,49.25366679,-125.7333008,CWS 6 (Dunbar),FR-7112,25,0.75,35,Incoming,37,24,35,,32,34,22,32,,low visibility due to fog,344,220,35,,,5:44:00
WC07010043,"Bertram, Doug",Derek L. Shaw,WC,2007,7,24,205,3,41,184,124,0,0,Complete,Bulson,Bulson,Shore,Coastal,49.25366679,-125.7333008,CWS 6 (Dunbar),FR-7112,25,0.75,42,Outgoing,37,42,36,42,38,33,38,32,38,some fog,345,221,36,,,5:45:00
WC07010044,"Bertram, Doug",Derek L. Shaw,WC,2007,7,25,206,3,42,194,124,0,0,Complete,Bedwell,Bedwell Boat 4,Boat,Coastal,49.35543433,-125.7751758,CWS 6 (Dunbar),FR-7112,25,0.75,68,Outgoing,58,68,58,,60,54,60,54,,,346,222,57,1,34,5:46:00
WC07010045,"Bertram, Doug",Derek L. Shaw,WC,2007,7,26,207,3,47,204,120,0,0,Complete,Bedwell,Bedwell Boat 4,Boat,Coastal,49.35543433,-125.7751758,CWS 6 (Dunbar),FR-7112,25,0.75,117,Incoming,121,94,117,,100,104,85,100,,,347,227,116,1,30,5:47:00
WC07010046,"Bertram, Doug",Derek L. Shaw,WC,2007,7,27,208,3,44,191,125,0,0,Complete,Moyeha,Moyeha Boat,Boat,Coastal,49.409826,-125.913297,CWS 6 (Dunbar),FR-7112,25,0.75,106,Incoming,107,61,106,,89,90,54,89,,,349,224,106,,,5:49:00
WC07010047,"Bertram, Doug",Derek L. Shaw,WC,2007,7,28,209,4,43,128,67,0,0,Complete,Megin,Megin,Shore,Coastal,49.433596,-126.078562,CWS 6 (Dunbar),FR-7112,25,0.75,49,Incoming,56,30,49,,41,48,24,41,,,350,283,49,,,5:50:00
WC07010048,"Bertram, Doug",Derek L. Shaw,WC,2007,7,29,210,3,49,203,123,0,0,Complete,Megin,Megin,Shore,Coastal,49.433596,-126.078562,CWS 6 (Dunbar),FR-7112,25,0.75,67,Incoming,73,39,67,,58,64,32,58,,plus 2 MAMU circling,352,229,67,,,5:52:00
EV07010028,"Lindsay, Dave",Caeley Thacker,WC,2007,8,1,213,3,48,169,120,11,0,Complete,Kelsey Bay,Kelsey Bay,Shore,Coastal,50.39757329,-125.9607983,CWS 3,FR-8051,12.8,0.75,39,Incoming,39,3,39,,39,39,3,39,,>10 minutes of interference,348,228,,,,5:48:00
EV08010009,"Lindsay, Dave",Jaylene Goorts,WC,2008,6,19,171,3,10,180,120,0,0,Complete,Kelsey Bay,Kelsey Bay,Shore,Coastal,50.39757329,-125.9607983,CWS 3,FR-8051,12.8,0.75,88,Incoming,89,41,88,88,88,89,41,88,88,,310,190,,,,5:10:00
EV08010014,"Lindsay, Dave",Roxanne Tripp,WC,2008,7,4,186,3,17,147,120,33,0,Complete,Kelsey Bay,Kelsey Bay,Shore,Coastal,50.39757329,-125.9607983,CWS 3,FR-8051,12.8,0.75,66,Incoming,69,7,66,,66,69,7,66,,,317,197,,,,5:17:00
EV08010025,"Lindsay, Dave",Jaylene Goorts,WC,2008,7,30,212,3,57,157,109,10,0,Complete,Kelsey Bay,Kelsey Bay,Shore,Coastal,50.39757329,-125.9607983,CWS 3,FR-8051,12.8,0.75,43,Incoming,43,8,43,,43,43,8,43,,,346,237,,,,5:46:00
EV08010026,"Lindsay, Dave",Roxanne Tripp,WC,2008,7,31,213,3,47,180,120,0,0,Complete,Kelsey Bay,Kelsey Bay,Shore,Coastal,50.39757329,-125.9607983,CWS 3,FR-8051,12.8,0.75,26,Incoming,26,13,26,,26,26,13,26,,,347,227,,,,5:47:00
WC09010001,"Bertram, Doug",Derek L. Shaw,WC,2009,5,18,138,20,37,99,31,0,0,Complete,Bulson,Bulson Boat,Boat,Coastal,49.25428587,-125.7322354,CWS 6 (Dunbar),FR-7112,25,0.75,40,Incoming,40,25,0,,19,32,19,0,,,1268,1237,,,,21:08:00
WC09010002,"Bertram, Doug",Derek L. Shaw,WC,2009,5,19,139,4,8,147,91,3,,Complete,Bulson,Bulson Boat,Boat,Coastal,49.25428587,-125.7322354,CWS 6 (Dunbar),FR-7112,25,0.75,170,Incoming,179,48,170,,154,162,45,154,,,339,248,170,,,5:39:00
WC09010043,"Bertram, Doug",Bernard K. Schroeder,WC,2009,5,20,140,3,36,180,120,0,0,Complete,Toquart,Toquart 5,Shore,Coastal,49.02005892,-125.3591634,CWS 6 (Dunbar),FR-7112,25,0.75,294,Incoming,295,141,294,294,243,244,100,243,243,,336,216,291,3,30,5:36:00
WC09010003,"Bertram, Doug",Derek L. Shaw,WC,2009,5,20,140,4,11,147,87,0,0,Complete,Bulson,Bulson Boat,Boat,Coastal,49.25428587,-125.7322354,CWS 6 (Dunbar),FR-7112,25,0.75,186,Incoming,187,85,186,,152,153,80,152,,,338,251,186,,,5:38:00
WC09010004,"Bertram, Doug",Stacey Mole,WC,2009,5,20,140,20,38,93,23,0,0,Complete,Bedwell,Bedwell Boat 4,Boat,Coastal,49.35551585,-125.7751529,CWS 6 (Dunbar),FR-7112,25,0.75,23,Outgoing,9,23,0,,21,7,21,0,,,1261,1238,,,,21:01:00
WC09010044,"Bertram, Doug",Bernard K. Schroeder,WC,2009,5,21,141,3,53,164,102,0,0,Complete,Toquart,Toquart 5,Shore,Coastal,49.02005892,-125.3591634,CWS 6 (Dunbar),FR-7112,25,0.75,204,Outgoing,196,204,196,,147,147,123,147,,,335,233,194,73,12,5:35:00
WC09010005,"Bertram, Doug",Stacey Mole,WC,2009,5,21,141,4,5,153,92,0,0,Complete,Bedwell,Bedwell Boat 4,Boat,Coastal,49.35551585,-125.7751529,CWS 6 (Dunbar),FR-7112,25,0.75,160,Incoming,160,72,160,,142,142,64,142,,,337,245,160,,,5:37:00
WC09010040,"Bertram, Doug",Bernard K. Schroeder,WC,2009,5,22,142,3,29,180,120,0,0,Complete,Nitinat,Nitinat Camp (Nitinat River),Shore,Inland,48.80531687,-124.6806632,CWS 6 (Dunbar),FR-7112,25,0.75,156,Incoming,158,124,156,156,120,121,90,120,120,,329,209,156,73,30,5:29:00
WC09010006,"Bertram, Doug",Stacey Mole,WC,2009,5,22,142,4,5,151,91,0,0,Complete,Bedwell,Bedwell Boat 4,Boat,Coastal,49.35551585,-125.7751529,CWS 6 (Dunbar),FR-7112,25,0.75,221,Incoming,221,92,221,,194,194,79,194,,,336,245,221,,,5:36:00
WC09010007,"Bertram, Doug",Derek L. Shaw,WC,2009,5,22,142,20,43,85,30,0,0,Complete,Moyeha,Moyeha Boat,Boat,Coastal,49.40938718,-125.9136021,CWS 6 (Dunbar),FR-7112,25,0.75,46,Outgoing,31,46,0,,37,19,37,0,,,1273,1243,,,,21:13:00
WC09010008,"Bertram, Doug",Derek L. Shaw,WC,2009,5,23,143,4,0,155,95,0,0,Complete,Moyeha,Moyeha Boat,Boat,Coastal,49.40938718,-125.9136021,CWS 6 (Dunbar),FR-7112,25,0.75,305,Incoming,305,159,305,,228,228,126,228,,,335,240,303,2,5,5:35:00
WC09010009,"Bertram, Doug",Stacey Mole,WC,2009,5,24,144,20,45,30,30,0,0,Complete,Watta,Watta Boat,Boat,Coastal,49.42601405,-126.0426687,CWS 6 (Dunbar),FR-7112,25,0.75,35,Incoming,35,9,0,,6,31,6,0,,,1275,1245,,,,21:15:00
WC09010010,"Bertram, Doug",Stacey Mole,WC,2009,5,25,145,4,0,154,93,0,0,Complete,Watta,Watta Boat,Boat,Coastal,49.42601405,-126.0426687,CWS 6 (Dunbar),FR-7112,25,0.75,114,Outgoing,68,114,67,,85,59,85,58,,,333,240,67,,,5:33:00
WC09010011,"Bertram, Doug",Stacey Mole,WC,2009,5,26,146,4,0,0,91,21,,Excluded,Watta,Watta Boat,Boat,Coastal,49.42601405,-126.0426687,CWS 6 (Dunbar),FR-7112,25,0.75,0,,0,0,0,,0,0,0,0,,RAINOUT,331,240,,,,5:31:00
WC09010012,"Bertram, Doug",Derek L. Shaw,WC,2009,5,26,146,20,44,95,33,0,0,Complete,Megin,Megin Boat,Boat,Coastal,49.43437828,-126.078157,CWS 6 (Dunbar),FR-7112,25,0.75,123,Incoming,123,47,0,,41,94,41,0,,,1277,1244,,,,21:17:00
WC09010013,"Bertram, Doug",Derek L. Shaw,WC,2009,5,27,147,3,55,157,97,0,0,Complete,Megin,Megin Boat,Boat,Coastal,49.43437828,-126.078157,CWS 6 (Dunbar),FR-7112,25,0.75,243,Incoming,248,93,243,,213,217,84,213,,,332,235,238,5,7,5:32:00
WC09010014,"Bertram, Doug",Stacey Mole,WC,2009,5,27,147,20,49,95,30,0,0,Complete,Tahsis,Tahsis,Shore,Coastal,49.91156783,-126.661579,CWS 6 (Dunbar),FR-7112,25,0.75,44,Outgoing,17,44,0,,33,15,33,0,,,1279,1249,,,,21:19:00
WC09010015,"Bertram, Doug",Stacey Mole,WC,2009,5,28,148,3,55,128,95,0,0,Complete,Tahsis,Tahsis,Shore,Coastal,49.91156783,-126.661579,CWS 6 (Dunbar),FR-7112,25,0.75,77,Incoming,82,59,77,,67,72,43,67,,,330,235,77,,,5:30:00
WC09010016,"Bertram, Doug",Derek L. Shaw,WC,2009,5,28,148,20,47,98,33,0,0,Complete,Tahsish Inlet,Tahsish,Shore,Coastal,50.13417333,-127.1029759,CWS 6 (Dunbar),FR-7112,25,0.75,62,Incoming,62,40,0,,36,46,36,0,,,1280,1247,,,,21:20:00
WC09010017,"Bertram, Doug",Derek L. Shaw,WC,2009,5,29,149,3,53,161,96,0,0,Complete,Tahsish Inlet,Tahsish,Shore,Coastal,50.13417333,-127.1029759,CWS 6 (Dunbar),FR-7112,25,0.75,404,Incoming,409,104,404,404,316,320,90,316,316,,329,233,398,6,6,5:29:00
WC09010018,"Bertram, Doug",Derek L. Shaw,WC,2009,5,30,150,3,56,159,92,0,0,Complete,Tahsish Inlet,Tahsish,Shore,Coastal,50.13417333,-127.1029759,CWS 6 (Dunbar),FR-7112,25,0.75,391,Incoming,391,99,391,,297,297,86,297,,,328,236,387,4,2,5:28:00
WC09010019,"Bertram, Doug",Stacey Mole,WC,2009,5,30,150,20,49,98,0,0,0,Complete,Power,Power 2,Shore,Coastal,50.17553513,-127.471156,CWS 6 (Dunbar),FR-7112,25,0.75,97,Incoming,97,91,0,,74,74,74,0,,,328,1249,,,,5:28:00
WC09010020,"Bertram, Doug",Stacey Mole,WC,2009,5,31,151,3,53,157,95,0,0,Complete,Power,Power 2,Shore,Coastal,50.17553513,-127.471156,CWS 6 (Dunbar),FR-7112,25,0.75,283,Incoming,284,163,283,,236,237,135,236,,,328,233,280,3,5,5:28:00
WC09010021,"Bertram, Doug",Stacey Mole,WC,2009,6,1,152,3,54,156,94,0,0,Complete,Power,Power 2,Shore,Coastal,50.17553513,-127.471156,CWS 6 (Dunbar),FR-7112,25,0.75,380,Incoming,380,252,380,380,320,320,199,320,320,,328,234,380,,,5:28:00
WC09010022,"Bertram, Doug",Derek L. Shaw,WC,2009,6,1,152,20,50,100,36,0,0,Complete,Klaskish,Klaskish 2,Shore,Coastal,50.23410854,-127.7644961,CWS 6 (Dunbar),FR-7112,25,0.75,73,Incoming,73,27,0,,21,54,21,0,,,1286,1250,,,,21:26:00
WC09010023,"Bertram, Doug",Derek L. Shaw,WC,2009,6,2,153,3,50,154,96,0,0,Complete,Klaskish,Klaskish 2,Shore,Coastal,50.23410854,-127.7644961,CWS 6 (Dunbar),FR-7112,25,0.75,173,Outgoing,123,173,123,,142,104,142,104,,,326,230,122,1,6,5:26:00
WC09010024,"Bertram, Doug",Derek L. Shaw,WC,2009,6,3,154,3,50,156,96,0,0,Complete,Klaskish,Klaskish 2,Shore,Coastal,50.23410854,-127.7644961,CWS 6 (Dunbar),FR-7112,25,0.75,201,Outgoing,142,201,139,,160,111,160,108,,,326,230,131,8,6,5:26:00
WC09010025,"Bertram, Doug",Derek L. Shaw,WC,2009,6,7,158,3,49,173,95,0,0,Complete,Klaskish,Klaskish 2,Shore,Coastal,50.23410854,-127.7644961,CWS 6 (Dunbar),FR-7112,25,0.75,250,Incoming,254,227,250,250,203,207,189,203,203,,324,229,249,4,5,5:24:00
WC09010026,"Bertram, Doug",Stacey Mole,WC,2009,6,8,159,3,48,157,95,0,0,Complete,Power,Power 2,Shore,Coastal,50.17553513,-127.471156,CWS 6 (Dunbar),FR-7112,25,0.75,307,Incoming,312,191,307,,257,260,160,257,,,323,228,305,2,5,5:23:00
WC09010027,"Bertram, Doug",Derek L. Shaw,WC,2009,6,9,160,3,47,177,96,0,0,Complete,Tahsish Inlet,Tahsish,Shore,Coastal,50.13417333,-127.1029759,CWS 6 (Dunbar),FR-7112,25,0.75,403,Incoming,405,144,403,,314,316,123,314,,,323,227,392,11,6,5:23:00
WC09010028,"Bertram, Doug",Stacey Mole,WC,2009,6,10,161,3,47,165,96,0,0,Complete,Tahsis,Tahsis,Shore,Coastal,49.91156783,-126.661579,CWS 6 (Dunbar),FR-7112,25,0.75,143,Incoming,172,113,143,,123,149,96,123,,,323,227,142,1,6,5:23:00
WC09010029,"Bertram, Doug",Stacey Mole,WC,2009,6,11,162,3,45,168,97,0,0,Complete,Tahsis,Tahsis,Shore,Coastal,49.91156783,-126.661579,CWS 6 (Dunbar),FR-7112,25,0.75,167,Incoming,209,165,167,167,147,178,131,147,147,,322,225,167,,,5:22:00
WC09010030,"Bertram, Doug",Derek L. Shaw,WC,2009,6,13,164,3,48,154,94,0,0,Complete,Megin,Megin Boat,Boat,Coastal,49.43437828,-126.078157,CWS 6 (Dunbar),FR-7112,25,0.75,309,Incoming,314,168,309,,262,267,143,262,,,322,228,305,4,4,5:22:00
WC09010031,"Bertram, Doug",Derek L. Shaw,WC,2009,6,14,165,3,46,162,96,0,0,Complete,Megin,Megin Boat,Boat,Coastal,49.43437828,-126.078157,CWS 6 (Dunbar),FR-7112,25,0.75,499,Incoming,554,76,499,499,418,460,64,418,418,,322,226,496,3,6,5:22:00
WC09010032,"Bertram, Doug",Stacey Mole,WC,2009,6,15,166,3,42,170,100,0,0,Complete,Watta,Watta Boat,Boat,Coastal,49.42601405,-126.0426687,CWS 6 (Dunbar),FR-7112,25,0.75,178,Outgoing,132,178,130,178,146,120,146,118,146,,322,222,128,2,10,5:22:00
WC09010033,"Bertram, Doug",Stacey Mole,WC,2009,6,16,167,3,43,167,99,0,0,Complete,Watta,Watta Boat,Boat,Coastal,49.42601405,-126.0426687,CWS 6 (Dunbar),FR-7112,25,0.75,170,Outgoing,149,170,140,,138,122,138,113,,,322,223,139,1,9,5:22:00
WC09010034,"Bertram, Doug",Derek L. Shaw,WC,2009,6,17,168,3,45,-5,97,42,,Excluded,Moyeha,Moyeha Boat,Boat,Coastal,49.40938718,-125.9136021,CWS 6 (Dunbar),FR-7112,25,0.75,9,Incoming,9,0,9,,6,6,0,6,,RAINOUT,322,225,9,373,7,5:22:00
WC09010035,"Bertram, Doug",Derek L. Shaw,WC,2009,6,18,169,3,46,169,96,0,0,Complete,Bulson,Bulson Boat,Boat,Coastal,49.25428587,-125.7322354,CWS 6 (Dunbar),FR-7112,25,0.75,324,Outgoing,299,324,249,324,236,239,236,204,236,,322,226,244,5,6,5:22:00
WC09010036,"Bertram, Doug",Stacey Mole,WC,2009,6,19,170,3,43,20,99,61,,Excluded,Bedwell,Bedwell Boat 4,Boat,Coastal,49.35551585,-125.7751529,CWS 6 (Dunbar),FR-7112,25,0.75,182,Incoming,182,9,182,,167,167,7,167,,RAINOUT,322,223,182,,,5:22:00
WC09010037,"Bertram, Doug",Stacey Mole,WC,2009,6,20,171,3,44,161,98,0,0,Complete,Bedwell,Bedwell Boat 4,Boat,Coastal,49.35551585,-125.7751529,CWS 6 (Dunbar),FR-7112,25,0.75,446,Incoming,447,205,446,446,389,390,169,389,389,,322,224,443,3,8,5:22:00
WC09010038,"Bertram, Doug",Derek L. Shaw,WC,2009,6,21,172,3,48,160,94,0,0,Complete,Moyeha,Moyeha Boat,Boat,Coastal,49.40938718,-125.9136021,CWS 6 (Dunbar),FR-7112,25,0.75,341,Incoming,346,218,341,,259,263,168,259,,,322,228,336,5,4,5:22:00
WC09010039,"Bertram, Doug",Derek L. Shaw,WC,2009,6,22,173,3,47,185,95,0,0,Complete,Moyeha,Moyeha Boat,Boat,Coastal,49.40938718,-125.9136021,CWS 6 (Dunbar),FR-7112,25,0.75,650,Incoming,684,629,650,650,437,460,425,437,437,"MAMU seen on water = 6 air to water, 2 water to air",322,227,639,11,5,5:22:00
WC09010041,"Bertram, Doug",Bernard K. Schroeder,WC,2009,7,14,195,3,30,194,119,0,0,Complete,Nitinat,Nitinat Village (Nitinat River),Shore,Inland,48.8086076,-124.6752432,CWS 6 (Dunbar),FR-7112,25,0.75,85,Incoming,99,63,85,85,69,76,37,69,69,,329,210,82,3,29,5:29:00
WC09010042,"Bertram, Doug",Bernard K. Schroeder,WC,2009,7,15,196,3,30,180,120,0,0,Complete,Nitinat,Nitinat Camp (Nitinat River),Shore,Inland,48.80531687,-124.6806632,CWS 6 (Dunbar),FR-7112,25,0.75,47,Outgoing,37,47,35,,32,30,32,29,,,330,210,35,,,5:30:00
WC09010045,"Bertram, Doug",Bernard K. Schroeder,WC,2009,7,16,197,3,33,180,120,0,0,Complete,Toquart,Toquart 5,Shore,Coastal,49.02005892,-125.3591634,CWS 6 (Dunbar),FR-7112,25,0.75,211,Outgoing,191,211,187,,144,147,132,144,,,333,213,187,,,5:33:00
EV10010022,"Lindsay, Dave",Kate Lindsay,WC,2010,6,1,152,3,15,180,120,0,0,Complete,Kelsey Bay,Kelsey Bay,Shore,Coastal,50.39757329,-125.9607983,CWS 3,FR-8051,12.8,0.75,83,Incoming,84,72,83,,83,84,72,83,,,315,195,,,,5:15:00
EV10010023,"Lindsay, Dave",Kate Lindsay,WC,2010,6,15,166,3,10,180,120,0,0,Complete,Kelsey Bay,Kelsey Bay,Shore,Coastal,50.39757329,-125.9607983,CWS 3,FR-8051,12.8,0.75,82,Incoming,82,12,82,,82,82,12,82,,ocean chop/waves,310,190,,,,5:10:00
EV10010024,"Lindsay, Dave",Kate Lindsay,WC,2010,6,29,180,3,15,180,120,0,0,Complete,Kelsey Bay,Kelsey Bay,Shore,Coastal,50.39757329,-125.9607983,CWS 3,FR-8051,12.8,0.75,131,Incoming,133,64,131,131,131,133,64,131,131,"moon visible, not quite full",315,195,,,,5:15:00
EV10010025,"Lindsay, Dave",Myriam Belisle,WC,2010,7,12,193,3,24,163,120,0,0,Complete,Kelsey Bay,Kelsey Bay,Shore,Coastal,50.39757329,-125.9607983,CWS 3,FR-8051,12.8,0.75,8,Incoming,8,1,8,,8,8,1,8,,"ocean chop/waves, high screen obstruction",324,204,,,,5:24:00
EV10010026,"Lindsay, Dave",Kate Lindsay,WC,2010,7,28,209,3,41,180,93,0,0,Complete,Kelsey Bay,Kelsey Bay,Shore,Coastal,50.39757329,-125.9607983,CWS 3,FR-8051,12.8,0.75,57,Incoming,59,2,57,,57,59,2,57,,moon was full on July 25,314,221,,,,5:14:00
EV11010004,"Lindsay, Dave",Alex Francis,WC,2011,6,7,158,3,14,60,120,120,120,Complete,Kelsey Bay,Kelsey Bay,Shore,Coastal,50.39757329,-125.9607983,CWS 3,FR-8051,12.8,0.75,,Outgoing,,,,,,,,,,,314,194,,,,5:14:00
EV11010010,"Lindsay, Dave",Alex Francis,WC,2011,6,28,179,3,16,180,120,0,0,Complete,Kelsey Bay,Kelsey Bay,Shore,Coastal,50.39757329,-125.9607983,CWS 3,FR-8051,12.8,0.75,73,Incoming,75,17,73,,66,68,16,66,,,316,196,,,,5:16:00
EV11010014,"Lindsay, Dave",Mary Toews,WC,2011,7,6,187,3,21,146,120,17,17,Complete,Kelsey Bay,Kelsey Bay,Shore,Coastal,50.39757329,-125.9607983,CWS 3,FR-8051,12.8,0.75,62,Incoming,63,56,62,,58,59,56,58,,,321,201,,,,5:21:00
EV11010019,"Lindsay, Dave",Alex Francis,WC,2011,7,15,196,3,30,35,120,39,39,Complete,Kelsey Bay,Kelsey Bay,Shore,Coastal,50.39757329,-125.9607983,CWS 3,FR-8051,12.8,0.75,136,Incoming,136,16,136,136,131,131,16,131,131,,330,210,,,,5:30:00
EV11010022,"Lindsay, Dave",Alex Francis,WC,2011,7,20,201,3,36,187,120,0,0,Complete,Kelsey Bay,Kelsey Bay,Shore,Coastal,50.39757329,-125.9607983,CWS 3,FR-8051,12.8,0.75,123,Incoming,124,17,123,,119,120,16,119,,,336,216,,,,5:36:00
EV12010004,"Lindsay, Dave",Alex Francis,WC,2012,6,7,159,3,15,0,120,90,90,Complete,Kelsey Bay,Kelsey Bay,Shore,Coastal,50.3975733,-125.960798,CWS 3,FR-8051,12.8,0.75,3,Incoming,3,1,3,,3,3,1,3,,,315,195,,,,5:15:00
EV12010007,"Lindsay, Dave",Alex Francis,WC,2012,6,10,162,3,14,173,120,7,7,Complete,Kelsey Bay,Kelsey Bay,Shore,Coastal,50.3975733,-125.960798,CWS 3,FR-8051,12.8,0.75,57,Incoming,61,21,57,,53,56,18,53,,,314,194,,,,5:14:00
EV12010009,"Lindsay, Dave",Alex Francis,WC,2012,6,22,174,3,11,62,121,59,59,Complete,Kelsey Bay,Kelsey Bay,Shore,Coastal,50.3975733,-125.960798,CWS 3,FR-8051,12.8,0.75,44,Incoming,44,14,44,,40,40,13,40,,,312,191,,,,5:12:00
EV12010019,"Lindsay, Dave",Alex Francis,WC,2012,7,14,196,3,30,93,120,87,87,Complete,Kelsey Bay,Kelsey Bay,Shore,Coastal,50.3975733,-125.960798,CWS 3,FR-8051,12.8,0.75,59,Incoming,59,4,59,,53,53,4,53,,partial obstruction (15%),330,210,,,,5:30:00
EV12010020,"Lindsay, Dave",Alex Francis,WC,2012,7,24,206,3,39,180,120,0,0,Complete,Kelsey Bay,Kelsey Bay,Shore,Coastal,50.3975733,-125.960798,CWS 3,FR-8051,12.8,0.75,89,Incoming,89,24,89,89,77,78,20,77,77,,339,219,,,,5:39:00
EV13010003,"Lindsay, Dave",Alex Francis,WC,2013,6,9,160,3,14,180,0,0,0,Complete,Kelsey Bay,Kelsey Bay,Shore,Coastal,50.3975733,-125.960798,CWS 3,FR-8051,12.8,0.75,44,Incoming,44,2,44,,42,42,2,42,,,0,194,,,,0:00:00
EV13010013,"Lindsay, Dave",Alex Francis,WC,2013,7,1,182,3,18,180,0,0,0,Complete,Kelsey Bay,Kelsey Bay,Shore,Coastal,50.3975733,-125.960798,CWS 3,FR-8051,12.8,0.75,119,Incoming,120,22,119,119,114,115,22,114,114,,0,198,,,,0:00:00
EV13010016,"Lindsay, Dave",Alex Francis,WC,2013,7,9,190,3,25,180,0,0,0,Complete,Kelsey Bay,Kelsey Bay,Shore,Coastal,50.3975733,-125.960798,CWS 3,FR-8051,12.8,0.75,52,Incoming,52,11,52,,49,49,11,49,,,0,205,,,,0:00:00
EV13010021,"Lindsay, Dave",Alex Francis,WC,2013,7,23,204,3,41,180,0,0,0,Complete,Kelsey Bay,Kelsey Bay,Shore,Coastal,50.3975733,-125.960798,CWS 3,FR-8051,12.8,0.75,15,Incoming,15,7,15,,14,14,7,14,,,0,221,,,,0:00:00
WC15010001,"Bertram, Doug",Wayne Wall,WC,2015,6,13,164,3,15,180,120,0,,Complete,Nahmint Lake,Nahmint Lake,Shore,Inland,49.180772,-125.048159,BCTS,FR-8050D,0,0.75,5,Incoming,3,2,5,,3,3,2,3,,,315,195,3,,,5:15:00
WC15010002,"Bertram, Doug",Wayne Wall,WC,2015,6,14,165,3,7,190,130,0,,Complete,Artlish,Artlish River (Tahsish),Shore,Coastal,50.102517,-127.09318,BCTS,FR-8050D,0,0.75,199,Incoming,199,44,199,199,162,162,40,162,162,,317,187,94,6,40,5:17:00
WC15010004,"Bertram, Doug",Wayne Wall,WC,2015,6,30,181,3,8,190,130,0,,Complete,Artlish,Artlish River (Tahsish),Shore,Coastal,50.102517,-127.09318,BCTS,FR-8050D,0,0.75,6,Incoming,6,0,6,,4,4,0,4,,,318,188,,,,5:18:00
WC15010005,"Bertram, Doug",Wayne Wall,WC,2015,6,30,181,3,18,178,120,0,,Complete,Nahmint Lake,Nahmint Lake,Shore,Inland,49.180772,-125.048159,BCTS,FR-8050D,0,0.75,14,Incoming,14,8,14,14,14,12,8,14,14,,318,198,14,1,30,5:18:00
WC15010007,"Bertram, Doug",Wayne Wall,WC,2015,7,14,195,3,30,195,120,0,,Complete,Nahmint Lake,Nahmint Lake,Shore,Inland,49.180772,-125.048159,BCTS,FR-8050D,0,0.75,12,Incoming,12,12,12,,11,11,11,10,,,330,210,6,,,5:30:00
WC15010008,"Bertram, Doug",Wayne Wall,WC,2015,7,15,196,3,22,193,133,0,,Complete,Artlish,Artlish River (Tahsish),Shore,Coastal,50.102517,-127.09318,BCTS,FR-8050D,0,0.75,21,Incoming,26,8,21,,17,19,5,17,,,335,202,51,8,43,5:35:00
WC16010013,"Bertram, Doug",Bernard K. Schroeder,WC,2016,6,4,156,3,20,183,120,0,,Complete,Moyeha,Moyeha Boat,Boat,Coastal,49.40998704,-125.9133619,CWS 6 (Dunbar),FR-7112,25,0.75,233,Incoming,238,118,233,,217,219,99,217,,,320,200,224,9,30,5:20:00
WC16010014,"Bertram, Doug",Bernard K. Schroeder,WC,2016,6,4,156,3,23,180,1080,0,,Complete,Moyeha,Moyeha Boat,Boat,Coastal,49.40998704,-125.9133619,CWS 6 (Dunbar),FR-7112,25,0.75,0,,0,0,0,,0,0,0,0,,,1283,203,,2,990,21:23:00
WC16010015,"Bertram, Doug",Bernard K. Schroeder,WC,2016,6,5,157,3,19,180,120,0,,Complete,Moyeha,Moyeha Boat,Boat,Coastal,49.40998704,-125.9133619,CWS 6 (Dunbar),FR-7112,25,0.75,236,Incoming,236,175,236,,212,212,128,212,,,319,199,222,14,30,5:19:00
WC16010016,"Bertram, Doug",Bernard K. Schroeder,WC,2016,6,6,158,3,20,183,119,0,,Complete,Watta,Watta Boat,Boat,Coastal,49.43320246,-126.0346214,CWS 6 (Dunbar),FR-7112,25,0.75,382,Incoming,389,176,382,,342,346,139,342,,,319,200,372,10,29,5:19:00
WC16010017,"Bertram, Doug",Bernard K. Schroeder,WC,2016,6,7,159,3,18,182,121,0,,Complete,Watta,Watta Boat,Boat,Coastal,49.43320246,-126.0346214,CWS 6 (Dunbar),FR-7112,25,0.75,500,Incoming,506,192,500,500,437,441,140,437,437,,319,198,487,13,31,5:19:00
WC16010018,"Bertram, Doug",Bernard K. Schroeder,WC,2016,6,8,160,3,19,187,120,0,,Complete,Megin,Megin Boat,Boat,Coastal,49.4369079,-126.0785722,CWS 6 (Dunbar),FR-7112,25,0.75,336,Incoming,371,131,336,,295,320,99,295,,,319,199,336,,,5:19:00
WC16010019,"Bertram, Doug",Bernard K. Schroeder,WC,2016,6,9,161,3,19,82,120,76,,Complete,Megin,Megin Boat,Boat,Coastal,49.4369079,-126.0785722,CWS 6 (Dunbar),FR-7112,25,0.75,202,Incoming,209,31,202,,169,175,23,169,,,319,199,198,4,30,5:19:00
WC16010001,"Bertram, Doug",Bernard K. Schroeder,WC,2016,6,11,163,3,15,180,120,0,,Complete,Nitinat,Nitinat Village (Nitinat River),Shore,Inland,48.80858704,-124.6754196,CWS 6 (Dunbar),FR-7112,25,0.75,319,Incoming,339,223,319,,276,288,170,276,,,315,195,297,22,30,5:15:00
WC16010002,"Bertram, Doug",Bernard K. Schroeder,WC,2016,6,12,164,3,17,180,120,0,,Complete,Tahsis,Tahsis Govt Dock,Shore,Coastal,49.91131284,-126.6618699,CWS 6 (Dunbar),FR-7112,25,0.75,167,Incoming,178,124,167,,140,148,84,140,,,317,197,161,6,30,5:17:00
WC16020001,"Bertram, Doug",Wayne Wall,WC,2016,6,13,165,3,10,70,123,120,,Complete,Nahmint Lake,Nahmint Lake,Shore,Inland,49.180772,-125.048159,BCTS,FR-8050D,0,0.75,10,Incoming,12,0,10,,17,9,17,7,,,313,190,10,,,5:13:00
WC16010003,"Bertram, Doug",Bernard K. Schroeder,WC,2016,6,13,165,3,15,196,122,0,,Complete,Tahsis,Tahsis Govt Dock,Shore,Coastal,49.91131284,-126.6618699,CWS 6 (Dunbar),FR-7112,25,0.75,331,Incoming,349,162,331,331,268,278,100,268,268,,317,195,311,20,32,5:17:00
WC16020002,"Bertram, Doug",Wayne Wall,WC,2016,6,14,166,3,7,190,130,0,,Complete,Artlish,Artlish River (Tahsish),Shore,Coastal,50.102517,-127.09318,BCTS,FR-8050D,0,0.75,199,Incoming,199,44,199,199,162,162,40,162,162,,317,187,188,11,40,5:17:00
WC16010004,"Bertram, Doug",Bernard K. Schroeder,WC,2016,6,14,166,3,15,180,121,0,,Incomplete,Toquart,Toquart 5,Shore,Coastal,49.02014712,-125.3592496,CWS 6 (Dunbar),FR-7112,25,0.75,196,Incoming,210,113,196,,167,177,83,167,,,316,195,194,2,31,5:16:00
WC16010005,"Bertram, Doug",Bernard K. Schroeder,WC,2016,6,15,167,3,16,185,120,0,,Complete,Toquart,Toquart 5,Shore,Coastal,49.02014712,-125.3592496,CWS 6 (Dunbar),FR-7112,25,0.75,204,Incoming,215,145,204,,167,175,113,167,,,316,196,193,11,30,5:16:00
WC16010020,"Bertram, Doug",Bernard K. Schroeder,WC,2016,6,16,168,3,16,180,120,0,,Complete,Moyeha,Moyeha Boat,Boat,Coastal,49.40998704,-125.9133619,CWS 6 (Dunbar),FR-7112,25,0.75,282,Incoming,286,126,282,282,255,259,102,255,255,,316,196,268,13,30,5:16:00
WC16010021,"Bertram, Doug",Bernard K. Schroeder,WC,2016,6,17,169,3,17,180,120,0,,Complete,Watta,Watta Boat,Boat,Coastal,49.43320246,-126.0346214,CWS 6 (Dunbar),FR-7112,25,0.75,489,Incoming,492,225,489,,419,421,162,419,,,317,197,484,5,30,5:17:00
WC16010022,"Bertram, Doug",Bernard K. Schroeder,WC,2016,6,18,170,3,17,200,120,0,,Complete,Megin,Megin Boat,Boat,Coastal,49.4369079,-126.0785722,CWS 6 (Dunbar),FR-7112,25,0.75,366,Incoming,413,113,366,366,287,320,80,287,295,,317,197,341,25,30,5:17:00
WC16010023,"Bertram, Doug",Bernard K. Schroeder,WC,2016,6,19,171,3,17,200,120,0,,Complete,Megin,Megin Boat,Boat,Coastal,49.4369079,-126.0785722,CWS 6 (Dunbar),FR-7112,25,0.75,303,Incoming,341,117,303,,271,303,87,271,,,317,197,301,2,30,5:17:00
WC16010006,"Bertram, Doug",Bernard K. Schroeder,WC,2016,6,21,173,3,15,218,120,0,,Complete,Nitinat,Nitinat Village (Nitinat River),Shore,Inland,48.80858704,-124.6754196,CWS 6 (Dunbar),FR-7112,25,0.75,436,Incoming,521,160,436,436,363,420,110,363,363,,315,195,416,20,30,5:15:00
WC16010007,"Bertram, Doug",Bernard K. Schroeder,WC,2016,6,22,174,3,15,185,120,0,,Complete,Nitinat,Nitinat Village (Nitinat River),Shore,Inland,48.80858704,-124.6754196,CWS 6 (Dunbar),FR-7112,25,0.75,419,Incoming,436,175,419,,328,341,122,328,,,315,195,399,20,30,5:15:00
WC16010008,"Bertram, Doug",Bernard K. Schroeder,WC,2016,6,23,175,3,15,105,120,0,,Incomplete,Tahsis,Tahsis Govt Dock,Shore,Coastal,49.91131284,-126.6618699,CWS 6 (Dunbar),FR-7112,25,0.75,0,,0,0,0,,0,0,0,0,,Rainout,315,195,,,,5:15:00
WC16020004,"Bertram, Doug",Wayne Wall,WC,2016,6,29,181,3,10,188,128,0,,Complete,Nahmint Lake,Nahmint Lake,Shore,Inland,49.180772,-125.048159,BCTS,FR-8050D,0,0.75,18,Incoming,20,11,18,18,11,12,9,11,17,,318,190,18,,,5:18:00
WC16020005,"Bertram, Doug",Wayne Wall,WC,2016,6,30,182,3,8,190,130,0,,Complete,Artlish,Artlish River (Tahsish),Shore,Coastal,50.102517,-127.09318,BCTS,FR-8050D,0,0.75,6,Incoming,6,0,6,,4,4,0,4,,,318,188,4,2,40,5:18:00
WC16010009,"Bertram, Doug",Bernard K. Schroeder,WC,2016,6,30,182,3,20,180,120,0,,Complete,Toquart,Toquart 5,Shore,Coastal,49.02014712,-125.3592496,CWS 6 (Dunbar),FR-7112,25,0.75,327,Incoming,344,312,327,,301,313,216,301,,,320,200,318,9,30,5:20:00
WC16010010,"Bertram, Doug",Bernard K. Schroeder,WC,2016,7,1,183,3,40,41,101,120,,Complete,Toquart,Toquart 5,Shore,Coastal,49.02224388,-125.3605389,CWS 6 (Dunbar),FR-7112,25,0.75,148,Incoming,171,92,148,,133,152,74,133,,,321,220,140,8,11,5:21:00
WC16010011,"Bertram, Doug",Bernard K. Schroeder,WC,2016,7,2,184,3,21,180,120,0,,Complete,Toquart,Toquart 5,Shore,Coastal,49.02224388,-125.3605389,CWS 6 (Dunbar),FR-7112,25,0.75,520,Incoming,551,361,520,520,448,472,236,448,448,,321,201,506,4,30,5:21:00
WC16020007,"Bertram, Doug",Wayne Wall,WC,2016,7,10,192,3,15,190,128,0,,Complete,Nahmint Lake,Nahmint Lake,Shore,Inland,49.180772,-125.048159,BCTS,FR-8050D,0,0.75,2,Outgoing,0,2,0,,1,0,1,0,,,323,195,,,,5:23:00
WC16020008,"Bertram, Doug",Wayne Wall,WC,2016,7,11,193,3,16,189,129,0,,Complete,Artlish,Artlish River (Tahsish),Shore,Coastal,50.102517,-127.09318,BCTS,FR-8050D,0,0.75,23,Incoming,23,3,23,,20,20,3,20,,,325,196,20,3,39,5:25:00
WC16010012,"Bertram, Doug",Bernard K. Schroeder,WC,2016,7,26,208,3,40,180,127,0,,Complete,Tahsis,Tahsis Govt Dock,Shore,Coastal,49.91131284,-126.6618699,CWS 6 (Dunbar),FR-7112,25,0.75,37,Outgoing,26,37,24,,36,24,36,23,,,347,220,22,2,37,5:47:00
WC17020001,"Waterhouse, Louise",Bernard K. Schroeder,WC,2017,5,31,151,3,21,182,120,0,,Complete,Elliot,Elliot - Tsitika River,,Inland,50.33291935,-126.4749414,BKSC,FR-8122,25,0.75,45,Incoming,47,28,45,45,39,41,22,39,39,,321,201,102,,,5:21:00
WC17020002,"Waterhouse, Louise",Bernard K. Schroeder,WC,2017,6,1,152,3,20,,120,0,,Complete,Tlatlos,Tlatlos - Tsitika River,,Inland,50.32537516,-126.3977934,BKSC,FR-8122,25,0.75,52,Incoming,65,40,52,52,43,54,31,43,43,,320,200,94,,,5:20:00
WC17020003,"Waterhouse, Louise",Bernard K. Schroeder,WC,2017,6,5,156,3,18,192,120,0,,Complete,Klanawa - R1,Klanawa - R1,,Inland,48.80169974,-124.8020083,BKSC,FR-8122,25,0.75,90,Outgoing,87,90,67,90,80,80,80,64,80,,318,198,142,6,30,5:18:00
WC17020004,"Waterhouse, Louise",Bernard K. Schroeder,WC,2017,6,6,157,3,18,190,120,0,,Complete,Klanawa - R2,Klanawa - R2,,Inland,48.73625783,-124.9333946,BKSC,FR-8122,25,0.75,129,Incoming,131,118,129,129,127,129,104,127,127,,318,198,208,5,30,5:18:00
WC17010001,"Bertram, Doug",Wayne Wall,WC,2017,6,13,164,3,10,124,125,76,,Complete,Nahmint Lake,Nahmint Lake,Shore,Inland,49.180772,-125.048159,BCTS,FR-8050D,0,0.75,17,Incoming,22,7,17,17,14,17,6,14,14,,315,190,16,1,35,5:15:00
WC17020005,"Waterhouse, Louise",Bernard K. Schroeder,WC,2017,6,14,165,3,14,180,120,0,,Complete,Muskeg,Muskeg - Tsitika River,,Inland,50.28570593,-126.4483525,BKSC,FR-8122,25,0.75,40,Outgoing,5,40,4,40,28,5,28,4,28,,314,194,23,,,5:14:00
WC17010002,"Bertram, Doug",Wayne Wall,WC,2017,6,18,169,3,16,200,120,0,,Complete,Artlish,Artlish River (Tahsish),Shore,Coastal,50.102517,-127.09318,BCTS,FR-8050D,0,0.75,44,Incoming,51,8,44,,44,45,6,44,,,316,196,45,4,30,5:16:00
HG17020001,"Waterhouse, Louise",Bernard K. Schroeder,HG,2017,6,28,179,3,23,,120,0,,Complete,Phan River,Phan River - Haida Gwaii,,Inland,53.34353582,-132.3650772,BKSC,FR-8122,25,0.75,58,Incoming,76,12,58,58,50,63,11,50,50,,323,203,52,6,30,5:23:00
HG17020002,"Waterhouse, Louise",Bernard K. Schroeder,HG,2017,6,29,180,3,17,181,120,0,,Complete,Hiellen,Hiellen River - Haida Gwaii,,Coastal,54.07346188,-131.790987,BKSC,FR-8122,25,0.75,17,Incoming,21,13,17,17,17,21,12,17,17,,317,197,17,,,5:17:00
WC17010004,"Bertram, Doug",Wayne Wall,WC,2017,6,30,181,3,18,180,120,0,,Complete,Nahmint Lake,Nahmint Lake,Shore,Inland,49.180772,-125.048159,BCTS,FR-8050D,0,0.75,15,Incoming,15,7,15,,12,12,7,12,,,318,198,14,1,30,5:18:00
HG17020003,"Waterhouse, Louise",Bernard K. Schroeder,HG,2017,6,30,181,3,24,180,120,0,,Complete,Yakoun River,Yakoun River - Haida Gwaii,,Inland,53.366818,-132.276176,BKSC,FR-8122,25,0.75,41,Incoming,77,20,41,41,33,57,15,33,33,,324,204,39,2,30,5:24:00
WC17010005,"Bertram, Doug",Wayne Wall,WC,2017,7,1,182,3,10,188,128,0,,Complete,Artlish,Artlish River (Tahsish),Shore,Coastal,50.102517,-127.09318,BCTS,FR-8050D,0,0.75,48,Outgoing,39,48,37,48,44,30,44,29,44,,318,190,36,1,38,5:18:00
HG17020004,"Waterhouse, Louise",Bernard K. Schroeder,HG,2017,7,1,182,3,25,180,120,0,,Complete,Phan River,Phan River - Haida Gwaii,,Inland,53.34353582,-132.3650772,BKSC,FR-8122,25,0.75,31,Incoming,54,18,31,,27,43,16,27,,,325,205,30,1,30,5:25:00
WC17010007,"Bertram, Doug",Wayne Wall,WC,2017,7,17,198,3,18,,132,,,Complete,Nahmint Lake,Nahmint Lake,Shore,Inland,49.180772,-125.048159,BCTS,FR-8050D,0,0.75,12,Outgoing,8,12,8,,11,6,11,5,,,330,198,7,,,5:30:00
WC17010008,"Bertram, Doug",Wayne Wall,WC,2017,7,18,199,3,22,,128,,,Complete,Artlish,Artlish River (Tahsish),Shore,Coastal,50.102517,-127.09318,BCTS,FR-8050D,0,0.75,24,Incoming,27,7,24,,19,21,5,19,,,330,202,22,2,38,5:30:00
WC18010001,"Waterhouse, Louise",Bernard K. Schroeder,WC,2018,6,7,158,3,25,,111,0,,Complete,Tlatlos,Tlatlos - Tsitika River,,Inland,50.32528217,-126.397658,BKSC,FR-8122,25,0.75,42,Incoming,50,34,42,42,38,45,31,38,38,,316,205,93,,,5:16:00
WC18010002,"Waterhouse, Louise",Bernard K. Schroeder,WC,2018,6,8,159,3,16,,120,0,,Complete,Muskeg,Muskeg - Tsitika River,,Inland,50.28569447,-126.4482408,BKSC,FR-8122,25,0.75,27,Outgoing,31,27,19,27,22,26,22,18,22,,316,196,23,,,5:16:00
WC18010003,"Waterhouse, Louise",Bernard K. Schroeder,WC,2018,6,9,160,3,18,,120,0,,Complete,Elliot,Elliot - Tsitika River,,Inland,50.33291935,-126.4749414,BKSC,FR-8122,25,0.75,57,Incoming,64,53,57,57,47,51,42,47,47,,318,198,102,,,5:18:00
WC18010004,"Waterhouse, Louise",Bernard K. Schroeder,WC,2018,6,10,161,3,15,181,121,0,,Complete,Klanawa - R2,Klanawa - R2,,Inland,48.80171559,-124.8021451,BKSC,FR-8122,25,0.75,53,Outgoing,55,53,47,53,45,49,45,42,45,,316,195,138,5,31,5:16:00
WC18010005,"Waterhouse, Louise",Bernard K. Schroeder,WC,2018,6,11,162,3,16,180,120,0,,Complete,Klanawa - R3,Klanawa - R3,,Inland,48.76002338,-124.8776717,BKSC,FR-8122,25,0.75,91,Incoming,95,56,91,91,85,88,48,85,85,,316,196,90,1,30,5:16:00
WC18010006,"Waterhouse, Louise",Bernard K. Schroeder,WC,2018,6,12,163,3,16,194,120,0,,Complete,Klanawa - R1,Klanawa - R1,,Inland,48.73627695,-124.9333273,BKSC,FR-8122,25,0.75,109,Outgoing,113,109,101,109,95,105,94,95,95,,316,196,96,5,30,5:16:00
EV18010007,"Bertram, Doug",Bernard K. Schroeder,WC,2018,6,30,181,3,15,120,121,0,,RAINOUT,Kelsey Bay,Kelsey Bay,Shore,Coastal,50.39708,-125.96078,CWS 3,FR-8051,12.8,0.75,0,,0,0,0,,0,0,0,0,,RAINOUT,316,195,,,,5:16:00
EV18010008,"Bertram, Doug",Bernard K. Schroeder,WC,2018,7,1,182,3,15,186,122,0,,Complete,Kelsey Bay,Kelsey Bay,Shore,Coastal,50.39708,-125.96078,CWS 3,FR-8051,12.8,0.75,104,Incoming,112,17,104,104,99,104,14,99,99,,317,195,104,,,5:17:00
EV18010009,"Bertram, Doug",Bernard K. Schroeder,WC,2018,7,2,183,3,17,180,120,0,,Complete,Kelsey Bay,Kelsey Bay,Shore,Coastal,50.39708,-125.96078,CWS 3,FR-8051,12.8,0.75,97,Incoming,103,12,97,,92,95,10,92,,,317,197,95,2,30,5:17:00
EV18010015,"Bertram, Doug",Bernard K. Schroeder,WC,2018,7,12,193,3,25,182,121,0,,Complete,Kelsey Bay,Kelsey Bay,Shore,Coastal,50.39708,-125.96078,CWS 3,FR-8051,12.8,0.75,17,Outgoing,13,17,13,,13,13,12,13,,,326,205,13,,,5:26:00
WC19010001,"Waterhouse, Louise",,WC,2019,6,6,157,3,17,,120,0,,Complete,Tlatlos,Tlatlos - Tsitika River,,Inland,50.32528217,-126.397658,BKSC,FR-8122,25,0.75,50,Incoming,61,38,50,50,46,55,36,46,46,,317,197,49,1,30,5:17:00
WC19010002,"Waterhouse, Louise",Bernard K. Schroeder,WC,2019,6,7,158,3,16,184,120,0,,Complete,Elliot,Elliot - Tsitika River,,Inland,50.33291935,-126.4749414,BKSC,FR-8122,25,0.75,55,Incoming,66,33,55,55,50,59,30,50,50,,316,196,55,,,5:16:00
WC19010003,"Waterhouse, Louise",Bernard K. Schroeder,WC,2019,6,8,159,3,16,,120,0,,Complete,Tsitika River R4,Tsitika River R4,,Inland,50.32841043,-126.4200968,BKSC,FR-8122,25,0.75,46,Outgoing,47,46,45,46,38,35,38,33,38,,316,196,44,1,30,5:16:00
WC19010004,"Waterhouse, Louise",Bernard K. Schroeder,WC,2019,6,9,160,3,16,197,120,0,,Complete,Muskeg,Muskeg - Tsitika River,,Inland,50.28569447,-126.4482408,BKSC,FR-8122,25,0.75,44,Outgoing,46,44,32,44,35,40,35,29,35,,316,196,32,,,5:16:00
WC19010005,"Waterhouse, Louise",Bernard K. Schroeder,WC,2019,6,10,161,3,16,,120,0,,Complete,Klanawa - R2,Klanawa - R2,,Inland,48.80171559,-124.8021451,BKSC,FR-8122,25,0.75,34,Incoming,37,32,34,34,29,32,27,29,29,,316,196,138,5,30,5:16:00
WC19010006,"Waterhouse, Louise",Bernard K. Schroeder,WC,2019,6,11,162,3,16,180,120,0,,Complete,Klanawa - R1,Klanawa - R1,,Inland,48.73627695,-124.9333273,BKSC,FR-8122,25,0.75,96,Outgoing,86,96,84,96,77,78,76,77,77,,316,196,208,4,30,5:16:00
WC19010007,"Waterhouse, Louise",Bernard K. Schroeder,WC,2019,6,12,163,3,16,183,120,0,,Complete,Klanawa - R2,Klanawa - R2,,Inland,48.78418261,-124.8524883,BKSC,FR-8122,25,0.75,42,Outgoing,27,42,23,42,33,27,33,23,33,,316,196,22,1,30,5:16:00
WC20010001,"Cragg, Jenna",Bernard K. Schroeder,WC,2020,6,3,155,3,17,,120,,,Complete,Jordan River,Jordan River,,Coastal,48.42006897,-124.04721,BKSC,FR-8122,25,0.75,42,Incoming,43,33,42,,37,38,25,37,,,317,197,42,,,5:17:00
WC20010002,"Cragg, Jenna",Bernard K. Schroeder,WC,2020,6,4,156,3,17,,120,,,Complete,Jordan River,Jordan River,,Coastal,48.42006897,-124.04721,BKSC,FR-8122,25,0.75,63,Incoming,65,28,63,63,54,56,23,54,54,NEAR FULL MOON,317,197,61,2,30,5:17:00
WC20010003,"Cragg, Jenna",Bernard K. Schroeder,WC,2020,6,5,157,3,17,,120,,,Complete,San Juan River,San Juan River,,Coastal,48.55631659,-124.4145,BKSC,FR-8122,25,0.75,97,Incoming,101,82,97,,85,88,74,85,,,317,197,93,4,30,5:17:00
WC20010004,"Cragg, Jenna",Bernard K. Schroeder,WC,2020,6,6,158,3,17,,120,,,Complete,San Juan River,San Juan River,,Coastal,48.55631659,-124.4145,BKSC,FR-8122,25,0.75,102,Incoming,110,98,102,,88,95,79,88,,,317,197,95,7,30,5:17:00
WC20010005,"Cragg, Jenna",Bernard K. Schroeder,WC,2020,6,7,159,3,14,,120,,,Complete,Kelsey Bay,Kelsey Bay,Shore,Coastal,50.39423958,-125.9553696,BKSC,FR-8122,25,0.75,108,Incoming,120,35,108,,101,110,31,101,,,314,194,107,1,30,5:14:00
WC20010006,"Cragg, Jenna",Bernard K. Schroeder,WC,2020,6,8,160,3,14,,120,,,Complete,Adam-Eve River,Adam-Eve River M,Shore,Coastal,50.47110881,-126.2875836,BKSC,FR-8122,25,0.75,161,Incoming,164,64,161,,144,147,48,144,,,314,194,153,8,30,5:14:00
WC20010007,"Cragg, Jenna",Bernard K. Schroeder,WC,2020,6,9,161,3,14,,120,,,Complete,Adam-Eve River,Adam-Eve River M,Shore,Coastal,50.47110881,-126.2875836,BKSC,FR-8122,25,0.75,,Outgoing,,,,,,,,,,,314,194,,,,5:14:00
WC20010008,"Cragg, Jenna",Bernard K. Schroeder,WC,2020,6,10,162,3,15,,120,,,Complete,Tsitika River,Tsitika River,,Inland,50.42070526,-126.5801618,BKSC,FR-8122,25,0.75,324,Incoming,329,160,324,,306,311,113,306,,,315,195,324,,,5:15:00
WC20010009,"Cragg, Jenna",Bernard K. Schroeder,WC,2020,6,11,163,3,15,,120,,,Complete,Tsitika River,Tsitika River,,Inland,50.42070526,-126.5801618,BKSC,FR-8122,25,0.75,379,Incoming,382,113,379,,363,366,91,363,,,315,195,375,4,30,5:15:00
WC20010010,"Cragg, Jenna",Bernard K. Schroeder,WC,2020,6,12,164,3,14,,120,,,Complete,Tsitika River,Tsitika River,,Inland,50.42070526,-126.5801618,BKSC,FR-8122,25,0.75,568,Incoming,594,156,568,,530,553,127,530,,,314,194,555,13,30,5:14:00
WC20010011,"Cragg, Jenna",Bernard K. Schroeder,WC,2020,6,13,165,3,15,,120,,,Complete,Nimpkish River,Nimpkish River M,Shore,Coastal,50.56142412,-126.9707502,BKSC,FR-8122,25,0.75,74,Incoming,78,43,74,,65,68,35,65,,,315,195,62,12,30,5:15:00
WC20010012,"Cragg, Jenna",Bernard K. Schroeder,WC,2020,6,14,166,3,15,,120,,,Complete,Nimpkish River,Nimpkish River M,Shore,Coastal,50.56142412,-126.9707502,BKSC,FR-8122,25,0.75,93,Incoming,100,45,93,93,73,78,33,73,73,,315,195,73,20,30,5:15:00
WC20010013,"Cragg, Jenna",Bernard K. Schroeder,WC,2020,6,15,167,3,18,,120,,,Complete,Artlish,Artlish River (Tahsish),Shore,Coastal,50.10247856,-127.0949147,BKSC,FR-8122,25,0.75,252,Incoming,279,69,252,,236,261,52,236,,,318,198,249,3,30,5:18:00
WC20010014,"Cragg, Jenna",Bernard K. Schroeder,WC,2020,6,16,168,3,17,,120,,,Complete,Artlish,Artlish River (Tahsish),Shore,Coastal,50.10247856,-127.0949147,BKSC,FR-8122,25,0.75,345,Incoming,352,110,345,345,314,320,94,314,314,,317,197,332,13,30,5:17:00
WC20010015,"Cragg, Jenna",Bernard K. Schroeder,WC,2020,6,17,169,3,17,,120,,,Complete,Zeballos,Zeballos Inlet,Shore,Coastal,49.97869037,-126.8450067,BKSC,FR-8122,25,0.75,161,Incoming,167,96,161,,127,131,68,127,,,317,197,149,12,30,5:17:00
WC20010016,"Cragg, Jenna",Bernard K. Schroeder,WC,2020,6,18,170,3,17,,120,,,Complete,Zeballos,Zeballos Inlet,Shore,Coastal,49.97869037,-126.8450067,BKSC,FR-8122,25,0.75,196,Incoming,200,102,196,196,160,164,80,160,160,,317,197,174,22,30,5:17:00
WC20010017,"Cragg, Jenna",Bernard K. Schroeder,WC,2020,6,19,171,3,16,,120,,,Complete,Gold River,Gold River,Shore,Coastal,49.6790398,-126.117083,BKSC,FR-8122,25,0.75,133,Incoming,133,44,133,133,114,114,33,114,114,,316,196,117,16,30,5:16:00
WC20010018,"Cragg, Jenna",Bernard K. Schroeder,WC,2020,6,20,172,3,16,,120,,,Complete,Gold River,Gold River,Shore,Coastal,49.6790398,-126.117083,BKSC,FR-8122,25,0.75,28,Incoming,28,1,28,,25,25,1,25,,,316,196,28,,,5:16:00
WC20010019,"Cragg, Jenna",Bernard K. Schroeder,WC,2020,6,21,173,3,17,,120,,,Complete,Sucwoa R./Canton Ck,Sucwoa R./Canton Ck,Shore,Coastal,49.79228676,-126.4904654,BKSC,FR-8122,25,0.75,210,Incoming,216,85,210,210,165,170,63,165,165,,317,197,187,22,30,5:17:00
WC20010020,"Cragg, Jenna",Bernard K. Schroeder,WC,2020,6,22,174,3,17,,120,,,Complete,Sucwoa R./Canton Ck,Sucwoa R./Canton Ck,Shore,Coastal,49.79228676,-126.4904654,BKSC,FR-8122,25,0.75,98,Outgoing,113,98,87,,69,85,67,69,,,317,197,83,4,30,5:17:00
WC20010021,"Cragg, Jenna",Bernard K. Schroeder,WC,2020,6,23,175,3,17,,120,,,Complete,Tahsis,Tahsis Govt Dock,Shore,Coastal,49.91171161,-126.661572,BKSC,FR-8122,25,0.75,,Outgoing,,,,,,,,,,,317,197,,,,5:17:00
WC20010022,"Cragg, Jenna",Bernard K. Schroeder,WC,2020,6,24,176,3,18,,120,,,Complete,Tahsis,Tahsis Govt Dock,Shore,Coastal,49.91171161,-126.661572,BKSC,FR-8122,25,0.75,194,Incoming,210,162,194,194,175,188,133,175,175,,318,198,189,5,30,5:18:00
WC20010023,"Cragg, Jenna",Bernard K. Schroeder,WC,2020,6,27,179,3,15,,120,,,Complete,Adam-Eve River,Adam-Eve River M,Shore,Coastal,50.47110881,-126.2875836,BKSC,FR-8122,25,0.75,341,Incoming,371,56,341,,293,316,38,293,,,315,195,304,37,30,5:15:00
WC20010024,"Cragg, Jenna",Bernard K. Schroeder,WC,2020,6,28,180,3,12,,124,,,Complete,Adam-Eve River,Adam-Eve River M,Shore,Coastal,50.47110881,-126.2875836,BKSC,FR-8122,25,0.75,383,Incoming,431,44,383,383,293,328,25,293,293,,316,192,317,66,34,5:16:00
WC20010025,"Cragg, Jenna",Bernard K. Schroeder,WC,2020,6,29,181,3,15,,122,,,Complete,Tsitika River,Tsitika River,,Inland,50.42070526,-126.5801618,BKSC,FR-8122,25,0.75,782,Incoming,870,261,782,782,648,713,208,648,648,,317,195,739,43,32,5:17:00
WC20010026,"Cragg, Jenna",Bernard K. Schroeder,WC,2020,6,30,182,3,22,,120,,,Complete,Artlish,Artlish River (Tahsish),Shore,Coastal,50.10247856,-127.0949147,BKSC,FR-8122,25,0.75,341,Incoming,350,114,341,,299,304,82,299,,,322,202,331,10,30,5:22:00
WC20010027,"Cragg, Jenna",Bernard K. Schroeder,WC,2020,7,1,183,3,22,,120,,,Complete,Artlish,Artlish River (Tahsish),Shore,Coastal,50.10247856,-127.0949147,BKSC,FR-8122,25,0.75,286,Incoming,297,111,286,,251,261,81,251,,,322,202,265,21,30,5:22:00
WC20010028,"Cragg, Jenna",Bernard K. Schroeder,WC,2020,7,2,184,3,20,,120,,,Complete,Nimpkish River,Nimpkish River M,Shore,Coastal,50.56142412,-126.9707502,BKSC,FR-8122,25,0.75,81,Incoming,83,55,81,,62,64,32,62,,,320,200,75,6,30,5:20:00
WC20010029,"Cragg, Jenna",Bernard K. Schroeder,WC,2020,7,8,190,3,23,,120,,,Complete,Jordan River,Jordan River,,Coastal,48.42006897,-124.04721,BKSC,FR-8122,25,0.75,61,Incoming,64,53,61,,46,48,38,46,,,323,203,57,4,30,5:23:00
WC20010030,"Cragg, Jenna",Bernard K. Schroeder,WC,2020,7,9,191,3,25,,120,,,Complete,San Juan River,San Juan River,,Coastal,48.55631659,-124.4145,BKSC,FR-8122,25,0.75,,Outgoing,,,,,,,,,,,325,205,,,,5:25:00
WC20010031,"Cragg, Jenna",Bernard K. Schroeder,WC,2020,7,10,192,3,26,,120,,,Complete,San Juan River,San Juan River,,Coastal,48.55631659,-124.4145,BKSC,FR-8122,25,0.75,225,Incoming,227,119,225,225,177,179,77,177,177,,326,206,224,1,30,5:26:00
WC20010032,"Cragg, Jenna",Bernard K. Schroeder,WC,2020,7,12,194,3,26,,120,,,Complete,Kelsey Bay,Kelsey Bay,Shore,Coastal,50.39423958,-125.9553696,BKSC,FR-8122,25,0.75,112,Incoming,125,54,112,,95,103,35,95,,,326,206,111,1,30,5:26:00
WC20010033,"Cragg, Jenna",Bernard K. Schroeder,WC,2020,7,13,195,3,27,,120,,,Complete,Kelsey Bay,Kelsey Bay,Shore,Coastal,50.39423958,-125.9553696,BKSC,FR-8122,25,0.75,157,Incoming,160,52,157,157,120,122,45,120,120,,327,207,138,19,30,5:27:00
WC20010034,"Cragg, Jenna",Bernard K. Schroeder,WC,2020,7,14,196,3,33,,120,,,Complete,Zeballos,Zeballos Inlet,Shore,Coastal,49.97869037,-126.8450067,BKSC,FR-8122,25,0.75,179,Incoming,182,84,179,,153,155,56,153,,,333,213,158,21,30,5:33:00
WC20010035,"Cragg, Jenna",Bernard K. Schroeder,WC,2020,7,15,197,3,33,,120,,,Complete,Gold River,Gold River,Shore,Coastal,49.6790398,-126.117083,BKSC,FR-8122,25,0.75,105,Incoming,108,24,105,,90,92,19,90,,,333,213,85,20,30,5:33:00
WC20010036,"Cragg, Jenna",Bernard K. Schroeder,WC,2020,7,16,198,3,31,,123,,,Complete,Gold River,Gold River,Shore,Coastal,49.6790398,-126.117083,BKSC,FR-8122,25,0.75,98,Incoming,107,7,98,,80,84,5,80,,,334,211,98,,,5:34:00
WC20010037,"Cragg, Jenna",Bernard K. Schroeder,WC,2020,7,17,199,3,36,,120,,,Complete,Sucwoa R./Canton Ck,Sucwoa R./Canton Ck,Shore,Coastal,49.79228676,-126.4904654,BKSC,FR-8122,25,0.75,136,Incoming,145,51,136,,97,102,35,97,,,336,216,129,7,30,5:36:00
WC20010038,"Cragg, Jenna",Bernard K. Schroeder,WC,2020,7,18,200,3,37,,120,,,Complete,Sucwoa R./Canton Ck,Sucwoa R./Canton Ck,Shore,Coastal,49.79228676,-126.4904654,BKSC,FR-8122,25,0.75,120,Incoming,122,48,120,,87,88,32,87,,,337,217,111,9,30,5:37:00
WC20010039,"Cragg, Jenna",Bernard K. Schroeder,WC,2020,7,19,201,3,38,,120,,,Complete,Tahsis,Tahsis Govt Dock,Shore,Coastal,49.91171161,-126.661572,BKSC,FR-8122,25,0.75,74,Incoming,75,44,74,,69,70,35,69,,,338,218,74,1,30,5:38:00
WC20010040,"Cragg, Jenna",Bernard K. Schroeder,WC,2020,7,20,202,3,37,,123,,,Complete,Tahsis,Tahsis Govt Dock,Shore,Coastal,49.91171161,-126.661572,BKSC,FR-8122,25,0.75,77,Incoming,77,59,77,,63,63,42,63,,,340,217,71,6,33,5:40:00
WC21010001,"Schroeder, Bernard",Bernard K. Schroeder,WC,2021,5,31,151,3,20,,120,,,Complete,San Juan River,San Juan River,,Coastal,48.55634,-124.41446,BKSC,FR-8122,25,0.75,51,Outgoing,39,51,35,,45,34,45,33,,PARK AT BRIDGEMAN'S MARINA BESIDE HELI PAD,320,200,35,,,5:20:00
WC21010002,"Schroeder, Bernard",Bernard K. Schroeder,WC,2021,5,31,151,3,21,,120,,,Complete,Gordon River,Gordon River,Shore,Coastal,48.57629,-124.41287,BKSC,FR-8122,25,0.75,260,Incoming,265,103,260,,230,233,79,230,,SHORE LOCATION FROM OPEN CAMPSITE AT PACHEEDAHT CAMPGROUND,321,201,245,15,30,5:21:00
WC21010003,"Schroeder, Bernard",Bernard K. Schroeder,WC,2021,6,1,152,3,20,,120,,,Complete,San Juan River,San Juan River,,Coastal,48.55634,-124.41446,BKSC,FR-8122,25,0.75,66,Outgoing,34,66,34,66,55,33,55,33,55,PARK AT BRIDGEMAN'S MARINA BESIDE HELI PAD,320,200,32,2,30,5:20:00
WC21010004,"Schroeder, Bernard",Bernard K. Schroeder,WC,2021,6,1,152,3,21,,120,,,Complete,Gordon River,Gordon River,Shore,Coastal,48.57629,-124.41287,BKSC,FR-8122,25,0.75,261,Incoming,269,112,261,,226,231,87,226,,SHORE LOCATION FROM OPEN CAMPSITE AT PACHEEDAHT CAMPGROUND,321,201,248,13,30,5:21:00
WC21010005,"Schroeder, Bernard",Bernard K. Schroeder,WC,2021,6,2,153,3,19,,120,,,Complete,Tsitika River,Tsitika River,,Inland,50.42078,-126.58014,BKSC,FR-8122,25,0.75,354,Incoming,359,95,354,354,333,337,77,333,333,STATION AT END OF MAINLINE STILL GOOD VIEWSCAPE WITH GROWING YOUNG TREES PROVIDING A GOOD RADAR FENCE AT PRESENT,319,199,350,4,30,5:19:00
WC21010006,"Schroeder, Bernard",Bernard K. Schroeder,WC,2021,6,3,154,3,18,,120,,,Complete,Tsitika River,Tsitika River,,Inland,50.42078,-126.58014,BKSC,FR-8122,25,0.75,264,Incoming,301,116,264,,246,273,85,246,,STATION AT END OF MAINLINE STILL GOOD VIEWSCAPE WITH GROWING YOUNG TREES PROVIDING A GOOD RADAR FENCE AT PRESENT,318,198,264,,,5:18:00
WC21010007,"Schroeder, Bernard",Bernard K. Schroeder,WC,2021,6,3,154,3,19,,120,,,Complete,Nitinat,Nitinat Camp (Nitinat River),Shore,Inland,48.80464,-124.68076,BKSC,FR-8122,25,0.75,101,Incoming,107,47,101,101,72,77,33,72,72,SURVEY FROM BEACH AT CAMPGROUND DUE TO VILLAGE BOAT RAMP ACCESS RESTRICTIONS SDUE TO COVID,319,199,96,5,30,5:19:00
WC21010008,"Schroeder, Bernard",Bernard K. Schroeder,WC,2021,6,4,155,3,20,180,120,0,,Complete,Zeballos,Zeballos Inlet,Shore,Coastal,49.979,-126.84484,BKSC,FR-8122,25,0.75,175,Incoming,181,106,175,175,143,147,77,143,160,AT BENCH AT SIDE OF LOT/INLET NEAR ENTRANCE TO GOVT PIER,320,200,173,2,30,5:20:00
WC21010009,"Schroeder, Bernard",Bernard K. Schroeder,WC,2021,6,4,155,3,21,,120,,,Complete,Tahsis,Tahsis,Shore,Coastal,49.9114,-126.66249,BKSC,FR-8122,25,0.75,33,Outgoing,27,33,27,33,29,24,29,24,29,DRIVE TO EDGE OF OLD GOV'T PIER; PARK AT CONCRETE BARRIER TO SURVEY,321,201,22,5,30,5:21:00
WC21010010,"Schroeder, Bernard",Bernard K. Schroeder,WC,2021,6,5,156,3,20,69,120,67,,Complete,Zeballos,Zeballos Inlet,Shore,Coastal,49.979,-126.84484,BKSC,FR-8122,25,0.75,175,Incoming,188,31,175,175,160,171,27,160,160,AT BENCH AT SIDE OF LOT/INLET NEAR ENTRANCE TO GOVT PIER,320,200,171,3,30,5:20:00
WC21010011,"Schroeder, Bernard",Bernard K. Schroeder,WC,2021,6,5,156,3,21,,120,,,Incomplete,Tahsis,Tahsis,Shore,Coastal,49.9114,-126.66249,BKSC,FR-8122,25,0.75,0,,0,0,0,,0,0,0,0,,DRIVE TO EDGE OF OLD GOV'T PIER; PARK AT CONCRETE BARRIER TO SURVEY,321,201,,,,5:21:00
WC21010012,"Schroeder, Bernard",Bernard K. Schroeder,WC,2021,7,20,201,3,36,,120,,,Complete,Gordon River,Gordon River,Shore,Coastal,48.57629,-124.41287,BKSC,FR-8122,25,0.75,326,Incoming,347,87,326,326,271,286,58,271,271,SHORE LOCATION FROM OPEN CAMPSITE AT PACHEEDAHT CAMPGROUND,336,216,320,6,30,5:36:00
WC21010013,"Schroeder, Bernard",Bernard K. Schroeder,WC,2021,7,21,202,3,39,,120,,,Complete,Pachena Bay,Pachena Bay,Shore,Coastal,48.79636,-125.12462,BKSC,FR-8122,25,0.75,66,Incoming,66,61,66,66,53,53,45,53,53,HAVE TO FIND CAMPSITE WITH BEACH ACCESS IN ORDER TO SURVEY; TAKE RADAR OFF TRUCK; CAMPSITE A14 AND A31 WORK,339,219,55,11,30,5:39:00
WC21010014,"Schroeder, Bernard",Bernard K. Schroeder,WC,2021,7,22,203,3,40,,120,,,Complete,Pachena Bay,Pachena Bay,Shore,Coastal,48.79636,-125.12462,BKSC,FR-8122,25,0.75,60,Outgoing,50,60,48,,43,41,43,39,,HAVE TO FIND CAMPSITE WITH BEACH ACCESS IN ORDER TO SURVEY; TAKE RADAR OFF TRUCK; CAMPSITE A14 AND A31 WORK,340,220,48,,,5:40:00
WC21010015,"Schroeder, Bernard",Bernard K. Schroeder,WC,2021,7,23,204,3,40,,120,,,Complete,San Juan River,San Juan River,,Coastal,48.55634,-124.41446,BKSC,FR-8122,25,0.75,12,Outgoing,1,12,1,,9,1,9,1,,PARK AT BRIDGEMAN'S MARINA BESIDE HELI PAD,340,220,1,,,5:40:00
WC21010016,"Schroeder, Bernard",Bernard K. Schroeder,WC,2021,7,23,204,3,41,,120,,,Complete,Pachena Bay,Pachena Bay,Shore,Coastal,48.79636,-125.12462,BKSC,FR-8122,25,0.75,66,Outgoing,35,66,29,66,42,31,42,26,53,HAVE TO FIND CAMPSITE WITH BEACH ACCESS IN ORDER TO SURVEY; TAKE RADAR OFF TRUCK; CAMPSITE A14 AND A31 WORK,341,221,28,1,30,5:41:00
WC21010017,"Schroeder, Bernard",Bernard K. Schroeder,WC,2021,7,24,205,3,42,,120,,,Complete,Tsitika River,Tsitika River,,Inland,50.42078,-126.58014,BKSC,FR-8122,25,0.75,120,Incoming,160,78,120,,90,115,49,90,,STATION AT END OF MAINLINE STILL GOOD VIEWSCAPE WITH GROWING YOUNG TREES PROVIDING A GOOD RADAR FENCE AT PRESENT,342,222,120,,,5:42:00
WC21010018,"Schroeder, Bernard",Bernard K. Schroeder,WC,2021,7,25,206,3,46,,120,,,Complete,Tahsis,Tahsis,Shore,Coastal,49.9114,-126.66249,BKSC,FR-8122,25,0.75,13,Outgoing,9,13,9,,12,7,12,7,,DRIVE TO EDGE OF OLD GOV'T PIER; PARK AT CONCRETE BARRIER TO SURVEY,346,226,7,2,30,5:46:00
WC21010019,"Schroeder, Bernard",Bernard K. Schroeder,WC,2021,7,25,206,3,46,180,120,0,,Complete,Zeballos,Zeballos Inlet,Shore,Coastal,49.979,-126.84484,BKSC,FR-8122,25,0.75,92,Incoming,95,49,92,,72,75,34,72,,AT BENCH AT SIDE OF LOT/INLET NEAR ENTRANCE TO GOVT PIER,346,226,89,3,30,5:46:00
WC21010020,"Schroeder, Bernard",Bernard K. Schroeder,WC,2021,7,26,207,3,47,,120,,,Complete,Tahsis,Tahsis,Shore,Coastal,49.9114,-126.66249,BKSC,FR-8122,25,0.75,19,Outgoing,9,19,9,,16,8,16,8,,DRIVE TO EDGE OF OLD GOV'T PIER; PARK AT CONCRETE BARRIER TO SURVEY,347,227,9,,,5:47:00
WC21010021,"Schroeder, Bernard",Bernard K. Schroeder,WC,2021,7,26,207,3,47,149,120,31,,Complete,Zeballos,Zeballos Inlet,Shore,Coastal,49.979,-126.84484,BKSC,FR-8122,25,0.75,101,Incoming,114,38,101,,83,94,26,83,,AT BENCH AT SIDE OF LOT/INLET NEAR ENTRANCE TO GOVT PIER,347,227,99,2,30,5:47:00
WC22010001,"Schroeder, Bernard",Bernard K. Schroeder,WC,2022,6,12,163,3,15,,120,,,Complete,Nitinat,Nitinat Village (Nitinat River),Shore,Inland,48.80851,-124.67542,BKSC,FR-8122,25,0.75,62,Outgoing,42,62,36,62,48,35,48,29,48,Count Reliability - LOW,315,195,36,4,30,5:15:00
WC22010002,"Schroeder, Bernard",Bernard K. Schroeder,WC,2022,6,12,163,3,16,,120,,,Complete,Toquart,Toquart 4,Shore,Coastal,49.02221,-125.36074,BKSC,FR-8122,25,0.75,309,Incoming,315,230,309,,264,269,169,264,,Count Reliability - HIGH,316,196,298,11,30,5:16:00
WC22010003,"Schroeder, Bernard",Bernard K. Schroeder,WC,2022,6,13,164,3,16,,120,,,Complete,Pachena Bay,Pachena Bay,Shore,Coastal,48.79636,-125.12462,BKSC,FR-8122,25,0.75,38,Incoming,39,29,38,38,35,36,26,35,36,Count Reliability - HIGH,316,196,34,4,30,5:16:00
WC22010004,"Schroeder, Bernard",Bernard K. Schroeder,WC,2022,6,13,164,3,16,,120,,,Complete,Toquart,Toquart 4,Shore,Coastal,49.02221,-125.36074,BKSC,FR-8122,25,0.75,368,Incoming,385,251,368,,299,312,173,299,,Count Reliability - HIGH,316,196,349,19,30,5:16:00
WC22010005,"Schroeder, Bernard",Bernard K. Schroeder,WC,2022,6,14,165,3,16,,120,,,Complete,Gordon River,Gordon River,Shore,Coastal,48.57613,-124.41245,BKSC,FR-8122,25,0.75,236,Incoming,243,82,236,,206,210,64,206,,Count Reliability - HIGH,316,196,222,14,30,5:16:00
WC22010006,"Schroeder, Bernard",Bernard K. Schroeder,WC,2022,6,14,165,3,16,,120,,,Complete,Pachena Bay,Pachena Bay,Shore,Coastal,48.79636,-125.12462,BKSC,FR-8122,25,0.75,37,Incoming,40,31,37,,36,38,25,36,,Count Reliability - HIGH,316,196,34,3,30,5:16:00
WC22010007,"Schroeder, Bernard",Bernard K. Schroeder,WC,2022,6,15,166,3,14,,120,,,Complete,Gordon River,Gordon River,Shore,Coastal,48.57613,-124.41245,BKSC,FR-8122,25,0.75,278,Incoming,302,125,278,,234,248,90,234,,Count Reliability - HIGH,314,194,269,9,30,5:14:00
WC22010008,"Schroeder, Bernard",Bernard K. Schroeder,WC,2022,6,17,168,3,14,,120,,,Complete,Gordon River,Gordon River,Shore,Coastal,48.57613,-124.41245,BKSC,FR-8122,25,0.75,314,Incoming,334,132,314,314,266,280,88,266,266,Count Reliability - HIGH,314,194,302,12,30,5:14:00
WC22010009,"Schroeder, Bernard",Bernard K. Schroeder,WC,2022,6,18,169,3,16,,120,,,Complete,Toquart,Toquart 4,Shore,Coastal,49.02221,-125.36074,BKSC,FR-8122,25,0.75,499,Incoming,574,181,499,499,454,508,141,454,454,Count Reliability - HIGH,316,196,476,23,30,5:16:00
WC22010010,"Schroeder, Bernard",Bernard K. Schroeder,WC,2022,7,2,183,3,25,,120,,,Complete,Klaskish,Klaskish 2,Shore,Coastal,50.23309,-127.76952,BKSC,FR-8122,25,0.75,233,Incoming,242,92,233,,214,221,73,214,,Count Reliability - HIGH,325,205,215,18,30,5:25:00
WC22010011,"Schroeder, Bernard",Bernard K. Schroeder,WC,2022,7,3,184,3,25,,120,,,Complete,Klaskish,Klaskish 2,Shore,Coastal,50.23309,-127.76952,BKSC,FR-8122,25,0.75,283,Incoming,309,78,283,283,247,268,61,247,247,Count Reliability - HIGH,325,205,281,2,30,5:25:00
WC22010012,"Schroeder, Bernard",Bernard K. Schroeder,WC,2022,7,4,185,3,25,,120,,,Complete,Power,Power 2,Shore,Coastal,50.1758,-127.47253,BKSC,FR-8122,25,0.75,218,Outgoing,177,218,135,,156,152,156,122,,Count Reliability - LOW,325,205,121,14,30,5:25:00
WC22010013,"Schroeder, Bernard",Bernard K. Schroeder,WC,2022,7,5,186,3,26,,120,,,Complete,Power,Power 2,Shore,Coastal,50.1758,-127.47253,BKSC,FR-8122,25,0.75,454,Incoming,464,289,454,454,417,426,239,417,417,Count Reliability - HIGH,326,206,442,12,30,5:26:00
WC22010014,"Schroeder, Bernard",Bernard K. Schroeder,WC,2022,7,6,187,3,25,,120,,,Complete,Tahsish Inlet,Tahsish,Shore,Coastal,50.13514,-127.10241,BKSC,FR-8122,25,0.75,316,Incoming,330,108,316,,275,287,89,275,,Count Reliability - HIGH,325,205,316,,,5:25:00
WC22010015,"Schroeder, Bernard",Bernard K. Schroeder,WC,2022,7,7,188,3,26,,120,,,Complete,Tahsish Inlet,Tahsish,Shore,Coastal,50.13514,-127.10241,BKSC,FR-8122,25,0.75,402,Incoming,459,200,402,402,343,381,159,343,343,Count Reliability - HIGH,326,206,372,30,30,5:26:00
WC22010016,"Schroeder, Bernard",Bernard K. Schroeder,WC,2022,7,8,189,3,26,,123,,,Complete,Nasparti,Nasparti,Shore,Coastal,50.18455,-127.61658,BKSC,FR-8122,25,0.75,141,Incoming,145,56,141,,134,137,48,134,,Count Reliability - HIGH,329,206,140,1,33,5:29:00
WC22010017,"Schroeder, Bernard",Bernard K. Schroeder,WC,2022,7,9,190,3,28,,122,,,Complete,Nasparti,Nasparti,Shore,Coastal,50.18455,-127.61658,BKSC,FR-8122,25,0.75,164,Incoming,164,62,164,164,151,151,52,151,151,Count Reliability - HIGH,330,208,162,2,32,5:30:00
WC22010018,"Schroeder, Bernard",Bernard K. Schroeder,WC,2022,7,10,191,3,30,,121,,,Complete,Klaskish,Klaskish 2,Shore,Coastal,50.23309,-127.76952,BKSC,FR-8122,25,0.75,117,Incoming,117,9,117,,105,105,7,105,,Count Reliability - LOW,331,210,117,,,5:31:00
WC22010019,"Schroeder, Bernard",Bernard K. Schroeder,WC,2022,7,11,192,3,32,,120,,,Complete,Klaskish,Klaskish 2,Shore,Coastal,50.23309,-127.76952,BKSC,FR-8122,25,0.75,274,Incoming,291,122,274,,218,229,86,218,,Count Reliability - HIGH,332,212,273,1,30,5:32:00
WC22010020,"Schroeder, Bernard",Bernard K. Schroeder,WC,2022,7,12,193,3,32,,120,,,Complete,Power,Power 2,Shore,Coastal,50.1758,-127.47253,BKSC,FR-8122,25,0.75,338,Incoming,364,275,338,,316,339,204,316,,Count Reliability - HIGH,332,212,337,1,30,5:32:00
WC22010021,"Schroeder, Bernard",Bernard K. Schroeder,WC,2022,7,13,194,3,33,,120,,,Complete,Power,Power 2,Shore,Coastal,50.1758,-127.47253,BKSC,FR-8122,25,0.75,366,Incoming,386,249,366,,322,339,181,322,,Count Reliability - HIGH,333,213,358,8,30,5:33:00
WC22010022,"Schroeder, Bernard",Bernard K. Schroeder,WC,2022,7,14,195,3,33,,120,,,Complete,Tahsish Inlet,Tahsish,Shore,Coastal,50.13514,-127.10241,BKSC,FR-8122,25,0.75,192,Incoming,219,18,192,,176,201,17,176,,Count Reliability - LOW,333,213,187,5,30,5:33:00
WC22010023,"Schroeder, Bernard",Bernard K. Schroeder,WC,2022,7,15,196,3,34,,120,,,Complete,Tahsish Inlet,Tahsish,Shore,Coastal,50.13514,-127.10241,BKSC,FR-8122,25,0.75,5,Incoming,5,2,5,,4,4,2,4,,Count Reliability - NIL,334,214,,5,30,5:34:00
WC22010024,"Schroeder, Bernard",Bernard K. Schroeder,WC,2022,7,16,197,3,35,,120,,,Complete,Tahsish Inlet,Tahsish,Shore,Coastal,50.13514,-127.10241,BKSC,FR-8122,25,0.75,148,Incoming,163,39,148,,141,154,27,141,,Count Reliability - LOW,335,215,145,3,30,5:35:00
WC22010025,"Schroeder, Bernard",Bernard K. Schroeder,WC,2022,7,17,198,3,36,,120,,,Complete,Tahsish Inlet,Tahsish,Shore,Coastal,50.13514,-127.10241,BKSC,FR-8122,25,0.75,137,Incoming,146,77,137,,126,135,65,126,,Count Reliability - HIGH,336,216,135,2,30,5:36:00
WC22010026,"Schroeder, Bernard",Bernard K. Schroeder,WC,2022,7,18,199,3,35,,124,,,Complete,Nasparti,Nasparti,Shore,Coastal,50.18455,-127.61658,BKSC,FR-8122,25,0.75,152,Incoming,159,88,152,,140,145,71,140,,Count Reliability - HIGH,339,215,149,3,34,5:39:00
WC22010027,"Schroeder, Bernard",Bernard K. Schroeder,WC,2022,7,28,209,3,46,,120,,,Complete,Nitinat,Nitinat Village (Nitinat River),Shore,Inland,48.80851,-124.67542,BKSC,FR-8122,25,0.75,38,Outgoing,26,38,18,,33,22,33,15,,Count Reliability - HIGH,346,226,17,1,30,5:46:00
WC22010028,"Schroeder, Bernard",Bernard K. Schroeder,WC,2022,7,29,210,3,47,,120,,,Complete,Nitinat,Nitinat Village (Nitinat River),Shore,Inland,48.80851,-124.67542,BKSC,FR-8122,25,0.75,36,Incoming,43,32,36,,34,39,27,34,,Count Reliability - HIGH,347,227,35,1,30,5:47:00
